ISO-10303-21;
HEADER;
/* Generated by software containing ST-Developer
 * from STEP Tools, Inc. (www.steptools.com) 
 */

FILE_DESCRIPTION(
/* description */ (''),
/* implementation_level */ '2;1');

FILE_NAME(
/* name */ '9PadTop.step',
/* time_stamp */ '2026-01-10T19:27:49-08:00',
/* author */ (''),
/* organization */ (''),
/* preprocessor_version */ 'ST-DEVELOPER v20.1',
/* originating_system */ 'Autodesk Translation Framework v14.21.0.0',
/* authorisation */ '');

FILE_SCHEMA (('AUTOMOTIVE_DESIGN { 1 0 10303 214 3 1 1 }'));
ENDSEC;

DATA;
#10=MECHANICAL_DESIGN_GEOMETRIC_PRESENTATION_REPRESENTATION('',(#13),#3134);
#11=SHAPE_REPRESENTATION_RELATIONSHIP('SRR','None',#3141,#12);
#12=ADVANCED_BREP_SHAPE_REPRESENTATION('',(#14),#3133);
#13=STYLED_ITEM('',(#3150),#14);
#14=MANIFOLD_SOLID_BREP('Body1',#1858);
#15=FACE_BOUND('',#183,.T.);
#16=FACE_BOUND('',#184,.T.);
#17=FACE_BOUND('',#185,.T.);
#18=FACE_BOUND('',#186,.T.);
#19=FACE_BOUND('',#187,.T.);
#20=FACE_BOUND('',#188,.T.);
#21=FACE_BOUND('',#189,.T.);
#22=FACE_BOUND('',#190,.T.);
#23=FACE_BOUND('',#191,.T.);
#24=FACE_BOUND('',#192,.T.);
#25=FACE_BOUND('',#193,.T.);
#26=FACE_BOUND('',#194,.T.);
#27=FACE_BOUND('',#195,.T.);
#28=FACE_BOUND('',#196,.T.);
#29=FACE_BOUND('',#285,.T.);
#30=FACE_BOUND('',#286,.T.);
#31=FACE_BOUND('',#287,.T.);
#32=FACE_BOUND('',#288,.T.);
#33=FACE_BOUND('',#289,.T.);
#34=FACE_BOUND('',#290,.T.);
#35=FACE_BOUND('',#291,.T.);
#36=FACE_BOUND('',#292,.T.);
#37=FACE_BOUND('',#293,.T.);
#38=FACE_BOUND('',#294,.T.);
#39=FACE_BOUND('',#295,.T.);
#40=FACE_BOUND('',#296,.T.);
#41=FACE_BOUND('',#297,.T.);
#42=FACE_BOUND('',#298,.T.);
#43=PLANE('',#1875);
#44=PLANE('',#1876);
#45=PLANE('',#1923);
#46=PLANE('',#1928);
#47=PLANE('',#1929);
#48=PLANE('',#1932);
#49=PLANE('',#1935);
#50=PLANE('',#1938);
#51=PLANE('',#1945);
#52=PLANE('',#1948);
#53=PLANE('',#1951);
#54=PLANE('',#1954);
#55=PLANE('',#1961);
#56=PLANE('',#1964);
#57=PLANE('',#1967);
#58=PLANE('',#1970);
#59=PLANE('',#1973);
#60=PLANE('',#1976);
#61=PLANE('',#1979);
#62=PLANE('',#1982);
#63=PLANE('',#1985);
#64=PLANE('',#1988);
#65=PLANE('',#1991);
#66=PLANE('',#1994);
#67=PLANE('',#1997);
#68=PLANE('',#2000);
#69=PLANE('',#2003);
#70=PLANE('',#2006);
#71=PLANE('',#2009);
#72=PLANE('',#2012);
#73=PLANE('',#2015);
#74=PLANE('',#2018);
#75=PLANE('',#2021);
#76=PLANE('',#2024);
#77=PLANE('',#2027);
#78=PLANE('',#2030);
#79=PLANE('',#2035);
#80=PLANE('',#2038);
#81=PLANE('',#2041);
#82=PLANE('',#2044);
#83=PLANE('',#2047);
#84=PLANE('',#2048);
#85=PLANE('',#2049);
#86=PLANE('',#2050);
#87=PLANE('',#2051);
#88=PLANE('',#2052);
#89=FACE_OUTER_BOUND('',#180,.T.);
#90=FACE_OUTER_BOUND('',#181,.T.);
#91=FACE_OUTER_BOUND('',#182,.T.);
#92=FACE_OUTER_BOUND('',#197,.T.);
#93=FACE_OUTER_BOUND('',#198,.T.);
#94=FACE_OUTER_BOUND('',#199,.T.);
#95=FACE_OUTER_BOUND('',#200,.T.);
#96=FACE_OUTER_BOUND('',#201,.T.);
#97=FACE_OUTER_BOUND('',#202,.T.);
#98=FACE_OUTER_BOUND('',#203,.T.);
#99=FACE_OUTER_BOUND('',#204,.T.);
#100=FACE_OUTER_BOUND('',#205,.T.);
#101=FACE_OUTER_BOUND('',#206,.T.);
#102=FACE_OUTER_BOUND('',#207,.T.);
#103=FACE_OUTER_BOUND('',#208,.T.);
#104=FACE_OUTER_BOUND('',#209,.T.);
#105=FACE_OUTER_BOUND('',#210,.T.);
#106=FACE_OUTER_BOUND('',#211,.T.);
#107=FACE_OUTER_BOUND('',#212,.T.);
#108=FACE_OUTER_BOUND('',#213,.T.);
#109=FACE_OUTER_BOUND('',#214,.T.);
#110=FACE_OUTER_BOUND('',#215,.T.);
#111=FACE_OUTER_BOUND('',#216,.T.);
#112=FACE_OUTER_BOUND('',#217,.T.);
#113=FACE_OUTER_BOUND('',#218,.T.);
#114=FACE_OUTER_BOUND('',#219,.T.);
#115=FACE_OUTER_BOUND('',#220,.T.);
#116=FACE_OUTER_BOUND('',#221,.T.);
#117=FACE_OUTER_BOUND('',#222,.T.);
#118=FACE_OUTER_BOUND('',#223,.T.);
#119=FACE_OUTER_BOUND('',#224,.T.);
#120=FACE_OUTER_BOUND('',#225,.T.);
#121=FACE_OUTER_BOUND('',#226,.T.);
#122=FACE_OUTER_BOUND('',#227,.T.);
#123=FACE_OUTER_BOUND('',#228,.T.);
#124=FACE_OUTER_BOUND('',#229,.T.);
#125=FACE_OUTER_BOUND('',#230,.T.);
#126=FACE_OUTER_BOUND('',#231,.T.);
#127=FACE_OUTER_BOUND('',#232,.T.);
#128=FACE_OUTER_BOUND('',#233,.T.);
#129=FACE_OUTER_BOUND('',#234,.T.);
#130=FACE_OUTER_BOUND('',#235,.T.);
#131=FACE_OUTER_BOUND('',#236,.T.);
#132=FACE_OUTER_BOUND('',#237,.T.);
#133=FACE_OUTER_BOUND('',#238,.T.);
#134=FACE_OUTER_BOUND('',#239,.T.);
#135=FACE_OUTER_BOUND('',#240,.T.);
#136=FACE_OUTER_BOUND('',#241,.T.);
#137=FACE_OUTER_BOUND('',#242,.T.);
#138=FACE_OUTER_BOUND('',#243,.T.);
#139=FACE_OUTER_BOUND('',#244,.T.);
#140=FACE_OUTER_BOUND('',#245,.T.);
#141=FACE_OUTER_BOUND('',#246,.T.);
#142=FACE_OUTER_BOUND('',#247,.T.);
#143=FACE_OUTER_BOUND('',#248,.T.);
#144=FACE_OUTER_BOUND('',#249,.T.);
#145=FACE_OUTER_BOUND('',#250,.T.);
#146=FACE_OUTER_BOUND('',#251,.T.);
#147=FACE_OUTER_BOUND('',#252,.T.);
#148=FACE_OUTER_BOUND('',#253,.T.);
#149=FACE_OUTER_BOUND('',#254,.T.);
#150=FACE_OUTER_BOUND('',#255,.T.);
#151=FACE_OUTER_BOUND('',#256,.T.);
#152=FACE_OUTER_BOUND('',#257,.T.);
#153=FACE_OUTER_BOUND('',#258,.T.);
#154=FACE_OUTER_BOUND('',#259,.T.);
#155=FACE_OUTER_BOUND('',#260,.T.);
#156=FACE_OUTER_BOUND('',#261,.T.);
#157=FACE_OUTER_BOUND('',#262,.T.);
#158=FACE_OUTER_BOUND('',#263,.T.);
#159=FACE_OUTER_BOUND('',#264,.T.);
#160=FACE_OUTER_BOUND('',#265,.T.);
#161=FACE_OUTER_BOUND('',#266,.T.);
#162=FACE_OUTER_BOUND('',#267,.T.);
#163=FACE_OUTER_BOUND('',#268,.T.);
#164=FACE_OUTER_BOUND('',#269,.T.);
#165=FACE_OUTER_BOUND('',#270,.T.);
#166=FACE_OUTER_BOUND('',#271,.T.);
#167=FACE_OUTER_BOUND('',#272,.T.);
#168=FACE_OUTER_BOUND('',#273,.T.);
#169=FACE_OUTER_BOUND('',#274,.T.);
#170=FACE_OUTER_BOUND('',#275,.T.);
#171=FACE_OUTER_BOUND('',#276,.T.);
#172=FACE_OUTER_BOUND('',#277,.T.);
#173=FACE_OUTER_BOUND('',#278,.T.);
#174=FACE_OUTER_BOUND('',#279,.T.);
#175=FACE_OUTER_BOUND('',#280,.T.);
#176=FACE_OUTER_BOUND('',#281,.T.);
#177=FACE_OUTER_BOUND('',#282,.T.);
#178=FACE_OUTER_BOUND('',#283,.T.);
#179=FACE_OUTER_BOUND('',#284,.T.);
#180=EDGE_LOOP('',(#1188,#1189,#1190,#1191));
#181=EDGE_LOOP('',(#1192,#1193,#1194,#1195));
#182=EDGE_LOOP('',(#1196,#1197,#1198,#1199,#1200,#1201,#1202,#1203,#1204,
#1205,#1206,#1207));
#183=EDGE_LOOP('',(#1208,#1209,#1210,#1211,#1212,#1213,#1214,#1215));
#184=EDGE_LOOP('',(#1216));
#185=EDGE_LOOP('',(#1217,#1218,#1219,#1220,#1221,#1222,#1223,#1224));
#186=EDGE_LOOP('',(#1225,#1226,#1227,#1228,#1229,#1230,#1231,#1232));
#187=EDGE_LOOP('',(#1233,#1234,#1235,#1236,#1237,#1238,#1239,#1240));
#188=EDGE_LOOP('',(#1241,#1242,#1243,#1244,#1245,#1246,#1247,#1248));
#189=EDGE_LOOP('',(#1249,#1250,#1251,#1252,#1253,#1254,#1255,#1256));
#190=EDGE_LOOP('',(#1257,#1258,#1259,#1260,#1261,#1262,#1263,#1264));
#191=EDGE_LOOP('',(#1265));
#192=EDGE_LOOP('',(#1266));
#193=EDGE_LOOP('',(#1267,#1268,#1269,#1270,#1271,#1272,#1273,#1274));
#194=EDGE_LOOP('',(#1275));
#195=EDGE_LOOP('',(#1276));
#196=EDGE_LOOP('',(#1277,#1278,#1279,#1280,#1281,#1282,#1283,#1284));
#197=EDGE_LOOP('',(#1285,#1286,#1287,#1288));
#198=EDGE_LOOP('',(#1289,#1290,#1291,#1292));
#199=EDGE_LOOP('',(#1293,#1294,#1295,#1296));
#200=EDGE_LOOP('',(#1297,#1298,#1299,#1300));
#201=EDGE_LOOP('',(#1301,#1302,#1303,#1304));
#202=EDGE_LOOP('',(#1305,#1306,#1307,#1308));
#203=EDGE_LOOP('',(#1309,#1310,#1311,#1312));
#204=EDGE_LOOP('',(#1313,#1314,#1315,#1316));
#205=EDGE_LOOP('',(#1317,#1318,#1319,#1320));
#206=EDGE_LOOP('',(#1321,#1322,#1323,#1324));
#207=EDGE_LOOP('',(#1325,#1326,#1327,#1328));
#208=EDGE_LOOP('',(#1329,#1330,#1331,#1332));
#209=EDGE_LOOP('',(#1333,#1334,#1335,#1336));
#210=EDGE_LOOP('',(#1337,#1338,#1339,#1340));
#211=EDGE_LOOP('',(#1341,#1342,#1343,#1344));
#212=EDGE_LOOP('',(#1345,#1346,#1347,#1348));
#213=EDGE_LOOP('',(#1349,#1350,#1351,#1352));
#214=EDGE_LOOP('',(#1353,#1354,#1355,#1356));
#215=EDGE_LOOP('',(#1357,#1358,#1359,#1360));
#216=EDGE_LOOP('',(#1361,#1362,#1363,#1364));
#217=EDGE_LOOP('',(#1365,#1366,#1367,#1368));
#218=EDGE_LOOP('',(#1369,#1370,#1371,#1372));
#219=EDGE_LOOP('',(#1373,#1374,#1375,#1376));
#220=EDGE_LOOP('',(#1377,#1378,#1379,#1380));
#221=EDGE_LOOP('',(#1381,#1382,#1383,#1384));
#222=EDGE_LOOP('',(#1385,#1386,#1387,#1388));
#223=EDGE_LOOP('',(#1389,#1390,#1391,#1392));
#224=EDGE_LOOP('',(#1393,#1394,#1395,#1396));
#225=EDGE_LOOP('',(#1397,#1398,#1399,#1400));
#226=EDGE_LOOP('',(#1401,#1402,#1403,#1404));
#227=EDGE_LOOP('',(#1405,#1406,#1407,#1408));
#228=EDGE_LOOP('',(#1409,#1410,#1411,#1412));
#229=EDGE_LOOP('',(#1413,#1414,#1415,#1416));
#230=EDGE_LOOP('',(#1417,#1418,#1419,#1420));
#231=EDGE_LOOP('',(#1421,#1422,#1423,#1424));
#232=EDGE_LOOP('',(#1425,#1426,#1427,#1428));
#233=EDGE_LOOP('',(#1429,#1430,#1431,#1432));
#234=EDGE_LOOP('',(#1433,#1434,#1435,#1436));
#235=EDGE_LOOP('',(#1437,#1438,#1439,#1440));
#236=EDGE_LOOP('',(#1441,#1442,#1443,#1444));
#237=EDGE_LOOP('',(#1445,#1446,#1447,#1448));
#238=EDGE_LOOP('',(#1449,#1450,#1451,#1452));
#239=EDGE_LOOP('',(#1453,#1454,#1455,#1456));
#240=EDGE_LOOP('',(#1457,#1458,#1459,#1460));
#241=EDGE_LOOP('',(#1461,#1462,#1463,#1464));
#242=EDGE_LOOP('',(#1465,#1466,#1467,#1468));
#243=EDGE_LOOP('',(#1469,#1470,#1471,#1472));
#244=EDGE_LOOP('',(#1473,#1474,#1475,#1476));
#245=EDGE_LOOP('',(#1477,#1478,#1479,#1480));
#246=EDGE_LOOP('',(#1481,#1482,#1483,#1484));
#247=EDGE_LOOP('',(#1485,#1486,#1487,#1488));
#248=EDGE_LOOP('',(#1489,#1490,#1491,#1492));
#249=EDGE_LOOP('',(#1493,#1494,#1495,#1496));
#250=EDGE_LOOP('',(#1497,#1498,#1499,#1500));
#251=EDGE_LOOP('',(#1501,#1502,#1503,#1504));
#252=EDGE_LOOP('',(#1505,#1506,#1507,#1508));
#253=EDGE_LOOP('',(#1509,#1510,#1511,#1512));
#254=EDGE_LOOP('',(#1513,#1514,#1515,#1516));
#255=EDGE_LOOP('',(#1517,#1518,#1519,#1520));
#256=EDGE_LOOP('',(#1521,#1522,#1523,#1524));
#257=EDGE_LOOP('',(#1525,#1526,#1527,#1528));
#258=EDGE_LOOP('',(#1529,#1530,#1531,#1532));
#259=EDGE_LOOP('',(#1533,#1534,#1535,#1536));
#260=EDGE_LOOP('',(#1537,#1538,#1539,#1540));
#261=EDGE_LOOP('',(#1541,#1542,#1543,#1544));
#262=EDGE_LOOP('',(#1545,#1546,#1547,#1548));
#263=EDGE_LOOP('',(#1549,#1550,#1551,#1552));
#264=EDGE_LOOP('',(#1553,#1554,#1555,#1556));
#265=EDGE_LOOP('',(#1557,#1558,#1559,#1560));
#266=EDGE_LOOP('',(#1561,#1562,#1563,#1564));
#267=EDGE_LOOP('',(#1565,#1566,#1567,#1568));
#268=EDGE_LOOP('',(#1569,#1570,#1571,#1572));
#269=EDGE_LOOP('',(#1573,#1574,#1575,#1576));
#270=EDGE_LOOP('',(#1577,#1578,#1579,#1580));
#271=EDGE_LOOP('',(#1581,#1582,#1583,#1584));
#272=EDGE_LOOP('',(#1585,#1586,#1587,#1588));
#273=EDGE_LOOP('',(#1589,#1590,#1591,#1592));
#274=EDGE_LOOP('',(#1593,#1594,#1595,#1596));
#275=EDGE_LOOP('',(#1597,#1598,#1599,#1600));
#276=EDGE_LOOP('',(#1601,#1602,#1603,#1604));
#277=EDGE_LOOP('',(#1605,#1606,#1607,#1608));
#278=EDGE_LOOP('',(#1609,#1610,#1611,#1612));
#279=EDGE_LOOP('',(#1613,#1614,#1615,#1616));
#280=EDGE_LOOP('',(#1617,#1618,#1619,#1620));
#281=EDGE_LOOP('',(#1621,#1622,#1623,#1624));
#282=EDGE_LOOP('',(#1625,#1626,#1627,#1628));
#283=EDGE_LOOP('',(#1629,#1630,#1631,#1632));
#284=EDGE_LOOP('',(#1633,#1634,#1635,#1636,#1637,#1638,#1639,#1640,#1641,
#1642,#1643,#1644));
#285=EDGE_LOOP('',(#1645,#1646,#1647,#1648,#1649,#1650,#1651,#1652));
#286=EDGE_LOOP('',(#1653));
#287=EDGE_LOOP('',(#1654,#1655,#1656,#1657,#1658,#1659,#1660,#1661));
#288=EDGE_LOOP('',(#1662,#1663,#1664,#1665,#1666,#1667,#1668,#1669));
#289=EDGE_LOOP('',(#1670,#1671,#1672,#1673,#1674,#1675,#1676,#1677));
#290=EDGE_LOOP('',(#1678,#1679,#1680,#1681,#1682,#1683,#1684,#1685));
#291=EDGE_LOOP('',(#1686,#1687,#1688,#1689,#1690,#1691,#1692,#1693));
#292=EDGE_LOOP('',(#1694,#1695,#1696,#1697,#1698,#1699,#1700,#1701));
#293=EDGE_LOOP('',(#1702));
#294=EDGE_LOOP('',(#1703));
#295=EDGE_LOOP('',(#1704,#1705,#1706,#1707,#1708,#1709,#1710,#1711));
#296=EDGE_LOOP('',(#1712));
#297=EDGE_LOOP('',(#1713));
#298=EDGE_LOOP('',(#1714,#1715,#1716,#1717,#1718,#1719,#1720,#1721));
#299=LINE('',#2600,#476);
#300=LINE('',#2603,#477);
#301=LINE('',#2606,#478);
#302=LINE('',#2608,#479);
#303=LINE('',#2609,#480);
#304=LINE('',#2612,#481);
#305=LINE('',#2616,#482);
#306=LINE('',#2620,#483);
#307=LINE('',#2624,#484);
#308=LINE('',#2626,#485);
#309=LINE('',#2628,#486);
#310=LINE('',#2629,#487);
#311=LINE('',#2634,#488);
#312=LINE('',#2638,#489);
#313=LINE('',#2642,#490);
#314=LINE('',#2645,#491);
#315=LINE('',#2652,#492);
#316=LINE('',#2656,#493);
#317=LINE('',#2660,#494);
#318=LINE('',#2663,#495);
#319=LINE('',#2668,#496);
#320=LINE('',#2672,#497);
#321=LINE('',#2676,#498);
#322=LINE('',#2679,#499);
#323=LINE('',#2684,#500);
#324=LINE('',#2688,#501);
#325=LINE('',#2692,#502);
#326=LINE('',#2695,#503);
#327=LINE('',#2700,#504);
#328=LINE('',#2704,#505);
#329=LINE('',#2708,#506);
#330=LINE('',#2711,#507);
#331=LINE('',#2716,#508);
#332=LINE('',#2720,#509);
#333=LINE('',#2724,#510);
#334=LINE('',#2727,#511);
#335=LINE('',#2732,#512);
#336=LINE('',#2736,#513);
#337=LINE('',#2740,#514);
#338=LINE('',#2743,#515);
#339=LINE('',#2752,#516);
#340=LINE('',#2756,#517);
#341=LINE('',#2760,#518);
#342=LINE('',#2763,#519);
#343=LINE('',#2772,#520);
#344=LINE('',#2776,#521);
#345=LINE('',#2780,#522);
#346=LINE('',#2783,#523);
#347=LINE('',#2788,#524);
#348=LINE('',#2789,#525);
#349=LINE('',#2792,#526);
#350=LINE('',#2793,#527);
#351=LINE('',#2797,#528);
#352=LINE('',#2802,#529);
#353=LINE('',#2803,#530);
#354=LINE('',#2806,#531);
#355=LINE('',#2807,#532);
#356=LINE('',#2810,#533);
#357=LINE('',#2812,#534);
#358=LINE('',#2813,#535);
#359=LINE('',#2817,#536);
#360=LINE('',#2820,#537);
#361=LINE('',#2821,#538);
#362=LINE('',#2825,#539);
#363=LINE('',#2828,#540);
#364=LINE('',#2829,#541);
#365=LINE('',#2833,#542);
#366=LINE('',#2836,#543);
#367=LINE('',#2837,#544);
#368=LINE('',#2843,#545);
#369=LINE('',#2847,#546);
#370=LINE('',#2850,#547);
#371=LINE('',#2852,#548);
#372=LINE('',#2853,#549);
#373=LINE('',#2857,#550);
#374=LINE('',#2860,#551);
#375=LINE('',#2861,#552);
#376=LINE('',#2865,#553);
#377=LINE('',#2868,#554);
#378=LINE('',#2869,#555);
#379=LINE('',#2873,#556);
#380=LINE('',#2876,#557);
#381=LINE('',#2877,#558);
#382=LINE('',#2883,#559);
#383=LINE('',#2887,#560);
#384=LINE('',#2890,#561);
#385=LINE('',#2892,#562);
#386=LINE('',#2893,#563);
#387=LINE('',#2897,#564);
#388=LINE('',#2900,#565);
#389=LINE('',#2901,#566);
#390=LINE('',#2905,#567);
#391=LINE('',#2908,#568);
#392=LINE('',#2909,#569);
#393=LINE('',#2913,#570);
#394=LINE('',#2916,#571);
#395=LINE('',#2917,#572);
#396=LINE('',#2922,#573);
#397=LINE('',#2924,#574);
#398=LINE('',#2925,#575);
#399=LINE('',#2929,#576);
#400=LINE('',#2932,#577);
#401=LINE('',#2933,#578);
#402=LINE('',#2937,#579);
#403=LINE('',#2940,#580);
#404=LINE('',#2941,#581);
#405=LINE('',#2945,#582);
#406=LINE('',#2948,#583);
#407=LINE('',#2949,#584);
#408=LINE('',#2954,#585);
#409=LINE('',#2956,#586);
#410=LINE('',#2957,#587);
#411=LINE('',#2961,#588);
#412=LINE('',#2964,#589);
#413=LINE('',#2965,#590);
#414=LINE('',#2969,#591);
#415=LINE('',#2972,#592);
#416=LINE('',#2973,#593);
#417=LINE('',#2977,#594);
#418=LINE('',#2980,#595);
#419=LINE('',#2981,#596);
#420=LINE('',#2986,#597);
#421=LINE('',#2988,#598);
#422=LINE('',#2989,#599);
#423=LINE('',#2993,#600);
#424=LINE('',#2996,#601);
#425=LINE('',#2997,#602);
#426=LINE('',#3001,#603);
#427=LINE('',#3004,#604);
#428=LINE('',#3005,#605);
#429=LINE('',#3009,#606);
#430=LINE('',#3012,#607);
#431=LINE('',#3013,#608);
#432=LINE('',#3018,#609);
#433=LINE('',#3020,#610);
#434=LINE('',#3021,#611);
#435=LINE('',#3025,#612);
#436=LINE('',#3028,#613);
#437=LINE('',#3029,#614);
#438=LINE('',#3033,#615);
#439=LINE('',#3036,#616);
#440=LINE('',#3037,#617);
#441=LINE('',#3041,#618);
#442=LINE('',#3044,#619);
#443=LINE('',#3045,#620);
#444=LINE('',#3050,#621);
#445=LINE('',#3052,#622);
#446=LINE('',#3053,#623);
#447=LINE('',#3057,#624);
#448=LINE('',#3060,#625);
#449=LINE('',#3061,#626);
#450=LINE('',#3065,#627);
#451=LINE('',#3068,#628);
#452=LINE('',#3069,#629);
#453=LINE('',#3073,#630);
#454=LINE('',#3076,#631);
#455=LINE('',#3077,#632);
#456=LINE('',#3083,#633);
#457=LINE('',#3086,#634);
#458=LINE('',#3088,#635);
#459=LINE('',#3089,#636);
#460=LINE('',#3093,#637);
#461=LINE('',#3096,#638);
#462=LINE('',#3097,#639);
#463=LINE('',#3101,#640);
#464=LINE('',#3104,#641);
#465=LINE('',#3105,#642);
#466=LINE('',#3109,#643);
#467=LINE('',#3112,#644);
#468=LINE('',#3113,#645);
#469=LINE('',#3118,#646);
#470=LINE('',#3120,#647);
#471=LINE('',#3121,#648);
#472=LINE('',#3123,#649);
#473=LINE('',#3125,#650);
#474=LINE('',#3127,#651);
#475=LINE('',#3129,#652);
#476=VECTOR('',#2059,10.);
#477=VECTOR('',#2062,10.);
#478=VECTOR('',#2065,10.);
#479=VECTOR('',#2066,10.);
#480=VECTOR('',#2067,10.);
#481=VECTOR('',#2070,10.);
#482=VECTOR('',#2073,10.);
#483=VECTOR('',#2076,10.);
#484=VECTOR('',#2079,10.);
#485=VECTOR('',#2080,10.);
#486=VECTOR('',#2081,10.);
#487=VECTOR('',#2082,10.);
#488=VECTOR('',#2085,10.);
#489=VECTOR('',#2088,10.);
#490=VECTOR('',#2091,10.);
#491=VECTOR('',#2094,10.);
#492=VECTOR('',#2099,10.);
#493=VECTOR('',#2102,10.);
#494=VECTOR('',#2105,10.);
#495=VECTOR('',#2108,10.);
#496=VECTOR('',#2111,10.);
#497=VECTOR('',#2114,10.);
#498=VECTOR('',#2117,10.);
#499=VECTOR('',#2120,10.);
#500=VECTOR('',#2123,10.);
#501=VECTOR('',#2126,10.);
#502=VECTOR('',#2129,10.);
#503=VECTOR('',#2132,10.);
#504=VECTOR('',#2135,10.);
#505=VECTOR('',#2138,10.);
#506=VECTOR('',#2141,10.);
#507=VECTOR('',#2144,10.);
#508=VECTOR('',#2147,10.);
#509=VECTOR('',#2150,10.);
#510=VECTOR('',#2153,10.);
#511=VECTOR('',#2156,10.);
#512=VECTOR('',#2159,10.);
#513=VECTOR('',#2162,10.);
#514=VECTOR('',#2165,10.);
#515=VECTOR('',#2168,10.);
#516=VECTOR('',#2175,10.);
#517=VECTOR('',#2178,10.);
#518=VECTOR('',#2181,10.);
#519=VECTOR('',#2184,10.);
#520=VECTOR('',#2191,10.);
#521=VECTOR('',#2194,10.);
#522=VECTOR('',#2197,10.);
#523=VECTOR('',#2200,10.);
#524=VECTOR('',#2205,10.);
#525=VECTOR('',#2206,10.);
#526=VECTOR('',#2209,10.);
#527=VECTOR('',#2210,10.);
#528=VECTOR('',#2215,10.);
#529=VECTOR('',#2220,10.);
#530=VECTOR('',#2221,10.);
#531=VECTOR('',#2224,10.);
#532=VECTOR('',#2225,10.);
#533=VECTOR('',#2228,10.);
#534=VECTOR('',#2229,10.);
#535=VECTOR('',#2230,10.);
#536=VECTOR('',#2235,10.);
#537=VECTOR('',#2238,10.);
#538=VECTOR('',#2239,10.);
#539=VECTOR('',#2244,10.);
#540=VECTOR('',#2247,10.);
#541=VECTOR('',#2248,10.);
#542=VECTOR('',#2253,10.);
#543=VECTOR('',#2256,10.);
#544=VECTOR('',#2257,10.);
#545=VECTOR('',#2266,1.5);
#546=VECTOR('',#2271,1.7);
#547=VECTOR('',#2274,10.);
#548=VECTOR('',#2275,10.);
#549=VECTOR('',#2276,10.);
#550=VECTOR('',#2281,10.);
#551=VECTOR('',#2284,10.);
#552=VECTOR('',#2285,10.);
#553=VECTOR('',#2290,10.);
#554=VECTOR('',#2293,10.);
#555=VECTOR('',#2294,10.);
#556=VECTOR('',#2299,10.);
#557=VECTOR('',#2302,10.);
#558=VECTOR('',#2303,10.);
#559=VECTOR('',#2312,1.7);
#560=VECTOR('',#2317,1.7);
#561=VECTOR('',#2320,10.);
#562=VECTOR('',#2321,10.);
#563=VECTOR('',#2322,10.);
#564=VECTOR('',#2327,10.);
#565=VECTOR('',#2330,10.);
#566=VECTOR('',#2331,10.);
#567=VECTOR('',#2336,10.);
#568=VECTOR('',#2339,10.);
#569=VECTOR('',#2340,10.);
#570=VECTOR('',#2345,10.);
#571=VECTOR('',#2348,10.);
#572=VECTOR('',#2349,10.);
#573=VECTOR('',#2356,10.);
#574=VECTOR('',#2357,10.);
#575=VECTOR('',#2358,10.);
#576=VECTOR('',#2363,10.);
#577=VECTOR('',#2366,10.);
#578=VECTOR('',#2367,10.);
#579=VECTOR('',#2372,10.);
#580=VECTOR('',#2375,10.);
#581=VECTOR('',#2376,10.);
#582=VECTOR('',#2381,10.);
#583=VECTOR('',#2384,10.);
#584=VECTOR('',#2385,10.);
#585=VECTOR('',#2392,10.);
#586=VECTOR('',#2393,10.);
#587=VECTOR('',#2394,10.);
#588=VECTOR('',#2399,10.);
#589=VECTOR('',#2402,10.);
#590=VECTOR('',#2403,10.);
#591=VECTOR('',#2408,10.);
#592=VECTOR('',#2411,10.);
#593=VECTOR('',#2412,10.);
#594=VECTOR('',#2417,10.);
#595=VECTOR('',#2420,10.);
#596=VECTOR('',#2421,10.);
#597=VECTOR('',#2428,10.);
#598=VECTOR('',#2429,10.);
#599=VECTOR('',#2430,10.);
#600=VECTOR('',#2435,10.);
#601=VECTOR('',#2438,10.);
#602=VECTOR('',#2439,10.);
#603=VECTOR('',#2444,10.);
#604=VECTOR('',#2447,10.);
#605=VECTOR('',#2448,10.);
#606=VECTOR('',#2453,10.);
#607=VECTOR('',#2456,10.);
#608=VECTOR('',#2457,10.);
#609=VECTOR('',#2464,10.);
#610=VECTOR('',#2465,10.);
#611=VECTOR('',#2466,10.);
#612=VECTOR('',#2471,10.);
#613=VECTOR('',#2474,10.);
#614=VECTOR('',#2475,10.);
#615=VECTOR('',#2480,10.);
#616=VECTOR('',#2483,10.);
#617=VECTOR('',#2484,10.);
#618=VECTOR('',#2489,10.);
#619=VECTOR('',#2492,10.);
#620=VECTOR('',#2493,10.);
#621=VECTOR('',#2500,10.);
#622=VECTOR('',#2501,10.);
#623=VECTOR('',#2502,10.);
#624=VECTOR('',#2507,10.);
#625=VECTOR('',#2510,10.);
#626=VECTOR('',#2511,10.);
#627=VECTOR('',#2516,10.);
#628=VECTOR('',#2519,10.);
#629=VECTOR('',#2520,10.);
#630=VECTOR('',#2525,10.);
#631=VECTOR('',#2528,10.);
#632=VECTOR('',#2529,10.);
#633=VECTOR('',#2538,1.7);
#634=VECTOR('',#2541,10.);
#635=VECTOR('',#2542,10.);
#636=VECTOR('',#2543,10.);
#637=VECTOR('',#2548,10.);
#638=VECTOR('',#2551,10.);
#639=VECTOR('',#2552,10.);
#640=VECTOR('',#2557,10.);
#641=VECTOR('',#2560,10.);
#642=VECTOR('',#2561,10.);
#643=VECTOR('',#2566,10.);
#644=VECTOR('',#2569,10.);
#645=VECTOR('',#2570,10.);
#646=VECTOR('',#2577,10.);
#647=VECTOR('',#2578,10.);
#648=VECTOR('',#2579,10.);
#649=VECTOR('',#2582,10.);
#650=VECTOR('',#2585,10.);
#651=VECTOR('',#2588,10.);
#652=VECTOR('',#2591,10.);
#653=CIRCLE('',#1873,5.);
#654=CIRCLE('',#1874,5.);
#655=CIRCLE('',#1877,5.);
#656=CIRCLE('',#1878,5.);
#657=CIRCLE('',#1879,5.);
#658=CIRCLE('',#1880,0.5);
#659=CIRCLE('',#1881,0.499999999999998);
#660=CIRCLE('',#1882,0.499999999999998);
#661=CIRCLE('',#1883,0.499999999999998);
#662=CIRCLE('',#1884,1.7);
#663=CIRCLE('',#1885,0.499999999999998);
#664=CIRCLE('',#1886,0.5);
#665=CIRCLE('',#1887,0.500000000000003);
#666=CIRCLE('',#1888,0.499999999999998);
#667=CIRCLE('',#1889,0.499999999999998);
#668=CIRCLE('',#1890,0.499999999999998);
#669=CIRCLE('',#1891,0.500000000000003);
#670=CIRCLE('',#1892,0.499999999999998);
#671=CIRCLE('',#1893,0.499999999999998);
#672=CIRCLE('',#1894,0.5);
#673=CIRCLE('',#1895,0.499999999999998);
#674=CIRCLE('',#1896,0.499999999999998);
#675=CIRCLE('',#1897,0.5);
#676=CIRCLE('',#1898,0.499999999999998);
#677=CIRCLE('',#1899,0.499999999999998);
#678=CIRCLE('',#1900,0.500000000000003);
#679=CIRCLE('',#1901,0.499999999999989);
#680=CIRCLE('',#1902,0.499999999999998);
#681=CIRCLE('',#1903,0.500000000000007);
#682=CIRCLE('',#1904,0.499999999999998);
#683=CIRCLE('',#1905,0.499999999999998);
#684=CIRCLE('',#1906,0.499999999999998);
#685=CIRCLE('',#1907,0.500000000000003);
#686=CIRCLE('',#1908,0.500000000000003);
#687=CIRCLE('',#1909,1.7);
#688=CIRCLE('',#1910,1.7);
#689=CIRCLE('',#1911,0.5);
#690=CIRCLE('',#1912,0.5);
#691=CIRCLE('',#1913,0.499999999999998);
#692=CIRCLE('',#1914,0.499999999999998);
#693=CIRCLE('',#1915,1.7);
#694=CIRCLE('',#1916,1.5);
#695=CIRCLE('',#1917,0.499999999999998);
#696=CIRCLE('',#1918,0.499999999999998);
#697=CIRCLE('',#1919,0.499999999999998);
#698=CIRCLE('',#1920,0.500000000000003);
#699=CIRCLE('',#1922,5.);
#700=CIRCLE('',#1925,5.);
#701=CIRCLE('',#1927,5.);
#702=CIRCLE('',#1931,0.499999999999998);
#703=CIRCLE('',#1934,0.499999999999998);
#704=CIRCLE('',#1937,0.500000000000003);
#705=CIRCLE('',#1940,0.499999999999998);
#706=CIRCLE('',#1942,1.5);
#707=CIRCLE('',#1944,1.7);
#708=CIRCLE('',#1947,0.5);
#709=CIRCLE('',#1950,0.499999999999998);
#710=CIRCLE('',#1953,0.499999999999998);
#711=CIRCLE('',#1956,0.5);
#712=CIRCLE('',#1958,1.7);
#713=CIRCLE('',#1960,1.7);
#714=CIRCLE('',#1963,0.499999999999998);
#715=CIRCLE('',#1966,0.500000000000003);
#716=CIRCLE('',#1969,0.500000000000003);
#717=CIRCLE('',#1972,0.499999999999998);
#718=CIRCLE('',#1975,0.499999999999998);
#719=CIRCLE('',#1978,0.500000000000007);
#720=CIRCLE('',#1981,0.499999999999998);
#721=CIRCLE('',#1984,0.499999999999989);
#722=CIRCLE('',#1987,0.499999999999998);
#723=CIRCLE('',#1990,0.499999999999998);
#724=CIRCLE('',#1993,0.500000000000003);
#725=CIRCLE('',#1996,0.5);
#726=CIRCLE('',#1999,0.5);
#727=CIRCLE('',#2002,0.499999999999998);
#728=CIRCLE('',#2005,0.499999999999998);
#729=CIRCLE('',#2008,0.499999999999998);
#730=CIRCLE('',#2011,0.499999999999998);
#731=CIRCLE('',#2014,0.500000000000003);
#732=CIRCLE('',#2017,0.499999999999998);
#733=CIRCLE('',#2020,0.499999999999998);
#734=CIRCLE('',#2023,0.5);
#735=CIRCLE('',#2026,0.500000000000003);
#736=CIRCLE('',#2029,0.499999999999998);
#737=CIRCLE('',#2032,0.499999999999998);
#738=CIRCLE('',#2034,1.7);
#739=CIRCLE('',#2037,0.499999999999998);
#740=CIRCLE('',#2040,0.499999999999998);
#741=CIRCLE('',#2043,0.499999999999998);
#742=CIRCLE('',#2046,0.5);
#743=VERTEX_POINT('',#2596);
#744=VERTEX_POINT('',#2597);
#745=VERTEX_POINT('',#2599);
#746=VERTEX_POINT('',#2601);
#747=VERTEX_POINT('',#2605);
#748=VERTEX_POINT('',#2607);
#749=VERTEX_POINT('',#2611);
#750=VERTEX_POINT('',#2613);
#751=VERTEX_POINT('',#2615);
#752=VERTEX_POINT('',#2617);
#753=VERTEX_POINT('',#2619);
#754=VERTEX_POINT('',#2621);
#755=VERTEX_POINT('',#2623);
#756=VERTEX_POINT('',#2625);
#757=VERTEX_POINT('',#2627);
#758=VERTEX_POINT('',#2630);
#759=VERTEX_POINT('',#2631);
#760=VERTEX_POINT('',#2633);
#761=VERTEX_POINT('',#2635);
#762=VERTEX_POINT('',#2637);
#763=VERTEX_POINT('',#2639);
#764=VERTEX_POINT('',#2641);
#765=VERTEX_POINT('',#2643);
#766=VERTEX_POINT('',#2646);
#767=VERTEX_POINT('',#2648);
#768=VERTEX_POINT('',#2649);
#769=VERTEX_POINT('',#2651);
#770=VERTEX_POINT('',#2653);
#771=VERTEX_POINT('',#2655);
#772=VERTEX_POINT('',#2657);
#773=VERTEX_POINT('',#2659);
#774=VERTEX_POINT('',#2661);
#775=VERTEX_POINT('',#2664);
#776=VERTEX_POINT('',#2665);
#777=VERTEX_POINT('',#2667);
#778=VERTEX_POINT('',#2669);
#779=VERTEX_POINT('',#2671);
#780=VERTEX_POINT('',#2673);
#781=VERTEX_POINT('',#2675);
#782=VERTEX_POINT('',#2677);
#783=VERTEX_POINT('',#2680);
#784=VERTEX_POINT('',#2681);
#785=VERTEX_POINT('',#2683);
#786=VERTEX_POINT('',#2685);
#787=VERTEX_POINT('',#2687);
#788=VERTEX_POINT('',#2689);
#789=VERTEX_POINT('',#2691);
#790=VERTEX_POINT('',#2693);
#791=VERTEX_POINT('',#2696);
#792=VERTEX_POINT('',#2697);
#793=VERTEX_POINT('',#2699);
#794=VERTEX_POINT('',#2701);
#795=VERTEX_POINT('',#2703);
#796=VERTEX_POINT('',#2705);
#797=VERTEX_POINT('',#2707);
#798=VERTEX_POINT('',#2709);
#799=VERTEX_POINT('',#2712);
#800=VERTEX_POINT('',#2713);
#801=VERTEX_POINT('',#2715);
#802=VERTEX_POINT('',#2717);
#803=VERTEX_POINT('',#2719);
#804=VERTEX_POINT('',#2721);
#805=VERTEX_POINT('',#2723);
#806=VERTEX_POINT('',#2725);
#807=VERTEX_POINT('',#2728);
#808=VERTEX_POINT('',#2729);
#809=VERTEX_POINT('',#2731);
#810=VERTEX_POINT('',#2733);
#811=VERTEX_POINT('',#2735);
#812=VERTEX_POINT('',#2737);
#813=VERTEX_POINT('',#2739);
#814=VERTEX_POINT('',#2741);
#815=VERTEX_POINT('',#2744);
#816=VERTEX_POINT('',#2746);
#817=VERTEX_POINT('',#2748);
#818=VERTEX_POINT('',#2749);
#819=VERTEX_POINT('',#2751);
#820=VERTEX_POINT('',#2753);
#821=VERTEX_POINT('',#2755);
#822=VERTEX_POINT('',#2757);
#823=VERTEX_POINT('',#2759);
#824=VERTEX_POINT('',#2761);
#825=VERTEX_POINT('',#2764);
#826=VERTEX_POINT('',#2766);
#827=VERTEX_POINT('',#2768);
#828=VERTEX_POINT('',#2769);
#829=VERTEX_POINT('',#2771);
#830=VERTEX_POINT('',#2773);
#831=VERTEX_POINT('',#2775);
#832=VERTEX_POINT('',#2777);
#833=VERTEX_POINT('',#2779);
#834=VERTEX_POINT('',#2781);
#835=VERTEX_POINT('',#2785);
#836=VERTEX_POINT('',#2786);
#837=VERTEX_POINT('',#2791);
#838=VERTEX_POINT('',#2795);
#839=VERTEX_POINT('',#2799);
#840=VERTEX_POINT('',#2800);
#841=VERTEX_POINT('',#2805);
#842=VERTEX_POINT('',#2809);
#843=VERTEX_POINT('',#2811);
#844=VERTEX_POINT('',#2815);
#845=VERTEX_POINT('',#2819);
#846=VERTEX_POINT('',#2823);
#847=VERTEX_POINT('',#2827);
#848=VERTEX_POINT('',#2831);
#849=VERTEX_POINT('',#2835);
#850=VERTEX_POINT('',#2841);
#851=VERTEX_POINT('',#2845);
#852=VERTEX_POINT('',#2849);
#853=VERTEX_POINT('',#2851);
#854=VERTEX_POINT('',#2855);
#855=VERTEX_POINT('',#2859);
#856=VERTEX_POINT('',#2863);
#857=VERTEX_POINT('',#2867);
#858=VERTEX_POINT('',#2871);
#859=VERTEX_POINT('',#2875);
#860=VERTEX_POINT('',#2881);
#861=VERTEX_POINT('',#2885);
#862=VERTEX_POINT('',#2889);
#863=VERTEX_POINT('',#2891);
#864=VERTEX_POINT('',#2895);
#865=VERTEX_POINT('',#2899);
#866=VERTEX_POINT('',#2903);
#867=VERTEX_POINT('',#2907);
#868=VERTEX_POINT('',#2911);
#869=VERTEX_POINT('',#2915);
#870=VERTEX_POINT('',#2921);
#871=VERTEX_POINT('',#2923);
#872=VERTEX_POINT('',#2927);
#873=VERTEX_POINT('',#2931);
#874=VERTEX_POINT('',#2935);
#875=VERTEX_POINT('',#2939);
#876=VERTEX_POINT('',#2943);
#877=VERTEX_POINT('',#2947);
#878=VERTEX_POINT('',#2953);
#879=VERTEX_POINT('',#2955);
#880=VERTEX_POINT('',#2959);
#881=VERTEX_POINT('',#2963);
#882=VERTEX_POINT('',#2967);
#883=VERTEX_POINT('',#2971);
#884=VERTEX_POINT('',#2975);
#885=VERTEX_POINT('',#2979);
#886=VERTEX_POINT('',#2985);
#887=VERTEX_POINT('',#2987);
#888=VERTEX_POINT('',#2991);
#889=VERTEX_POINT('',#2995);
#890=VERTEX_POINT('',#2999);
#891=VERTEX_POINT('',#3003);
#892=VERTEX_POINT('',#3007);
#893=VERTEX_POINT('',#3011);
#894=VERTEX_POINT('',#3017);
#895=VERTEX_POINT('',#3019);
#896=VERTEX_POINT('',#3023);
#897=VERTEX_POINT('',#3027);
#898=VERTEX_POINT('',#3031);
#899=VERTEX_POINT('',#3035);
#900=VERTEX_POINT('',#3039);
#901=VERTEX_POINT('',#3043);
#902=VERTEX_POINT('',#3049);
#903=VERTEX_POINT('',#3051);
#904=VERTEX_POINT('',#3055);
#905=VERTEX_POINT('',#3059);
#906=VERTEX_POINT('',#3063);
#907=VERTEX_POINT('',#3067);
#908=VERTEX_POINT('',#3071);
#909=VERTEX_POINT('',#3075);
#910=VERTEX_POINT('',#3081);
#911=VERTEX_POINT('',#3085);
#912=VERTEX_POINT('',#3087);
#913=VERTEX_POINT('',#3091);
#914=VERTEX_POINT('',#3095);
#915=VERTEX_POINT('',#3099);
#916=VERTEX_POINT('',#3103);
#917=VERTEX_POINT('',#3107);
#918=VERTEX_POINT('',#3111);
#919=VERTEX_POINT('',#3117);
#920=VERTEX_POINT('',#3119);
#921=EDGE_CURVE('',#743,#744,#653,.T.);
#922=EDGE_CURVE('',#744,#745,#299,.T.);
#923=EDGE_CURVE('',#745,#746,#654,.T.);
#924=EDGE_CURVE('',#746,#743,#300,.T.);
#925=EDGE_CURVE('',#746,#747,#301,.T.);
#926=EDGE_CURVE('',#747,#748,#302,.T.);
#927=EDGE_CURVE('',#743,#748,#303,.T.);
#928=EDGE_CURVE('',#749,#745,#304,.T.);
#929=EDGE_CURVE('',#750,#749,#655,.T.);
#930=EDGE_CURVE('',#751,#750,#305,.T.);
#931=EDGE_CURVE('',#752,#751,#656,.T.);
#932=EDGE_CURVE('',#753,#752,#306,.T.);
#933=EDGE_CURVE('',#754,#753,#657,.T.);
#934=EDGE_CURVE('',#755,#754,#307,.T.);
#935=EDGE_CURVE('',#756,#755,#308,.T.);
#936=EDGE_CURVE('',#757,#756,#309,.T.);
#937=EDGE_CURVE('',#747,#757,#310,.T.);
#938=EDGE_CURVE('',#758,#759,#658,.T.);
#939=EDGE_CURVE('',#760,#758,#311,.T.);
#940=EDGE_CURVE('',#761,#760,#659,.T.);
#941=EDGE_CURVE('',#762,#761,#312,.T.);
#942=EDGE_CURVE('',#763,#762,#660,.T.);
#943=EDGE_CURVE('',#764,#763,#313,.T.);
#944=EDGE_CURVE('',#765,#764,#661,.T.);
#945=EDGE_CURVE('',#759,#765,#314,.T.);
#946=EDGE_CURVE('',#766,#766,#662,.T.);
#947=EDGE_CURVE('',#767,#768,#663,.T.);
#948=EDGE_CURVE('',#769,#767,#315,.T.);
#949=EDGE_CURVE('',#770,#769,#664,.T.);
#950=EDGE_CURVE('',#771,#770,#316,.T.);
#951=EDGE_CURVE('',#772,#771,#665,.T.);
#952=EDGE_CURVE('',#773,#772,#317,.T.);
#953=EDGE_CURVE('',#774,#773,#666,.T.);
#954=EDGE_CURVE('',#768,#774,#318,.T.);
#955=EDGE_CURVE('',#775,#776,#667,.T.);
#956=EDGE_CURVE('',#777,#775,#319,.T.);
#957=EDGE_CURVE('',#778,#777,#668,.T.);
#958=EDGE_CURVE('',#779,#778,#320,.T.);
#959=EDGE_CURVE('',#780,#779,#669,.T.);
#960=EDGE_CURVE('',#781,#780,#321,.T.);
#961=EDGE_CURVE('',#782,#781,#670,.T.);
#962=EDGE_CURVE('',#776,#782,#322,.T.);
#963=EDGE_CURVE('',#783,#784,#671,.T.);
#964=EDGE_CURVE('',#785,#783,#323,.T.);
#965=EDGE_CURVE('',#786,#785,#672,.T.);
#966=EDGE_CURVE('',#787,#786,#324,.T.);
#967=EDGE_CURVE('',#788,#787,#673,.T.);
#968=EDGE_CURVE('',#789,#788,#325,.T.);
#969=EDGE_CURVE('',#790,#789,#674,.T.);
#970=EDGE_CURVE('',#784,#790,#326,.T.);
#971=EDGE_CURVE('',#791,#792,#675,.T.);
#972=EDGE_CURVE('',#793,#791,#327,.T.);
#973=EDGE_CURVE('',#794,#793,#676,.T.);
#974=EDGE_CURVE('',#795,#794,#328,.T.);
#975=EDGE_CURVE('',#796,#795,#677,.T.);
#976=EDGE_CURVE('',#797,#796,#329,.T.);
#977=EDGE_CURVE('',#798,#797,#678,.T.);
#978=EDGE_CURVE('',#792,#798,#330,.T.);
#979=EDGE_CURVE('',#799,#800,#679,.T.);
#980=EDGE_CURVE('',#801,#799,#331,.T.);
#981=EDGE_CURVE('',#802,#801,#680,.T.);
#982=EDGE_CURVE('',#803,#802,#332,.T.);
#983=EDGE_CURVE('',#804,#803,#681,.T.);
#984=EDGE_CURVE('',#805,#804,#333,.T.);
#985=EDGE_CURVE('',#806,#805,#682,.T.);
#986=EDGE_CURVE('',#800,#806,#334,.T.);
#987=EDGE_CURVE('',#807,#808,#683,.T.);
#988=EDGE_CURVE('',#809,#807,#335,.T.);
#989=EDGE_CURVE('',#810,#809,#684,.T.);
#990=EDGE_CURVE('',#811,#810,#336,.T.);
#991=EDGE_CURVE('',#812,#811,#685,.T.);
#992=EDGE_CURVE('',#813,#812,#337,.T.);
#993=EDGE_CURVE('',#814,#813,#686,.T.);
#994=EDGE_CURVE('',#808,#814,#338,.T.);
#995=EDGE_CURVE('',#815,#815,#687,.T.);
#996=EDGE_CURVE('',#816,#816,#688,.T.);
#997=EDGE_CURVE('',#817,#818,#689,.T.);
#998=EDGE_CURVE('',#819,#817,#339,.T.);
#999=EDGE_CURVE('',#820,#819,#690,.T.);
#1000=EDGE_CURVE('',#821,#820,#340,.T.);
#1001=EDGE_CURVE('',#822,#821,#691,.T.);
#1002=EDGE_CURVE('',#823,#822,#341,.T.);
#1003=EDGE_CURVE('',#824,#823,#692,.T.);
#1004=EDGE_CURVE('',#818,#824,#342,.T.);
#1005=EDGE_CURVE('',#825,#825,#693,.T.);
#1006=EDGE_CURVE('',#826,#826,#694,.T.);
#1007=EDGE_CURVE('',#827,#828,#695,.T.);
#1008=EDGE_CURVE('',#829,#827,#343,.T.);
#1009=EDGE_CURVE('',#830,#829,#696,.T.);
#1010=EDGE_CURVE('',#831,#830,#344,.T.);
#1011=EDGE_CURVE('',#832,#831,#697,.T.);
#1012=EDGE_CURVE('',#833,#832,#345,.T.);
#1013=EDGE_CURVE('',#834,#833,#698,.T.);
#1014=EDGE_CURVE('',#828,#834,#346,.T.);
#1015=EDGE_CURVE('',#835,#836,#699,.T.);
#1016=EDGE_CURVE('',#836,#750,#347,.T.);
#1017=EDGE_CURVE('',#749,#835,#348,.T.);
#1018=EDGE_CURVE('',#837,#836,#349,.T.);
#1019=EDGE_CURVE('',#751,#837,#350,.T.);
#1020=EDGE_CURVE('',#837,#838,#700,.T.);
#1021=EDGE_CURVE('',#838,#752,#351,.T.);
#1022=EDGE_CURVE('',#839,#840,#701,.T.);
#1023=EDGE_CURVE('',#840,#754,#352,.T.);
#1024=EDGE_CURVE('',#753,#839,#353,.T.);
#1025=EDGE_CURVE('',#841,#840,#354,.T.);
#1026=EDGE_CURVE('',#755,#841,#355,.T.);
#1027=EDGE_CURVE('',#827,#842,#356,.T.);
#1028=EDGE_CURVE('',#843,#842,#357,.T.);
#1029=EDGE_CURVE('',#829,#843,#358,.T.);
#1030=EDGE_CURVE('',#844,#843,#702,.T.);
#1031=EDGE_CURVE('',#830,#844,#359,.T.);
#1032=EDGE_CURVE('',#845,#844,#360,.T.);
#1033=EDGE_CURVE('',#831,#845,#361,.T.);
#1034=EDGE_CURVE('',#846,#845,#703,.T.);
#1035=EDGE_CURVE('',#832,#846,#362,.T.);
#1036=EDGE_CURVE('',#847,#846,#363,.T.);
#1037=EDGE_CURVE('',#833,#847,#364,.T.);
#1038=EDGE_CURVE('',#848,#847,#704,.T.);
#1039=EDGE_CURVE('',#834,#848,#365,.T.);
#1040=EDGE_CURVE('',#849,#848,#366,.T.);
#1041=EDGE_CURVE('',#828,#849,#367,.T.);
#1042=EDGE_CURVE('',#842,#849,#705,.T.);
#1043=EDGE_CURVE('',#850,#850,#706,.T.);
#1044=EDGE_CURVE('',#850,#826,#368,.T.);
#1045=EDGE_CURVE('',#851,#851,#707,.T.);
#1046=EDGE_CURVE('',#851,#825,#369,.T.);
#1047=EDGE_CURVE('',#817,#852,#370,.T.);
#1048=EDGE_CURVE('',#853,#852,#371,.T.);
#1049=EDGE_CURVE('',#819,#853,#372,.T.);
#1050=EDGE_CURVE('',#854,#853,#708,.T.);
#1051=EDGE_CURVE('',#820,#854,#373,.T.);
#1052=EDGE_CURVE('',#855,#854,#374,.T.);
#1053=EDGE_CURVE('',#821,#855,#375,.T.);
#1054=EDGE_CURVE('',#856,#855,#709,.T.);
#1055=EDGE_CURVE('',#822,#856,#376,.T.);
#1056=EDGE_CURVE('',#857,#856,#377,.T.);
#1057=EDGE_CURVE('',#823,#857,#378,.T.);
#1058=EDGE_CURVE('',#858,#857,#710,.T.);
#1059=EDGE_CURVE('',#824,#858,#379,.T.);
#1060=EDGE_CURVE('',#859,#858,#380,.T.);
#1061=EDGE_CURVE('',#818,#859,#381,.T.);
#1062=EDGE_CURVE('',#852,#859,#711,.T.);
#1063=EDGE_CURVE('',#860,#860,#712,.T.);
#1064=EDGE_CURVE('',#860,#816,#382,.T.);
#1065=EDGE_CURVE('',#861,#861,#713,.T.);
#1066=EDGE_CURVE('',#861,#815,#383,.T.);
#1067=EDGE_CURVE('',#807,#862,#384,.T.);
#1068=EDGE_CURVE('',#863,#862,#385,.T.);
#1069=EDGE_CURVE('',#809,#863,#386,.T.);
#1070=EDGE_CURVE('',#864,#863,#714,.T.);
#1071=EDGE_CURVE('',#810,#864,#387,.T.);
#1072=EDGE_CURVE('',#865,#864,#388,.T.);
#1073=EDGE_CURVE('',#811,#865,#389,.T.);
#1074=EDGE_CURVE('',#866,#865,#715,.T.);
#1075=EDGE_CURVE('',#812,#866,#390,.T.);
#1076=EDGE_CURVE('',#867,#866,#391,.T.);
#1077=EDGE_CURVE('',#813,#867,#392,.T.);
#1078=EDGE_CURVE('',#868,#867,#716,.T.);
#1079=EDGE_CURVE('',#814,#868,#393,.T.);
#1080=EDGE_CURVE('',#869,#868,#394,.T.);
#1081=EDGE_CURVE('',#808,#869,#395,.T.);
#1082=EDGE_CURVE('',#862,#869,#717,.T.);
#1083=EDGE_CURVE('',#799,#870,#396,.T.);
#1084=EDGE_CURVE('',#871,#870,#397,.T.);
#1085=EDGE_CURVE('',#801,#871,#398,.T.);
#1086=EDGE_CURVE('',#872,#871,#718,.T.);
#1087=EDGE_CURVE('',#802,#872,#399,.T.);
#1088=EDGE_CURVE('',#873,#872,#400,.T.);
#1089=EDGE_CURVE('',#803,#873,#401,.T.);
#1090=EDGE_CURVE('',#874,#873,#719,.T.);
#1091=EDGE_CURVE('',#804,#874,#402,.T.);
#1092=EDGE_CURVE('',#875,#874,#403,.T.);
#1093=EDGE_CURVE('',#805,#875,#404,.T.);
#1094=EDGE_CURVE('',#876,#875,#720,.T.);
#1095=EDGE_CURVE('',#806,#876,#405,.T.);
#1096=EDGE_CURVE('',#877,#876,#406,.T.);
#1097=EDGE_CURVE('',#800,#877,#407,.T.);
#1098=EDGE_CURVE('',#870,#877,#721,.T.);
#1099=EDGE_CURVE('',#791,#878,#408,.T.);
#1100=EDGE_CURVE('',#879,#878,#409,.T.);
#1101=EDGE_CURVE('',#793,#879,#410,.T.);
#1102=EDGE_CURVE('',#880,#879,#722,.T.);
#1103=EDGE_CURVE('',#794,#880,#411,.T.);
#1104=EDGE_CURVE('',#881,#880,#412,.T.);
#1105=EDGE_CURVE('',#795,#881,#413,.T.);
#1106=EDGE_CURVE('',#882,#881,#723,.T.);
#1107=EDGE_CURVE('',#796,#882,#414,.T.);
#1108=EDGE_CURVE('',#883,#882,#415,.T.);
#1109=EDGE_CURVE('',#797,#883,#416,.T.);
#1110=EDGE_CURVE('',#884,#883,#724,.T.);
#1111=EDGE_CURVE('',#798,#884,#417,.T.);
#1112=EDGE_CURVE('',#885,#884,#418,.T.);
#1113=EDGE_CURVE('',#792,#885,#419,.T.);
#1114=EDGE_CURVE('',#878,#885,#725,.T.);
#1115=EDGE_CURVE('',#783,#886,#420,.T.);
#1116=EDGE_CURVE('',#887,#886,#421,.T.);
#1117=EDGE_CURVE('',#785,#887,#422,.T.);
#1118=EDGE_CURVE('',#888,#887,#726,.T.);
#1119=EDGE_CURVE('',#786,#888,#423,.T.);
#1120=EDGE_CURVE('',#889,#888,#424,.T.);
#1121=EDGE_CURVE('',#787,#889,#425,.T.);
#1122=EDGE_CURVE('',#890,#889,#727,.T.);
#1123=EDGE_CURVE('',#788,#890,#426,.T.);
#1124=EDGE_CURVE('',#891,#890,#427,.T.);
#1125=EDGE_CURVE('',#789,#891,#428,.T.);
#1126=EDGE_CURVE('',#892,#891,#728,.T.);
#1127=EDGE_CURVE('',#790,#892,#429,.T.);
#1128=EDGE_CURVE('',#893,#892,#430,.T.);
#1129=EDGE_CURVE('',#784,#893,#431,.T.);
#1130=EDGE_CURVE('',#886,#893,#729,.T.);
#1131=EDGE_CURVE('',#775,#894,#432,.T.);
#1132=EDGE_CURVE('',#895,#894,#433,.T.);
#1133=EDGE_CURVE('',#777,#895,#434,.T.);
#1134=EDGE_CURVE('',#896,#895,#730,.T.);
#1135=EDGE_CURVE('',#778,#896,#435,.T.);
#1136=EDGE_CURVE('',#897,#896,#436,.T.);
#1137=EDGE_CURVE('',#779,#897,#437,.T.);
#1138=EDGE_CURVE('',#898,#897,#731,.T.);
#1139=EDGE_CURVE('',#780,#898,#438,.T.);
#1140=EDGE_CURVE('',#899,#898,#439,.T.);
#1141=EDGE_CURVE('',#781,#899,#440,.T.);
#1142=EDGE_CURVE('',#900,#899,#732,.T.);
#1143=EDGE_CURVE('',#782,#900,#441,.T.);
#1144=EDGE_CURVE('',#901,#900,#442,.T.);
#1145=EDGE_CURVE('',#776,#901,#443,.T.);
#1146=EDGE_CURVE('',#894,#901,#733,.T.);
#1147=EDGE_CURVE('',#767,#902,#444,.T.);
#1148=EDGE_CURVE('',#903,#902,#445,.T.);
#1149=EDGE_CURVE('',#769,#903,#446,.T.);
#1150=EDGE_CURVE('',#904,#903,#734,.T.);
#1151=EDGE_CURVE('',#770,#904,#447,.T.);
#1152=EDGE_CURVE('',#905,#904,#448,.T.);
#1153=EDGE_CURVE('',#771,#905,#449,.T.);
#1154=EDGE_CURVE('',#906,#905,#735,.T.);
#1155=EDGE_CURVE('',#772,#906,#450,.T.);
#1156=EDGE_CURVE('',#907,#906,#451,.T.);
#1157=EDGE_CURVE('',#773,#907,#452,.T.);
#1158=EDGE_CURVE('',#908,#907,#736,.T.);
#1159=EDGE_CURVE('',#774,#908,#453,.T.);
#1160=EDGE_CURVE('',#909,#908,#454,.T.);
#1161=EDGE_CURVE('',#768,#909,#455,.T.);
#1162=EDGE_CURVE('',#902,#909,#737,.T.);
#1163=EDGE_CURVE('',#910,#910,#738,.T.);
#1164=EDGE_CURVE('',#910,#766,#456,.T.);
#1165=EDGE_CURVE('',#758,#911,#457,.T.);
#1166=EDGE_CURVE('',#912,#911,#458,.T.);
#1167=EDGE_CURVE('',#760,#912,#459,.T.);
#1168=EDGE_CURVE('',#913,#912,#739,.T.);
#1169=EDGE_CURVE('',#761,#913,#460,.T.);
#1170=EDGE_CURVE('',#914,#913,#461,.T.);
#1171=EDGE_CURVE('',#762,#914,#462,.T.);
#1172=EDGE_CURVE('',#915,#914,#740,.T.);
#1173=EDGE_CURVE('',#763,#915,#463,.T.);
#1174=EDGE_CURVE('',#916,#915,#464,.T.);
#1175=EDGE_CURVE('',#764,#916,#465,.T.);
#1176=EDGE_CURVE('',#917,#916,#741,.T.);
#1177=EDGE_CURVE('',#765,#917,#466,.T.);
#1178=EDGE_CURVE('',#918,#917,#467,.T.);
#1179=EDGE_CURVE('',#759,#918,#468,.T.);
#1180=EDGE_CURVE('',#911,#918,#742,.T.);
#1181=EDGE_CURVE('',#756,#919,#469,.T.);
#1182=EDGE_CURVE('',#920,#919,#470,.T.);
#1183=EDGE_CURVE('',#757,#920,#471,.T.);
#1184=EDGE_CURVE('',#748,#920,#472,.T.);
#1185=EDGE_CURVE('',#835,#744,#473,.T.);
#1186=EDGE_CURVE('',#839,#838,#474,.T.);
#1187=EDGE_CURVE('',#919,#841,#475,.T.);
#1188=ORIENTED_EDGE('',*,*,#921,.T.);
#1189=ORIENTED_EDGE('',*,*,#922,.T.);
#1190=ORIENTED_EDGE('',*,*,#923,.T.);
#1191=ORIENTED_EDGE('',*,*,#924,.T.);
#1192=ORIENTED_EDGE('',*,*,#924,.F.);
#1193=ORIENTED_EDGE('',*,*,#925,.T.);
#1194=ORIENTED_EDGE('',*,*,#926,.T.);
#1195=ORIENTED_EDGE('',*,*,#927,.F.);
#1196=ORIENTED_EDGE('',*,*,#923,.F.);
#1197=ORIENTED_EDGE('',*,*,#928,.F.);
#1198=ORIENTED_EDGE('',*,*,#929,.F.);
#1199=ORIENTED_EDGE('',*,*,#930,.F.);
#1200=ORIENTED_EDGE('',*,*,#931,.F.);
#1201=ORIENTED_EDGE('',*,*,#932,.F.);
#1202=ORIENTED_EDGE('',*,*,#933,.F.);
#1203=ORIENTED_EDGE('',*,*,#934,.F.);
#1204=ORIENTED_EDGE('',*,*,#935,.F.);
#1205=ORIENTED_EDGE('',*,*,#936,.F.);
#1206=ORIENTED_EDGE('',*,*,#937,.F.);
#1207=ORIENTED_EDGE('',*,*,#925,.F.);
#1208=ORIENTED_EDGE('',*,*,#938,.F.);
#1209=ORIENTED_EDGE('',*,*,#939,.F.);
#1210=ORIENTED_EDGE('',*,*,#940,.F.);
#1211=ORIENTED_EDGE('',*,*,#941,.F.);
#1212=ORIENTED_EDGE('',*,*,#942,.F.);
#1213=ORIENTED_EDGE('',*,*,#943,.F.);
#1214=ORIENTED_EDGE('',*,*,#944,.F.);
#1215=ORIENTED_EDGE('',*,*,#945,.F.);
#1216=ORIENTED_EDGE('',*,*,#946,.F.);
#1217=ORIENTED_EDGE('',*,*,#947,.F.);
#1218=ORIENTED_EDGE('',*,*,#948,.F.);
#1219=ORIENTED_EDGE('',*,*,#949,.F.);
#1220=ORIENTED_EDGE('',*,*,#950,.F.);
#1221=ORIENTED_EDGE('',*,*,#951,.F.);
#1222=ORIENTED_EDGE('',*,*,#952,.F.);
#1223=ORIENTED_EDGE('',*,*,#953,.F.);
#1224=ORIENTED_EDGE('',*,*,#954,.F.);
#1225=ORIENTED_EDGE('',*,*,#955,.F.);
#1226=ORIENTED_EDGE('',*,*,#956,.F.);
#1227=ORIENTED_EDGE('',*,*,#957,.F.);
#1228=ORIENTED_EDGE('',*,*,#958,.F.);
#1229=ORIENTED_EDGE('',*,*,#959,.F.);
#1230=ORIENTED_EDGE('',*,*,#960,.F.);
#1231=ORIENTED_EDGE('',*,*,#961,.F.);
#1232=ORIENTED_EDGE('',*,*,#962,.F.);
#1233=ORIENTED_EDGE('',*,*,#963,.F.);
#1234=ORIENTED_EDGE('',*,*,#964,.F.);
#1235=ORIENTED_EDGE('',*,*,#965,.F.);
#1236=ORIENTED_EDGE('',*,*,#966,.F.);
#1237=ORIENTED_EDGE('',*,*,#967,.F.);
#1238=ORIENTED_EDGE('',*,*,#968,.F.);
#1239=ORIENTED_EDGE('',*,*,#969,.F.);
#1240=ORIENTED_EDGE('',*,*,#970,.F.);
#1241=ORIENTED_EDGE('',*,*,#971,.F.);
#1242=ORIENTED_EDGE('',*,*,#972,.F.);
#1243=ORIENTED_EDGE('',*,*,#973,.F.);
#1244=ORIENTED_EDGE('',*,*,#974,.F.);
#1245=ORIENTED_EDGE('',*,*,#975,.F.);
#1246=ORIENTED_EDGE('',*,*,#976,.F.);
#1247=ORIENTED_EDGE('',*,*,#977,.F.);
#1248=ORIENTED_EDGE('',*,*,#978,.F.);
#1249=ORIENTED_EDGE('',*,*,#979,.F.);
#1250=ORIENTED_EDGE('',*,*,#980,.F.);
#1251=ORIENTED_EDGE('',*,*,#981,.F.);
#1252=ORIENTED_EDGE('',*,*,#982,.F.);
#1253=ORIENTED_EDGE('',*,*,#983,.F.);
#1254=ORIENTED_EDGE('',*,*,#984,.F.);
#1255=ORIENTED_EDGE('',*,*,#985,.F.);
#1256=ORIENTED_EDGE('',*,*,#986,.F.);
#1257=ORIENTED_EDGE('',*,*,#987,.F.);
#1258=ORIENTED_EDGE('',*,*,#988,.F.);
#1259=ORIENTED_EDGE('',*,*,#989,.F.);
#1260=ORIENTED_EDGE('',*,*,#990,.F.);
#1261=ORIENTED_EDGE('',*,*,#991,.F.);
#1262=ORIENTED_EDGE('',*,*,#992,.F.);
#1263=ORIENTED_EDGE('',*,*,#993,.F.);
#1264=ORIENTED_EDGE('',*,*,#994,.F.);
#1265=ORIENTED_EDGE('',*,*,#995,.F.);
#1266=ORIENTED_EDGE('',*,*,#996,.F.);
#1267=ORIENTED_EDGE('',*,*,#997,.F.);
#1268=ORIENTED_EDGE('',*,*,#998,.F.);
#1269=ORIENTED_EDGE('',*,*,#999,.F.);
#1270=ORIENTED_EDGE('',*,*,#1000,.F.);
#1271=ORIENTED_EDGE('',*,*,#1001,.F.);
#1272=ORIENTED_EDGE('',*,*,#1002,.F.);
#1273=ORIENTED_EDGE('',*,*,#1003,.F.);
#1274=ORIENTED_EDGE('',*,*,#1004,.F.);
#1275=ORIENTED_EDGE('',*,*,#1005,.F.);
#1276=ORIENTED_EDGE('',*,*,#1006,.F.);
#1277=ORIENTED_EDGE('',*,*,#1007,.F.);
#1278=ORIENTED_EDGE('',*,*,#1008,.F.);
#1279=ORIENTED_EDGE('',*,*,#1009,.F.);
#1280=ORIENTED_EDGE('',*,*,#1010,.F.);
#1281=ORIENTED_EDGE('',*,*,#1011,.F.);
#1282=ORIENTED_EDGE('',*,*,#1012,.F.);
#1283=ORIENTED_EDGE('',*,*,#1013,.F.);
#1284=ORIENTED_EDGE('',*,*,#1014,.F.);
#1285=ORIENTED_EDGE('',*,*,#1015,.T.);
#1286=ORIENTED_EDGE('',*,*,#1016,.T.);
#1287=ORIENTED_EDGE('',*,*,#929,.T.);
#1288=ORIENTED_EDGE('',*,*,#1017,.T.);
#1289=ORIENTED_EDGE('',*,*,#1016,.F.);
#1290=ORIENTED_EDGE('',*,*,#1018,.F.);
#1291=ORIENTED_EDGE('',*,*,#1019,.F.);
#1292=ORIENTED_EDGE('',*,*,#930,.T.);
#1293=ORIENTED_EDGE('',*,*,#1020,.T.);
#1294=ORIENTED_EDGE('',*,*,#1021,.T.);
#1295=ORIENTED_EDGE('',*,*,#931,.T.);
#1296=ORIENTED_EDGE('',*,*,#1019,.T.);
#1297=ORIENTED_EDGE('',*,*,#1022,.T.);
#1298=ORIENTED_EDGE('',*,*,#1023,.T.);
#1299=ORIENTED_EDGE('',*,*,#933,.T.);
#1300=ORIENTED_EDGE('',*,*,#1024,.T.);
#1301=ORIENTED_EDGE('',*,*,#1023,.F.);
#1302=ORIENTED_EDGE('',*,*,#1025,.F.);
#1303=ORIENTED_EDGE('',*,*,#1026,.F.);
#1304=ORIENTED_EDGE('',*,*,#934,.T.);
#1305=ORIENTED_EDGE('',*,*,#1008,.T.);
#1306=ORIENTED_EDGE('',*,*,#1027,.T.);
#1307=ORIENTED_EDGE('',*,*,#1028,.F.);
#1308=ORIENTED_EDGE('',*,*,#1029,.F.);
#1309=ORIENTED_EDGE('',*,*,#1009,.T.);
#1310=ORIENTED_EDGE('',*,*,#1029,.T.);
#1311=ORIENTED_EDGE('',*,*,#1030,.F.);
#1312=ORIENTED_EDGE('',*,*,#1031,.F.);
#1313=ORIENTED_EDGE('',*,*,#1010,.T.);
#1314=ORIENTED_EDGE('',*,*,#1031,.T.);
#1315=ORIENTED_EDGE('',*,*,#1032,.F.);
#1316=ORIENTED_EDGE('',*,*,#1033,.F.);
#1317=ORIENTED_EDGE('',*,*,#1011,.T.);
#1318=ORIENTED_EDGE('',*,*,#1033,.T.);
#1319=ORIENTED_EDGE('',*,*,#1034,.F.);
#1320=ORIENTED_EDGE('',*,*,#1035,.F.);
#1321=ORIENTED_EDGE('',*,*,#1012,.T.);
#1322=ORIENTED_EDGE('',*,*,#1035,.T.);
#1323=ORIENTED_EDGE('',*,*,#1036,.F.);
#1324=ORIENTED_EDGE('',*,*,#1037,.F.);
#1325=ORIENTED_EDGE('',*,*,#1013,.T.);
#1326=ORIENTED_EDGE('',*,*,#1037,.T.);
#1327=ORIENTED_EDGE('',*,*,#1038,.F.);
#1328=ORIENTED_EDGE('',*,*,#1039,.F.);
#1329=ORIENTED_EDGE('',*,*,#1014,.T.);
#1330=ORIENTED_EDGE('',*,*,#1039,.T.);
#1331=ORIENTED_EDGE('',*,*,#1040,.F.);
#1332=ORIENTED_EDGE('',*,*,#1041,.F.);
#1333=ORIENTED_EDGE('',*,*,#1007,.T.);
#1334=ORIENTED_EDGE('',*,*,#1041,.T.);
#1335=ORIENTED_EDGE('',*,*,#1042,.F.);
#1336=ORIENTED_EDGE('',*,*,#1027,.F.);
#1337=ORIENTED_EDGE('',*,*,#1043,.F.);
#1338=ORIENTED_EDGE('',*,*,#1044,.T.);
#1339=ORIENTED_EDGE('',*,*,#1006,.T.);
#1340=ORIENTED_EDGE('',*,*,#1044,.F.);
#1341=ORIENTED_EDGE('',*,*,#1045,.F.);
#1342=ORIENTED_EDGE('',*,*,#1046,.T.);
#1343=ORIENTED_EDGE('',*,*,#1005,.T.);
#1344=ORIENTED_EDGE('',*,*,#1046,.F.);
#1345=ORIENTED_EDGE('',*,*,#998,.T.);
#1346=ORIENTED_EDGE('',*,*,#1047,.T.);
#1347=ORIENTED_EDGE('',*,*,#1048,.F.);
#1348=ORIENTED_EDGE('',*,*,#1049,.F.);
#1349=ORIENTED_EDGE('',*,*,#999,.T.);
#1350=ORIENTED_EDGE('',*,*,#1049,.T.);
#1351=ORIENTED_EDGE('',*,*,#1050,.F.);
#1352=ORIENTED_EDGE('',*,*,#1051,.F.);
#1353=ORIENTED_EDGE('',*,*,#1000,.T.);
#1354=ORIENTED_EDGE('',*,*,#1051,.T.);
#1355=ORIENTED_EDGE('',*,*,#1052,.F.);
#1356=ORIENTED_EDGE('',*,*,#1053,.F.);
#1357=ORIENTED_EDGE('',*,*,#1001,.T.);
#1358=ORIENTED_EDGE('',*,*,#1053,.T.);
#1359=ORIENTED_EDGE('',*,*,#1054,.F.);
#1360=ORIENTED_EDGE('',*,*,#1055,.F.);
#1361=ORIENTED_EDGE('',*,*,#1002,.T.);
#1362=ORIENTED_EDGE('',*,*,#1055,.T.);
#1363=ORIENTED_EDGE('',*,*,#1056,.F.);
#1364=ORIENTED_EDGE('',*,*,#1057,.F.);
#1365=ORIENTED_EDGE('',*,*,#1003,.T.);
#1366=ORIENTED_EDGE('',*,*,#1057,.T.);
#1367=ORIENTED_EDGE('',*,*,#1058,.F.);
#1368=ORIENTED_EDGE('',*,*,#1059,.F.);
#1369=ORIENTED_EDGE('',*,*,#1004,.T.);
#1370=ORIENTED_EDGE('',*,*,#1059,.T.);
#1371=ORIENTED_EDGE('',*,*,#1060,.F.);
#1372=ORIENTED_EDGE('',*,*,#1061,.F.);
#1373=ORIENTED_EDGE('',*,*,#997,.T.);
#1374=ORIENTED_EDGE('',*,*,#1061,.T.);
#1375=ORIENTED_EDGE('',*,*,#1062,.F.);
#1376=ORIENTED_EDGE('',*,*,#1047,.F.);
#1377=ORIENTED_EDGE('',*,*,#1063,.F.);
#1378=ORIENTED_EDGE('',*,*,#1064,.T.);
#1379=ORIENTED_EDGE('',*,*,#996,.T.);
#1380=ORIENTED_EDGE('',*,*,#1064,.F.);
#1381=ORIENTED_EDGE('',*,*,#1065,.F.);
#1382=ORIENTED_EDGE('',*,*,#1066,.T.);
#1383=ORIENTED_EDGE('',*,*,#995,.T.);
#1384=ORIENTED_EDGE('',*,*,#1066,.F.);
#1385=ORIENTED_EDGE('',*,*,#988,.T.);
#1386=ORIENTED_EDGE('',*,*,#1067,.T.);
#1387=ORIENTED_EDGE('',*,*,#1068,.F.);
#1388=ORIENTED_EDGE('',*,*,#1069,.F.);
#1389=ORIENTED_EDGE('',*,*,#989,.T.);
#1390=ORIENTED_EDGE('',*,*,#1069,.T.);
#1391=ORIENTED_EDGE('',*,*,#1070,.F.);
#1392=ORIENTED_EDGE('',*,*,#1071,.F.);
#1393=ORIENTED_EDGE('',*,*,#990,.T.);
#1394=ORIENTED_EDGE('',*,*,#1071,.T.);
#1395=ORIENTED_EDGE('',*,*,#1072,.F.);
#1396=ORIENTED_EDGE('',*,*,#1073,.F.);
#1397=ORIENTED_EDGE('',*,*,#991,.T.);
#1398=ORIENTED_EDGE('',*,*,#1073,.T.);
#1399=ORIENTED_EDGE('',*,*,#1074,.F.);
#1400=ORIENTED_EDGE('',*,*,#1075,.F.);
#1401=ORIENTED_EDGE('',*,*,#992,.T.);
#1402=ORIENTED_EDGE('',*,*,#1075,.T.);
#1403=ORIENTED_EDGE('',*,*,#1076,.F.);
#1404=ORIENTED_EDGE('',*,*,#1077,.F.);
#1405=ORIENTED_EDGE('',*,*,#993,.T.);
#1406=ORIENTED_EDGE('',*,*,#1077,.T.);
#1407=ORIENTED_EDGE('',*,*,#1078,.F.);
#1408=ORIENTED_EDGE('',*,*,#1079,.F.);
#1409=ORIENTED_EDGE('',*,*,#994,.T.);
#1410=ORIENTED_EDGE('',*,*,#1079,.T.);
#1411=ORIENTED_EDGE('',*,*,#1080,.F.);
#1412=ORIENTED_EDGE('',*,*,#1081,.F.);
#1413=ORIENTED_EDGE('',*,*,#987,.T.);
#1414=ORIENTED_EDGE('',*,*,#1081,.T.);
#1415=ORIENTED_EDGE('',*,*,#1082,.F.);
#1416=ORIENTED_EDGE('',*,*,#1067,.F.);
#1417=ORIENTED_EDGE('',*,*,#980,.T.);
#1418=ORIENTED_EDGE('',*,*,#1083,.T.);
#1419=ORIENTED_EDGE('',*,*,#1084,.F.);
#1420=ORIENTED_EDGE('',*,*,#1085,.F.);
#1421=ORIENTED_EDGE('',*,*,#981,.T.);
#1422=ORIENTED_EDGE('',*,*,#1085,.T.);
#1423=ORIENTED_EDGE('',*,*,#1086,.F.);
#1424=ORIENTED_EDGE('',*,*,#1087,.F.);
#1425=ORIENTED_EDGE('',*,*,#982,.T.);
#1426=ORIENTED_EDGE('',*,*,#1087,.T.);
#1427=ORIENTED_EDGE('',*,*,#1088,.F.);
#1428=ORIENTED_EDGE('',*,*,#1089,.F.);
#1429=ORIENTED_EDGE('',*,*,#983,.T.);
#1430=ORIENTED_EDGE('',*,*,#1089,.T.);
#1431=ORIENTED_EDGE('',*,*,#1090,.F.);
#1432=ORIENTED_EDGE('',*,*,#1091,.F.);
#1433=ORIENTED_EDGE('',*,*,#984,.T.);
#1434=ORIENTED_EDGE('',*,*,#1091,.T.);
#1435=ORIENTED_EDGE('',*,*,#1092,.F.);
#1436=ORIENTED_EDGE('',*,*,#1093,.F.);
#1437=ORIENTED_EDGE('',*,*,#985,.T.);
#1438=ORIENTED_EDGE('',*,*,#1093,.T.);
#1439=ORIENTED_EDGE('',*,*,#1094,.F.);
#1440=ORIENTED_EDGE('',*,*,#1095,.F.);
#1441=ORIENTED_EDGE('',*,*,#986,.T.);
#1442=ORIENTED_EDGE('',*,*,#1095,.T.);
#1443=ORIENTED_EDGE('',*,*,#1096,.F.);
#1444=ORIENTED_EDGE('',*,*,#1097,.F.);
#1445=ORIENTED_EDGE('',*,*,#979,.T.);
#1446=ORIENTED_EDGE('',*,*,#1097,.T.);
#1447=ORIENTED_EDGE('',*,*,#1098,.F.);
#1448=ORIENTED_EDGE('',*,*,#1083,.F.);
#1449=ORIENTED_EDGE('',*,*,#972,.T.);
#1450=ORIENTED_EDGE('',*,*,#1099,.T.);
#1451=ORIENTED_EDGE('',*,*,#1100,.F.);
#1452=ORIENTED_EDGE('',*,*,#1101,.F.);
#1453=ORIENTED_EDGE('',*,*,#973,.T.);
#1454=ORIENTED_EDGE('',*,*,#1101,.T.);
#1455=ORIENTED_EDGE('',*,*,#1102,.F.);
#1456=ORIENTED_EDGE('',*,*,#1103,.F.);
#1457=ORIENTED_EDGE('',*,*,#974,.T.);
#1458=ORIENTED_EDGE('',*,*,#1103,.T.);
#1459=ORIENTED_EDGE('',*,*,#1104,.F.);
#1460=ORIENTED_EDGE('',*,*,#1105,.F.);
#1461=ORIENTED_EDGE('',*,*,#975,.T.);
#1462=ORIENTED_EDGE('',*,*,#1105,.T.);
#1463=ORIENTED_EDGE('',*,*,#1106,.F.);
#1464=ORIENTED_EDGE('',*,*,#1107,.F.);
#1465=ORIENTED_EDGE('',*,*,#976,.T.);
#1466=ORIENTED_EDGE('',*,*,#1107,.T.);
#1467=ORIENTED_EDGE('',*,*,#1108,.F.);
#1468=ORIENTED_EDGE('',*,*,#1109,.F.);
#1469=ORIENTED_EDGE('',*,*,#977,.T.);
#1470=ORIENTED_EDGE('',*,*,#1109,.T.);
#1471=ORIENTED_EDGE('',*,*,#1110,.F.);
#1472=ORIENTED_EDGE('',*,*,#1111,.F.);
#1473=ORIENTED_EDGE('',*,*,#978,.T.);
#1474=ORIENTED_EDGE('',*,*,#1111,.T.);
#1475=ORIENTED_EDGE('',*,*,#1112,.F.);
#1476=ORIENTED_EDGE('',*,*,#1113,.F.);
#1477=ORIENTED_EDGE('',*,*,#971,.T.);
#1478=ORIENTED_EDGE('',*,*,#1113,.T.);
#1479=ORIENTED_EDGE('',*,*,#1114,.F.);
#1480=ORIENTED_EDGE('',*,*,#1099,.F.);
#1481=ORIENTED_EDGE('',*,*,#964,.T.);
#1482=ORIENTED_EDGE('',*,*,#1115,.T.);
#1483=ORIENTED_EDGE('',*,*,#1116,.F.);
#1484=ORIENTED_EDGE('',*,*,#1117,.F.);
#1485=ORIENTED_EDGE('',*,*,#965,.T.);
#1486=ORIENTED_EDGE('',*,*,#1117,.T.);
#1487=ORIENTED_EDGE('',*,*,#1118,.F.);
#1488=ORIENTED_EDGE('',*,*,#1119,.F.);
#1489=ORIENTED_EDGE('',*,*,#966,.T.);
#1490=ORIENTED_EDGE('',*,*,#1119,.T.);
#1491=ORIENTED_EDGE('',*,*,#1120,.F.);
#1492=ORIENTED_EDGE('',*,*,#1121,.F.);
#1493=ORIENTED_EDGE('',*,*,#967,.T.);
#1494=ORIENTED_EDGE('',*,*,#1121,.T.);
#1495=ORIENTED_EDGE('',*,*,#1122,.F.);
#1496=ORIENTED_EDGE('',*,*,#1123,.F.);
#1497=ORIENTED_EDGE('',*,*,#968,.T.);
#1498=ORIENTED_EDGE('',*,*,#1123,.T.);
#1499=ORIENTED_EDGE('',*,*,#1124,.F.);
#1500=ORIENTED_EDGE('',*,*,#1125,.F.);
#1501=ORIENTED_EDGE('',*,*,#969,.T.);
#1502=ORIENTED_EDGE('',*,*,#1125,.T.);
#1503=ORIENTED_EDGE('',*,*,#1126,.F.);
#1504=ORIENTED_EDGE('',*,*,#1127,.F.);
#1505=ORIENTED_EDGE('',*,*,#970,.T.);
#1506=ORIENTED_EDGE('',*,*,#1127,.T.);
#1507=ORIENTED_EDGE('',*,*,#1128,.F.);
#1508=ORIENTED_EDGE('',*,*,#1129,.F.);
#1509=ORIENTED_EDGE('',*,*,#963,.T.);
#1510=ORIENTED_EDGE('',*,*,#1129,.T.);
#1511=ORIENTED_EDGE('',*,*,#1130,.F.);
#1512=ORIENTED_EDGE('',*,*,#1115,.F.);
#1513=ORIENTED_EDGE('',*,*,#956,.T.);
#1514=ORIENTED_EDGE('',*,*,#1131,.T.);
#1515=ORIENTED_EDGE('',*,*,#1132,.F.);
#1516=ORIENTED_EDGE('',*,*,#1133,.F.);
#1517=ORIENTED_EDGE('',*,*,#957,.T.);
#1518=ORIENTED_EDGE('',*,*,#1133,.T.);
#1519=ORIENTED_EDGE('',*,*,#1134,.F.);
#1520=ORIENTED_EDGE('',*,*,#1135,.F.);
#1521=ORIENTED_EDGE('',*,*,#958,.T.);
#1522=ORIENTED_EDGE('',*,*,#1135,.T.);
#1523=ORIENTED_EDGE('',*,*,#1136,.F.);
#1524=ORIENTED_EDGE('',*,*,#1137,.F.);
#1525=ORIENTED_EDGE('',*,*,#959,.T.);
#1526=ORIENTED_EDGE('',*,*,#1137,.T.);
#1527=ORIENTED_EDGE('',*,*,#1138,.F.);
#1528=ORIENTED_EDGE('',*,*,#1139,.F.);
#1529=ORIENTED_EDGE('',*,*,#960,.T.);
#1530=ORIENTED_EDGE('',*,*,#1139,.T.);
#1531=ORIENTED_EDGE('',*,*,#1140,.F.);
#1532=ORIENTED_EDGE('',*,*,#1141,.F.);
#1533=ORIENTED_EDGE('',*,*,#961,.T.);
#1534=ORIENTED_EDGE('',*,*,#1141,.T.);
#1535=ORIENTED_EDGE('',*,*,#1142,.F.);
#1536=ORIENTED_EDGE('',*,*,#1143,.F.);
#1537=ORIENTED_EDGE('',*,*,#962,.T.);
#1538=ORIENTED_EDGE('',*,*,#1143,.T.);
#1539=ORIENTED_EDGE('',*,*,#1144,.F.);
#1540=ORIENTED_EDGE('',*,*,#1145,.F.);
#1541=ORIENTED_EDGE('',*,*,#955,.T.);
#1542=ORIENTED_EDGE('',*,*,#1145,.T.);
#1543=ORIENTED_EDGE('',*,*,#1146,.F.);
#1544=ORIENTED_EDGE('',*,*,#1131,.F.);
#1545=ORIENTED_EDGE('',*,*,#948,.T.);
#1546=ORIENTED_EDGE('',*,*,#1147,.T.);
#1547=ORIENTED_EDGE('',*,*,#1148,.F.);
#1548=ORIENTED_EDGE('',*,*,#1149,.F.);
#1549=ORIENTED_EDGE('',*,*,#949,.T.);
#1550=ORIENTED_EDGE('',*,*,#1149,.T.);
#1551=ORIENTED_EDGE('',*,*,#1150,.F.);
#1552=ORIENTED_EDGE('',*,*,#1151,.F.);
#1553=ORIENTED_EDGE('',*,*,#950,.T.);
#1554=ORIENTED_EDGE('',*,*,#1151,.T.);
#1555=ORIENTED_EDGE('',*,*,#1152,.F.);
#1556=ORIENTED_EDGE('',*,*,#1153,.F.);
#1557=ORIENTED_EDGE('',*,*,#951,.T.);
#1558=ORIENTED_EDGE('',*,*,#1153,.T.);
#1559=ORIENTED_EDGE('',*,*,#1154,.F.);
#1560=ORIENTED_EDGE('',*,*,#1155,.F.);
#1561=ORIENTED_EDGE('',*,*,#952,.T.);
#1562=ORIENTED_EDGE('',*,*,#1155,.T.);
#1563=ORIENTED_EDGE('',*,*,#1156,.F.);
#1564=ORIENTED_EDGE('',*,*,#1157,.F.);
#1565=ORIENTED_EDGE('',*,*,#953,.T.);
#1566=ORIENTED_EDGE('',*,*,#1157,.T.);
#1567=ORIENTED_EDGE('',*,*,#1158,.F.);
#1568=ORIENTED_EDGE('',*,*,#1159,.F.);
#1569=ORIENTED_EDGE('',*,*,#954,.T.);
#1570=ORIENTED_EDGE('',*,*,#1159,.T.);
#1571=ORIENTED_EDGE('',*,*,#1160,.F.);
#1572=ORIENTED_EDGE('',*,*,#1161,.F.);
#1573=ORIENTED_EDGE('',*,*,#947,.T.);
#1574=ORIENTED_EDGE('',*,*,#1161,.T.);
#1575=ORIENTED_EDGE('',*,*,#1162,.F.);
#1576=ORIENTED_EDGE('',*,*,#1147,.F.);
#1577=ORIENTED_EDGE('',*,*,#1163,.F.);
#1578=ORIENTED_EDGE('',*,*,#1164,.T.);
#1579=ORIENTED_EDGE('',*,*,#946,.T.);
#1580=ORIENTED_EDGE('',*,*,#1164,.F.);
#1581=ORIENTED_EDGE('',*,*,#939,.T.);
#1582=ORIENTED_EDGE('',*,*,#1165,.T.);
#1583=ORIENTED_EDGE('',*,*,#1166,.F.);
#1584=ORIENTED_EDGE('',*,*,#1167,.F.);
#1585=ORIENTED_EDGE('',*,*,#940,.T.);
#1586=ORIENTED_EDGE('',*,*,#1167,.T.);
#1587=ORIENTED_EDGE('',*,*,#1168,.F.);
#1588=ORIENTED_EDGE('',*,*,#1169,.F.);
#1589=ORIENTED_EDGE('',*,*,#941,.T.);
#1590=ORIENTED_EDGE('',*,*,#1169,.T.);
#1591=ORIENTED_EDGE('',*,*,#1170,.F.);
#1592=ORIENTED_EDGE('',*,*,#1171,.F.);
#1593=ORIENTED_EDGE('',*,*,#942,.T.);
#1594=ORIENTED_EDGE('',*,*,#1171,.T.);
#1595=ORIENTED_EDGE('',*,*,#1172,.F.);
#1596=ORIENTED_EDGE('',*,*,#1173,.F.);
#1597=ORIENTED_EDGE('',*,*,#943,.T.);
#1598=ORIENTED_EDGE('',*,*,#1173,.T.);
#1599=ORIENTED_EDGE('',*,*,#1174,.F.);
#1600=ORIENTED_EDGE('',*,*,#1175,.F.);
#1601=ORIENTED_EDGE('',*,*,#944,.T.);
#1602=ORIENTED_EDGE('',*,*,#1175,.T.);
#1603=ORIENTED_EDGE('',*,*,#1176,.F.);
#1604=ORIENTED_EDGE('',*,*,#1177,.F.);
#1605=ORIENTED_EDGE('',*,*,#945,.T.);
#1606=ORIENTED_EDGE('',*,*,#1177,.T.);
#1607=ORIENTED_EDGE('',*,*,#1178,.F.);
#1608=ORIENTED_EDGE('',*,*,#1179,.F.);
#1609=ORIENTED_EDGE('',*,*,#938,.T.);
#1610=ORIENTED_EDGE('',*,*,#1179,.T.);
#1611=ORIENTED_EDGE('',*,*,#1180,.F.);
#1612=ORIENTED_EDGE('',*,*,#1165,.F.);
#1613=ORIENTED_EDGE('',*,*,#936,.T.);
#1614=ORIENTED_EDGE('',*,*,#1181,.T.);
#1615=ORIENTED_EDGE('',*,*,#1182,.F.);
#1616=ORIENTED_EDGE('',*,*,#1183,.F.);
#1617=ORIENTED_EDGE('',*,*,#937,.T.);
#1618=ORIENTED_EDGE('',*,*,#1183,.T.);
#1619=ORIENTED_EDGE('',*,*,#1184,.F.);
#1620=ORIENTED_EDGE('',*,*,#926,.F.);
#1621=ORIENTED_EDGE('',*,*,#922,.F.);
#1622=ORIENTED_EDGE('',*,*,#1185,.F.);
#1623=ORIENTED_EDGE('',*,*,#1017,.F.);
#1624=ORIENTED_EDGE('',*,*,#928,.T.);
#1625=ORIENTED_EDGE('',*,*,#1021,.F.);
#1626=ORIENTED_EDGE('',*,*,#1186,.F.);
#1627=ORIENTED_EDGE('',*,*,#1024,.F.);
#1628=ORIENTED_EDGE('',*,*,#932,.T.);
#1629=ORIENTED_EDGE('',*,*,#935,.T.);
#1630=ORIENTED_EDGE('',*,*,#1026,.T.);
#1631=ORIENTED_EDGE('',*,*,#1187,.F.);
#1632=ORIENTED_EDGE('',*,*,#1181,.F.);
#1633=ORIENTED_EDGE('',*,*,#921,.F.);
#1634=ORIENTED_EDGE('',*,*,#927,.T.);
#1635=ORIENTED_EDGE('',*,*,#1184,.T.);
#1636=ORIENTED_EDGE('',*,*,#1182,.T.);
#1637=ORIENTED_EDGE('',*,*,#1187,.T.);
#1638=ORIENTED_EDGE('',*,*,#1025,.T.);
#1639=ORIENTED_EDGE('',*,*,#1022,.F.);
#1640=ORIENTED_EDGE('',*,*,#1186,.T.);
#1641=ORIENTED_EDGE('',*,*,#1020,.F.);
#1642=ORIENTED_EDGE('',*,*,#1018,.T.);
#1643=ORIENTED_EDGE('',*,*,#1015,.F.);
#1644=ORIENTED_EDGE('',*,*,#1185,.T.);
#1645=ORIENTED_EDGE('',*,*,#1180,.T.);
#1646=ORIENTED_EDGE('',*,*,#1178,.T.);
#1647=ORIENTED_EDGE('',*,*,#1176,.T.);
#1648=ORIENTED_EDGE('',*,*,#1174,.T.);
#1649=ORIENTED_EDGE('',*,*,#1172,.T.);
#1650=ORIENTED_EDGE('',*,*,#1170,.T.);
#1651=ORIENTED_EDGE('',*,*,#1168,.T.);
#1652=ORIENTED_EDGE('',*,*,#1166,.T.);
#1653=ORIENTED_EDGE('',*,*,#1163,.T.);
#1654=ORIENTED_EDGE('',*,*,#1162,.T.);
#1655=ORIENTED_EDGE('',*,*,#1160,.T.);
#1656=ORIENTED_EDGE('',*,*,#1158,.T.);
#1657=ORIENTED_EDGE('',*,*,#1156,.T.);
#1658=ORIENTED_EDGE('',*,*,#1154,.T.);
#1659=ORIENTED_EDGE('',*,*,#1152,.T.);
#1660=ORIENTED_EDGE('',*,*,#1150,.T.);
#1661=ORIENTED_EDGE('',*,*,#1148,.T.);
#1662=ORIENTED_EDGE('',*,*,#1146,.T.);
#1663=ORIENTED_EDGE('',*,*,#1144,.T.);
#1664=ORIENTED_EDGE('',*,*,#1142,.T.);
#1665=ORIENTED_EDGE('',*,*,#1140,.T.);
#1666=ORIENTED_EDGE('',*,*,#1138,.T.);
#1667=ORIENTED_EDGE('',*,*,#1136,.T.);
#1668=ORIENTED_EDGE('',*,*,#1134,.T.);
#1669=ORIENTED_EDGE('',*,*,#1132,.T.);
#1670=ORIENTED_EDGE('',*,*,#1130,.T.);
#1671=ORIENTED_EDGE('',*,*,#1128,.T.);
#1672=ORIENTED_EDGE('',*,*,#1126,.T.);
#1673=ORIENTED_EDGE('',*,*,#1124,.T.);
#1674=ORIENTED_EDGE('',*,*,#1122,.T.);
#1675=ORIENTED_EDGE('',*,*,#1120,.T.);
#1676=ORIENTED_EDGE('',*,*,#1118,.T.);
#1677=ORIENTED_EDGE('',*,*,#1116,.T.);
#1678=ORIENTED_EDGE('',*,*,#1114,.T.);
#1679=ORIENTED_EDGE('',*,*,#1112,.T.);
#1680=ORIENTED_EDGE('',*,*,#1110,.T.);
#1681=ORIENTED_EDGE('',*,*,#1108,.T.);
#1682=ORIENTED_EDGE('',*,*,#1106,.T.);
#1683=ORIENTED_EDGE('',*,*,#1104,.T.);
#1684=ORIENTED_EDGE('',*,*,#1102,.T.);
#1685=ORIENTED_EDGE('',*,*,#1100,.T.);
#1686=ORIENTED_EDGE('',*,*,#1098,.T.);
#1687=ORIENTED_EDGE('',*,*,#1096,.T.);
#1688=ORIENTED_EDGE('',*,*,#1094,.T.);
#1689=ORIENTED_EDGE('',*,*,#1092,.T.);
#1690=ORIENTED_EDGE('',*,*,#1090,.T.);
#1691=ORIENTED_EDGE('',*,*,#1088,.T.);
#1692=ORIENTED_EDGE('',*,*,#1086,.T.);
#1693=ORIENTED_EDGE('',*,*,#1084,.T.);
#1694=ORIENTED_EDGE('',*,*,#1082,.T.);
#1695=ORIENTED_EDGE('',*,*,#1080,.T.);
#1696=ORIENTED_EDGE('',*,*,#1078,.T.);
#1697=ORIENTED_EDGE('',*,*,#1076,.T.);
#1698=ORIENTED_EDGE('',*,*,#1074,.T.);
#1699=ORIENTED_EDGE('',*,*,#1072,.T.);
#1700=ORIENTED_EDGE('',*,*,#1070,.T.);
#1701=ORIENTED_EDGE('',*,*,#1068,.T.);
#1702=ORIENTED_EDGE('',*,*,#1065,.T.);
#1703=ORIENTED_EDGE('',*,*,#1063,.T.);
#1704=ORIENTED_EDGE('',*,*,#1062,.T.);
#1705=ORIENTED_EDGE('',*,*,#1060,.T.);
#1706=ORIENTED_EDGE('',*,*,#1058,.T.);
#1707=ORIENTED_EDGE('',*,*,#1056,.T.);
#1708=ORIENTED_EDGE('',*,*,#1054,.T.);
#1709=ORIENTED_EDGE('',*,*,#1052,.T.);
#1710=ORIENTED_EDGE('',*,*,#1050,.T.);
#1711=ORIENTED_EDGE('',*,*,#1048,.T.);
#1712=ORIENTED_EDGE('',*,*,#1045,.T.);
#1713=ORIENTED_EDGE('',*,*,#1043,.T.);
#1714=ORIENTED_EDGE('',*,*,#1042,.T.);
#1715=ORIENTED_EDGE('',*,*,#1040,.T.);
#1716=ORIENTED_EDGE('',*,*,#1038,.T.);
#1717=ORIENTED_EDGE('',*,*,#1036,.T.);
#1718=ORIENTED_EDGE('',*,*,#1034,.T.);
#1719=ORIENTED_EDGE('',*,*,#1032,.T.);
#1720=ORIENTED_EDGE('',*,*,#1030,.T.);
#1721=ORIENTED_EDGE('',*,*,#1028,.T.);
#1722=CYLINDRICAL_SURFACE('',#1872,5.);
#1723=CYLINDRICAL_SURFACE('',#1921,5.);
#1724=CYLINDRICAL_SURFACE('',#1924,5.);
#1725=CYLINDRICAL_SURFACE('',#1926,5.);
#1726=CYLINDRICAL_SURFACE('',#1930,0.499999999999998);
#1727=CYLINDRICAL_SURFACE('',#1933,0.499999999999998);
#1728=CYLINDRICAL_SURFACE('',#1936,0.500000000000003);
#1729=CYLINDRICAL_SURFACE('',#1939,0.499999999999998);
#1730=CYLINDRICAL_SURFACE('',#1941,1.5);
#1731=CYLINDRICAL_SURFACE('',#1943,1.7);
#1732=CYLINDRICAL_SURFACE('',#1946,0.5);
#1733=CYLINDRICAL_SURFACE('',#1949,0.499999999999998);
#1734=CYLINDRICAL_SURFACE('',#1952,0.499999999999998);
#1735=CYLINDRICAL_SURFACE('',#1955,0.5);
#1736=CYLINDRICAL_SURFACE('',#1957,1.7);
#1737=CYLINDRICAL_SURFACE('',#1959,1.7);
#1738=CYLINDRICAL_SURFACE('',#1962,0.499999999999998);
#1739=CYLINDRICAL_SURFACE('',#1965,0.500000000000003);
#1740=CYLINDRICAL_SURFACE('',#1968,0.500000000000003);
#1741=CYLINDRICAL_SURFACE('',#1971,0.499999999999998);
#1742=CYLINDRICAL_SURFACE('',#1974,0.499999999999998);
#1743=CYLINDRICAL_SURFACE('',#1977,0.500000000000007);
#1744=CYLINDRICAL_SURFACE('',#1980,0.499999999999998);
#1745=CYLINDRICAL_SURFACE('',#1983,0.499999999999989);
#1746=CYLINDRICAL_SURFACE('',#1986,0.499999999999998);
#1747=CYLINDRICAL_SURFACE('',#1989,0.499999999999998);
#1748=CYLINDRICAL_SURFACE('',#1992,0.500000000000003);
#1749=CYLINDRICAL_SURFACE('',#1995,0.5);
#1750=CYLINDRICAL_SURFACE('',#1998,0.5);
#1751=CYLINDRICAL_SURFACE('',#2001,0.499999999999998);
#1752=CYLINDRICAL_SURFACE('',#2004,0.499999999999998);
#1753=CYLINDRICAL_SURFACE('',#2007,0.499999999999998);
#1754=CYLINDRICAL_SURFACE('',#2010,0.499999999999998);
#1755=CYLINDRICAL_SURFACE('',#2013,0.500000000000003);
#1756=CYLINDRICAL_SURFACE('',#2016,0.499999999999998);
#1757=CYLINDRICAL_SURFACE('',#2019,0.499999999999998);
#1758=CYLINDRICAL_SURFACE('',#2022,0.5);
#1759=CYLINDRICAL_SURFACE('',#2025,0.500000000000003);
#1760=CYLINDRICAL_SURFACE('',#2028,0.499999999999998);
#1761=CYLINDRICAL_SURFACE('',#2031,0.499999999999998);
#1762=CYLINDRICAL_SURFACE('',#2033,1.7);
#1763=CYLINDRICAL_SURFACE('',#2036,0.499999999999998);
#1764=CYLINDRICAL_SURFACE('',#2039,0.499999999999998);
#1765=CYLINDRICAL_SURFACE('',#2042,0.499999999999998);
#1766=CYLINDRICAL_SURFACE('',#2045,0.5);
#1767=ADVANCED_FACE('',(#89),#1722,.T.);
#1768=ADVANCED_FACE('',(#90),#43,.T.);
#1769=ADVANCED_FACE('',(#91,#15,#16,#17,#18,#19,#20,#21,#22,#23,#24,#25,
#26,#27,#28),#44,.F.);
#1770=ADVANCED_FACE('',(#92),#1723,.T.);
#1771=ADVANCED_FACE('',(#93),#45,.T.);
#1772=ADVANCED_FACE('',(#94),#1724,.T.);
#1773=ADVANCED_FACE('',(#95),#1725,.T.);
#1774=ADVANCED_FACE('',(#96),#46,.T.);
#1775=ADVANCED_FACE('',(#97),#47,.T.);
#1776=ADVANCED_FACE('',(#98),#1726,.F.);
#1777=ADVANCED_FACE('',(#99),#48,.T.);
#1778=ADVANCED_FACE('',(#100),#1727,.F.);
#1779=ADVANCED_FACE('',(#101),#49,.T.);
#1780=ADVANCED_FACE('',(#102),#1728,.F.);
#1781=ADVANCED_FACE('',(#103),#50,.T.);
#1782=ADVANCED_FACE('',(#104),#1729,.F.);
#1783=ADVANCED_FACE('',(#105),#1730,.F.);
#1784=ADVANCED_FACE('',(#106),#1731,.F.);
#1785=ADVANCED_FACE('',(#107),#51,.T.);
#1786=ADVANCED_FACE('',(#108),#1732,.F.);
#1787=ADVANCED_FACE('',(#109),#52,.T.);
#1788=ADVANCED_FACE('',(#110),#1733,.F.);
#1789=ADVANCED_FACE('',(#111),#53,.T.);
#1790=ADVANCED_FACE('',(#112),#1734,.F.);
#1791=ADVANCED_FACE('',(#113),#54,.T.);
#1792=ADVANCED_FACE('',(#114),#1735,.F.);
#1793=ADVANCED_FACE('',(#115),#1736,.F.);
#1794=ADVANCED_FACE('',(#116),#1737,.F.);
#1795=ADVANCED_FACE('',(#117),#55,.T.);
#1796=ADVANCED_FACE('',(#118),#1738,.F.);
#1797=ADVANCED_FACE('',(#119),#56,.T.);
#1798=ADVANCED_FACE('',(#120),#1739,.F.);
#1799=ADVANCED_FACE('',(#121),#57,.T.);
#1800=ADVANCED_FACE('',(#122),#1740,.F.);
#1801=ADVANCED_FACE('',(#123),#58,.T.);
#1802=ADVANCED_FACE('',(#124),#1741,.F.);
#1803=ADVANCED_FACE('',(#125),#59,.T.);
#1804=ADVANCED_FACE('',(#126),#1742,.F.);
#1805=ADVANCED_FACE('',(#127),#60,.T.);
#1806=ADVANCED_FACE('',(#128),#1743,.F.);
#1807=ADVANCED_FACE('',(#129),#61,.T.);
#1808=ADVANCED_FACE('',(#130),#1744,.F.);
#1809=ADVANCED_FACE('',(#131),#62,.T.);
#1810=ADVANCED_FACE('',(#132),#1745,.F.);
#1811=ADVANCED_FACE('',(#133),#63,.T.);
#1812=ADVANCED_FACE('',(#134),#1746,.F.);
#1813=ADVANCED_FACE('',(#135),#64,.T.);
#1814=ADVANCED_FACE('',(#136),#1747,.F.);
#1815=ADVANCED_FACE('',(#137),#65,.T.);
#1816=ADVANCED_FACE('',(#138),#1748,.F.);
#1817=ADVANCED_FACE('',(#139),#66,.T.);
#1818=ADVANCED_FACE('',(#140),#1749,.F.);
#1819=ADVANCED_FACE('',(#141),#67,.T.);
#1820=ADVANCED_FACE('',(#142),#1750,.F.);
#1821=ADVANCED_FACE('',(#143),#68,.T.);
#1822=ADVANCED_FACE('',(#144),#1751,.F.);
#1823=ADVANCED_FACE('',(#145),#69,.T.);
#1824=ADVANCED_FACE('',(#146),#1752,.F.);
#1825=ADVANCED_FACE('',(#147),#70,.T.);
#1826=ADVANCED_FACE('',(#148),#1753,.F.);
#1827=ADVANCED_FACE('',(#149),#71,.T.);
#1828=ADVANCED_FACE('',(#150),#1754,.F.);
#1829=ADVANCED_FACE('',(#151),#72,.T.);
#1830=ADVANCED_FACE('',(#152),#1755,.F.);
#1831=ADVANCED_FACE('',(#153),#73,.T.);
#1832=ADVANCED_FACE('',(#154),#1756,.F.);
#1833=ADVANCED_FACE('',(#155),#74,.T.);
#1834=ADVANCED_FACE('',(#156),#1757,.F.);
#1835=ADVANCED_FACE('',(#157),#75,.T.);
#1836=ADVANCED_FACE('',(#158),#1758,.F.);
#1837=ADVANCED_FACE('',(#159),#76,.T.);
#1838=ADVANCED_FACE('',(#160),#1759,.F.);
#1839=ADVANCED_FACE('',(#161),#77,.T.);
#1840=ADVANCED_FACE('',(#162),#1760,.F.);
#1841=ADVANCED_FACE('',(#163),#78,.T.);
#1842=ADVANCED_FACE('',(#164),#1761,.F.);
#1843=ADVANCED_FACE('',(#165),#1762,.F.);
#1844=ADVANCED_FACE('',(#166),#79,.T.);
#1845=ADVANCED_FACE('',(#167),#1763,.F.);
#1846=ADVANCED_FACE('',(#168),#80,.T.);
#1847=ADVANCED_FACE('',(#169),#1764,.F.);
#1848=ADVANCED_FACE('',(#170),#81,.T.);
#1849=ADVANCED_FACE('',(#171),#1765,.F.);
#1850=ADVANCED_FACE('',(#172),#82,.T.);
#1851=ADVANCED_FACE('',(#173),#1766,.F.);
#1852=ADVANCED_FACE('',(#174),#83,.T.);
#1853=ADVANCED_FACE('',(#175),#84,.T.);
#1854=ADVANCED_FACE('',(#176),#85,.T.);
#1855=ADVANCED_FACE('',(#177),#86,.T.);
#1856=ADVANCED_FACE('',(#178),#87,.T.);
#1857=ADVANCED_FACE('',(#179,#29,#30,#31,#32,#33,#34,#35,#36,#37,#38,#39,
#40,#41,#42),#88,.T.);
#1858=CLOSED_SHELL('',(#1767,#1768,#1769,#1770,#1771,#1772,#1773,#1774,
#1775,#1776,#1777,#1778,#1779,#1780,#1781,#1782,#1783,#1784,#1785,#1786,
#1787,#1788,#1789,#1790,#1791,#1792,#1793,#1794,#1795,#1796,#1797,#1798,
#1799,#1800,#1801,#1802,#1803,#1804,#1805,#1806,#1807,#1808,#1809,#1810,
#1811,#1812,#1813,#1814,#1815,#1816,#1817,#1818,#1819,#1820,#1821,#1822,
#1823,#1824,#1825,#1826,#1827,#1828,#1829,#1830,#1831,#1832,#1833,#1834,
#1835,#1836,#1837,#1838,#1839,#1840,#1841,#1842,#1843,#1844,#1845,#1846,
#1847,#1848,#1849,#1850,#1851,#1852,#1853,#1854,#1855,#1856,#1857));
#1859=DERIVED_UNIT_ELEMENT(#1861,1.);
#1860=DERIVED_UNIT_ELEMENT(#3136,-3.);
#1861=(
MASS_UNIT()
NAMED_UNIT(*)
SI_UNIT(.KILO.,.GRAM.)
);
#1862=DERIVED_UNIT((#1859,#1860));
#1863=MEASURE_REPRESENTATION_ITEM('density measure',
POSITIVE_RATIO_MEASURE(7850.),#1862);
#1864=PROPERTY_DEFINITION_REPRESENTATION(#1869,#1866);
#1865=PROPERTY_DEFINITION_REPRESENTATION(#1870,#1867);
#1866=REPRESENTATION('material name',(#1868),#3133);
#1867=REPRESENTATION('density',(#1863),#3133);
#1868=DESCRIPTIVE_REPRESENTATION_ITEM('Steel','Steel');
#1869=PROPERTY_DEFINITION('material property','material name',#3143);
#1870=PROPERTY_DEFINITION('material property','density of part',#3143);
#1871=AXIS2_PLACEMENT_3D('',#2594,#2053,#2054);
#1872=AXIS2_PLACEMENT_3D('',#2595,#2055,#2056);
#1873=AXIS2_PLACEMENT_3D('',#2598,#2057,#2058);
#1874=AXIS2_PLACEMENT_3D('',#2602,#2060,#2061);
#1875=AXIS2_PLACEMENT_3D('',#2604,#2063,#2064);
#1876=AXIS2_PLACEMENT_3D('',#2610,#2068,#2069);
#1877=AXIS2_PLACEMENT_3D('',#2614,#2071,#2072);
#1878=AXIS2_PLACEMENT_3D('',#2618,#2074,#2075);
#1879=AXIS2_PLACEMENT_3D('',#2622,#2077,#2078);
#1880=AXIS2_PLACEMENT_3D('',#2632,#2083,#2084);
#1881=AXIS2_PLACEMENT_3D('',#2636,#2086,#2087);
#1882=AXIS2_PLACEMENT_3D('',#2640,#2089,#2090);
#1883=AXIS2_PLACEMENT_3D('',#2644,#2092,#2093);
#1884=AXIS2_PLACEMENT_3D('',#2647,#2095,#2096);
#1885=AXIS2_PLACEMENT_3D('',#2650,#2097,#2098);
#1886=AXIS2_PLACEMENT_3D('',#2654,#2100,#2101);
#1887=AXIS2_PLACEMENT_3D('',#2658,#2103,#2104);
#1888=AXIS2_PLACEMENT_3D('',#2662,#2106,#2107);
#1889=AXIS2_PLACEMENT_3D('',#2666,#2109,#2110);
#1890=AXIS2_PLACEMENT_3D('',#2670,#2112,#2113);
#1891=AXIS2_PLACEMENT_3D('',#2674,#2115,#2116);
#1892=AXIS2_PLACEMENT_3D('',#2678,#2118,#2119);
#1893=AXIS2_PLACEMENT_3D('',#2682,#2121,#2122);
#1894=AXIS2_PLACEMENT_3D('',#2686,#2124,#2125);
#1895=AXIS2_PLACEMENT_3D('',#2690,#2127,#2128);
#1896=AXIS2_PLACEMENT_3D('',#2694,#2130,#2131);
#1897=AXIS2_PLACEMENT_3D('',#2698,#2133,#2134);
#1898=AXIS2_PLACEMENT_3D('',#2702,#2136,#2137);
#1899=AXIS2_PLACEMENT_3D('',#2706,#2139,#2140);
#1900=AXIS2_PLACEMENT_3D('',#2710,#2142,#2143);
#1901=AXIS2_PLACEMENT_3D('',#2714,#2145,#2146);
#1902=AXIS2_PLACEMENT_3D('',#2718,#2148,#2149);
#1903=AXIS2_PLACEMENT_3D('',#2722,#2151,#2152);
#1904=AXIS2_PLACEMENT_3D('',#2726,#2154,#2155);
#1905=AXIS2_PLACEMENT_3D('',#2730,#2157,#2158);
#1906=AXIS2_PLACEMENT_3D('',#2734,#2160,#2161);
#1907=AXIS2_PLACEMENT_3D('',#2738,#2163,#2164);
#1908=AXIS2_PLACEMENT_3D('',#2742,#2166,#2167);
#1909=AXIS2_PLACEMENT_3D('',#2745,#2169,#2170);
#1910=AXIS2_PLACEMENT_3D('',#2747,#2171,#2172);
#1911=AXIS2_PLACEMENT_3D('',#2750,#2173,#2174);
#1912=AXIS2_PLACEMENT_3D('',#2754,#2176,#2177);
#1913=AXIS2_PLACEMENT_3D('',#2758,#2179,#2180);
#1914=AXIS2_PLACEMENT_3D('',#2762,#2182,#2183);
#1915=AXIS2_PLACEMENT_3D('',#2765,#2185,#2186);
#1916=AXIS2_PLACEMENT_3D('',#2767,#2187,#2188);
#1917=AXIS2_PLACEMENT_3D('',#2770,#2189,#2190);
#1918=AXIS2_PLACEMENT_3D('',#2774,#2192,#2193);
#1919=AXIS2_PLACEMENT_3D('',#2778,#2195,#2196);
#1920=AXIS2_PLACEMENT_3D('',#2782,#2198,#2199);
#1921=AXIS2_PLACEMENT_3D('',#2784,#2201,#2202);
#1922=AXIS2_PLACEMENT_3D('',#2787,#2203,#2204);
#1923=AXIS2_PLACEMENT_3D('',#2790,#2207,#2208);
#1924=AXIS2_PLACEMENT_3D('',#2794,#2211,#2212);
#1925=AXIS2_PLACEMENT_3D('',#2796,#2213,#2214);
#1926=AXIS2_PLACEMENT_3D('',#2798,#2216,#2217);
#1927=AXIS2_PLACEMENT_3D('',#2801,#2218,#2219);
#1928=AXIS2_PLACEMENT_3D('',#2804,#2222,#2223);
#1929=AXIS2_PLACEMENT_3D('',#2808,#2226,#2227);
#1930=AXIS2_PLACEMENT_3D('',#2814,#2231,#2232);
#1931=AXIS2_PLACEMENT_3D('',#2816,#2233,#2234);
#1932=AXIS2_PLACEMENT_3D('',#2818,#2236,#2237);
#1933=AXIS2_PLACEMENT_3D('',#2822,#2240,#2241);
#1934=AXIS2_PLACEMENT_3D('',#2824,#2242,#2243);
#1935=AXIS2_PLACEMENT_3D('',#2826,#2245,#2246);
#1936=AXIS2_PLACEMENT_3D('',#2830,#2249,#2250);
#1937=AXIS2_PLACEMENT_3D('',#2832,#2251,#2252);
#1938=AXIS2_PLACEMENT_3D('',#2834,#2254,#2255);
#1939=AXIS2_PLACEMENT_3D('',#2838,#2258,#2259);
#1940=AXIS2_PLACEMENT_3D('',#2839,#2260,#2261);
#1941=AXIS2_PLACEMENT_3D('',#2840,#2262,#2263);
#1942=AXIS2_PLACEMENT_3D('',#2842,#2264,#2265);
#1943=AXIS2_PLACEMENT_3D('',#2844,#2267,#2268);
#1944=AXIS2_PLACEMENT_3D('',#2846,#2269,#2270);
#1945=AXIS2_PLACEMENT_3D('',#2848,#2272,#2273);
#1946=AXIS2_PLACEMENT_3D('',#2854,#2277,#2278);
#1947=AXIS2_PLACEMENT_3D('',#2856,#2279,#2280);
#1948=AXIS2_PLACEMENT_3D('',#2858,#2282,#2283);
#1949=AXIS2_PLACEMENT_3D('',#2862,#2286,#2287);
#1950=AXIS2_PLACEMENT_3D('',#2864,#2288,#2289);
#1951=AXIS2_PLACEMENT_3D('',#2866,#2291,#2292);
#1952=AXIS2_PLACEMENT_3D('',#2870,#2295,#2296);
#1953=AXIS2_PLACEMENT_3D('',#2872,#2297,#2298);
#1954=AXIS2_PLACEMENT_3D('',#2874,#2300,#2301);
#1955=AXIS2_PLACEMENT_3D('',#2878,#2304,#2305);
#1956=AXIS2_PLACEMENT_3D('',#2879,#2306,#2307);
#1957=AXIS2_PLACEMENT_3D('',#2880,#2308,#2309);
#1958=AXIS2_PLACEMENT_3D('',#2882,#2310,#2311);
#1959=AXIS2_PLACEMENT_3D('',#2884,#2313,#2314);
#1960=AXIS2_PLACEMENT_3D('',#2886,#2315,#2316);
#1961=AXIS2_PLACEMENT_3D('',#2888,#2318,#2319);
#1962=AXIS2_PLACEMENT_3D('',#2894,#2323,#2324);
#1963=AXIS2_PLACEMENT_3D('',#2896,#2325,#2326);
#1964=AXIS2_PLACEMENT_3D('',#2898,#2328,#2329);
#1965=AXIS2_PLACEMENT_3D('',#2902,#2332,#2333);
#1966=AXIS2_PLACEMENT_3D('',#2904,#2334,#2335);
#1967=AXIS2_PLACEMENT_3D('',#2906,#2337,#2338);
#1968=AXIS2_PLACEMENT_3D('',#2910,#2341,#2342);
#1969=AXIS2_PLACEMENT_3D('',#2912,#2343,#2344);
#1970=AXIS2_PLACEMENT_3D('',#2914,#2346,#2347);
#1971=AXIS2_PLACEMENT_3D('',#2918,#2350,#2351);
#1972=AXIS2_PLACEMENT_3D('',#2919,#2352,#2353);
#1973=AXIS2_PLACEMENT_3D('',#2920,#2354,#2355);
#1974=AXIS2_PLACEMENT_3D('',#2926,#2359,#2360);
#1975=AXIS2_PLACEMENT_3D('',#2928,#2361,#2362);
#1976=AXIS2_PLACEMENT_3D('',#2930,#2364,#2365);
#1977=AXIS2_PLACEMENT_3D('',#2934,#2368,#2369);
#1978=AXIS2_PLACEMENT_3D('',#2936,#2370,#2371);
#1979=AXIS2_PLACEMENT_3D('',#2938,#2373,#2374);
#1980=AXIS2_PLACEMENT_3D('',#2942,#2377,#2378);
#1981=AXIS2_PLACEMENT_3D('',#2944,#2379,#2380);
#1982=AXIS2_PLACEMENT_3D('',#2946,#2382,#2383);
#1983=AXIS2_PLACEMENT_3D('',#2950,#2386,#2387);
#1984=AXIS2_PLACEMENT_3D('',#2951,#2388,#2389);
#1985=AXIS2_PLACEMENT_3D('',#2952,#2390,#2391);
#1986=AXIS2_PLACEMENT_3D('',#2958,#2395,#2396);
#1987=AXIS2_PLACEMENT_3D('',#2960,#2397,#2398);
#1988=AXIS2_PLACEMENT_3D('',#2962,#2400,#2401);
#1989=AXIS2_PLACEMENT_3D('',#2966,#2404,#2405);
#1990=AXIS2_PLACEMENT_3D('',#2968,#2406,#2407);
#1991=AXIS2_PLACEMENT_3D('',#2970,#2409,#2410);
#1992=AXIS2_PLACEMENT_3D('',#2974,#2413,#2414);
#1993=AXIS2_PLACEMENT_3D('',#2976,#2415,#2416);
#1994=AXIS2_PLACEMENT_3D('',#2978,#2418,#2419);
#1995=AXIS2_PLACEMENT_3D('',#2982,#2422,#2423);
#1996=AXIS2_PLACEMENT_3D('',#2983,#2424,#2425);
#1997=AXIS2_PLACEMENT_3D('',#2984,#2426,#2427);
#1998=AXIS2_PLACEMENT_3D('',#2990,#2431,#2432);
#1999=AXIS2_PLACEMENT_3D('',#2992,#2433,#2434);
#2000=AXIS2_PLACEMENT_3D('',#2994,#2436,#2437);
#2001=AXIS2_PLACEMENT_3D('',#2998,#2440,#2441);
#2002=AXIS2_PLACEMENT_3D('',#3000,#2442,#2443);
#2003=AXIS2_PLACEMENT_3D('',#3002,#2445,#2446);
#2004=AXIS2_PLACEMENT_3D('',#3006,#2449,#2450);
#2005=AXIS2_PLACEMENT_3D('',#3008,#2451,#2452);
#2006=AXIS2_PLACEMENT_3D('',#3010,#2454,#2455);
#2007=AXIS2_PLACEMENT_3D('',#3014,#2458,#2459);
#2008=AXIS2_PLACEMENT_3D('',#3015,#2460,#2461);
#2009=AXIS2_PLACEMENT_3D('',#3016,#2462,#2463);
#2010=AXIS2_PLACEMENT_3D('',#3022,#2467,#2468);
#2011=AXIS2_PLACEMENT_3D('',#3024,#2469,#2470);
#2012=AXIS2_PLACEMENT_3D('',#3026,#2472,#2473);
#2013=AXIS2_PLACEMENT_3D('',#3030,#2476,#2477);
#2014=AXIS2_PLACEMENT_3D('',#3032,#2478,#2479);
#2015=AXIS2_PLACEMENT_3D('',#3034,#2481,#2482);
#2016=AXIS2_PLACEMENT_3D('',#3038,#2485,#2486);
#2017=AXIS2_PLACEMENT_3D('',#3040,#2487,#2488);
#2018=AXIS2_PLACEMENT_3D('',#3042,#2490,#2491);
#2019=AXIS2_PLACEMENT_3D('',#3046,#2494,#2495);
#2020=AXIS2_PLACEMENT_3D('',#3047,#2496,#2497);
#2021=AXIS2_PLACEMENT_3D('',#3048,#2498,#2499);
#2022=AXIS2_PLACEMENT_3D('',#3054,#2503,#2504);
#2023=AXIS2_PLACEMENT_3D('',#3056,#2505,#2506);
#2024=AXIS2_PLACEMENT_3D('',#3058,#2508,#2509);
#2025=AXIS2_PLACEMENT_3D('',#3062,#2512,#2513);
#2026=AXIS2_PLACEMENT_3D('',#3064,#2514,#2515);
#2027=AXIS2_PLACEMENT_3D('',#3066,#2517,#2518);
#2028=AXIS2_PLACEMENT_3D('',#3070,#2521,#2522);
#2029=AXIS2_PLACEMENT_3D('',#3072,#2523,#2524);
#2030=AXIS2_PLACEMENT_3D('',#3074,#2526,#2527);
#2031=AXIS2_PLACEMENT_3D('',#3078,#2530,#2531);
#2032=AXIS2_PLACEMENT_3D('',#3079,#2532,#2533);
#2033=AXIS2_PLACEMENT_3D('',#3080,#2534,#2535);
#2034=AXIS2_PLACEMENT_3D('',#3082,#2536,#2537);
#2035=AXIS2_PLACEMENT_3D('',#3084,#2539,#2540);
#2036=AXIS2_PLACEMENT_3D('',#3090,#2544,#2545);
#2037=AXIS2_PLACEMENT_3D('',#3092,#2546,#2547);
#2038=AXIS2_PLACEMENT_3D('',#3094,#2549,#2550);
#2039=AXIS2_PLACEMENT_3D('',#3098,#2553,#2554);
#2040=AXIS2_PLACEMENT_3D('',#3100,#2555,#2556);
#2041=AXIS2_PLACEMENT_3D('',#3102,#2558,#2559);
#2042=AXIS2_PLACEMENT_3D('',#3106,#2562,#2563);
#2043=AXIS2_PLACEMENT_3D('',#3108,#2564,#2565);
#2044=AXIS2_PLACEMENT_3D('',#3110,#2567,#2568);
#2045=AXIS2_PLACEMENT_3D('',#3114,#2571,#2572);
#2046=AXIS2_PLACEMENT_3D('',#3115,#2573,#2574);
#2047=AXIS2_PLACEMENT_3D('',#3116,#2575,#2576);
#2048=AXIS2_PLACEMENT_3D('',#3122,#2580,#2581);
#2049=AXIS2_PLACEMENT_3D('',#3124,#2583,#2584);
#2050=AXIS2_PLACEMENT_3D('',#3126,#2586,#2587);
#2051=AXIS2_PLACEMENT_3D('',#3128,#2589,#2590);
#2052=AXIS2_PLACEMENT_3D('',#3130,#2592,#2593);
#2053=DIRECTION('axis',(0.,0.,1.));
#2054=DIRECTION('refdir',(1.,0.,0.));
#2055=DIRECTION('center_axis',(0.,0.,1.));
#2056=DIRECTION('ref_axis',(0.707106781186547,0.707106781186547,0.));
#2057=DIRECTION('center_axis',(0.,0.,-1.));
#2058=DIRECTION('ref_axis',(0.707106781186547,0.707106781186547,0.));
#2059=DIRECTION('',(0.,0.,-1.));
#2060=DIRECTION('center_axis',(0.,0.,1.));
#2061=DIRECTION('ref_axis',(0.707106781186547,0.707106781186547,0.));
#2062=DIRECTION('',(0.,0.,1.));
#2063=DIRECTION('center_axis',(-5.42147412315582E-17,1.,0.));
#2064=DIRECTION('ref_axis',(-1.,-5.42147412315582E-17,0.));
#2065=DIRECTION('',(-1.,-5.42147412315582E-17,0.));
#2066=DIRECTION('',(0.,0.,1.));
#2067=DIRECTION('',(-1.,-5.42147412315582E-17,0.));
#2068=DIRECTION('center_axis',(0.,0.,1.));
#2069=DIRECTION('ref_axis',(1.,0.,0.));
#2070=DIRECTION('',(0.,1.,0.));
#2071=DIRECTION('center_axis',(0.,0.,1.));
#2072=DIRECTION('ref_axis',(0.707106781186547,-0.707106781186547,0.));
#2073=DIRECTION('',(1.,0.,0.));
#2074=DIRECTION('center_axis',(0.,0.,1.));
#2075=DIRECTION('ref_axis',(-0.707106781186547,-0.707106781186547,0.));
#2076=DIRECTION('',(0.,-1.,0.));
#2077=DIRECTION('center_axis',(0.,0.,1.));
#2078=DIRECTION('ref_axis',(-0.707106781186547,0.707106781186547,0.));
#2079=DIRECTION('',(-1.,-5.42147412315582E-17,0.));
#2080=DIRECTION('',(0.,1.,0.));
#2081=DIRECTION('',(-1.,6.00120553851436E-17,0.));
#2082=DIRECTION('',(0.,-1.,0.));
#2083=DIRECTION('center_axis',(0.,0.,-1.));
#2084=DIRECTION('ref_axis',(0.,1.,0.));
#2085=DIRECTION('',(0.,1.,0.));
#2086=DIRECTION('center_axis',(0.,0.,-1.));
#2087=DIRECTION('ref_axis',(-1.,0.,0.));
#2088=DIRECTION('',(-1.,0.,0.));
#2089=DIRECTION('center_axis',(0.,0.,-1.));
#2090=DIRECTION('ref_axis',(0.,-1.,0.));
#2091=DIRECTION('',(0.,-1.,0.));
#2092=DIRECTION('center_axis',(0.,0.,-1.));
#2093=DIRECTION('ref_axis',(1.,0.,0.));
#2094=DIRECTION('',(1.,0.,0.));
#2095=DIRECTION('center_axis',(0.,0.,-1.));
#2096=DIRECTION('ref_axis',(1.,0.,0.));
#2097=DIRECTION('center_axis',(0.,0.,-1.));
#2098=DIRECTION('ref_axis',(0.,1.,0.));
#2099=DIRECTION('',(0.,1.,0.));
#2100=DIRECTION('center_axis',(0.,0.,-1.));
#2101=DIRECTION('ref_axis',(-1.,0.,0.));
#2102=DIRECTION('',(-1.,0.,0.));
#2103=DIRECTION('center_axis',(0.,0.,-1.));
#2104=DIRECTION('ref_axis',(0.,-1.,0.));
#2105=DIRECTION('',(0.,-1.,0.));
#2106=DIRECTION('center_axis',(0.,0.,-1.));
#2107=DIRECTION('ref_axis',(1.,0.,0.));
#2108=DIRECTION('',(1.,0.,0.));
#2109=DIRECTION('center_axis',(0.,0.,-1.));
#2110=DIRECTION('ref_axis',(0.,1.,0.));
#2111=DIRECTION('',(0.,1.,0.));
#2112=DIRECTION('center_axis',(0.,0.,-1.));
#2113=DIRECTION('ref_axis',(-1.,0.,0.));
#2114=DIRECTION('',(-1.,0.,0.));
#2115=DIRECTION('center_axis',(0.,0.,-1.));
#2116=DIRECTION('ref_axis',(0.,-1.,0.));
#2117=DIRECTION('',(0.,-1.,0.));
#2118=DIRECTION('center_axis',(0.,0.,-1.));
#2119=DIRECTION('ref_axis',(1.,0.,0.));
#2120=DIRECTION('',(1.,0.,0.));
#2121=DIRECTION('center_axis',(0.,0.,-1.));
#2122=DIRECTION('ref_axis',(0.,1.,0.));
#2123=DIRECTION('',(0.,1.,0.));
#2124=DIRECTION('center_axis',(0.,0.,-1.));
#2125=DIRECTION('ref_axis',(-1.,0.,0.));
#2126=DIRECTION('',(-1.,0.,0.));
#2127=DIRECTION('center_axis',(0.,0.,-1.));
#2128=DIRECTION('ref_axis',(0.,-1.,0.));
#2129=DIRECTION('',(0.,-1.,0.));
#2130=DIRECTION('center_axis',(0.,0.,-1.));
#2131=DIRECTION('ref_axis',(1.,0.,0.));
#2132=DIRECTION('',(1.,0.,0.));
#2133=DIRECTION('center_axis',(0.,0.,-1.));
#2134=DIRECTION('ref_axis',(0.,1.,0.));
#2135=DIRECTION('',(0.,1.,0.));
#2136=DIRECTION('center_axis',(0.,0.,-1.));
#2137=DIRECTION('ref_axis',(-1.,0.,0.));
#2138=DIRECTION('',(-1.,0.,0.));
#2139=DIRECTION('center_axis',(0.,0.,-1.));
#2140=DIRECTION('ref_axis',(0.,-1.,0.));
#2141=DIRECTION('',(0.,-1.,0.));
#2142=DIRECTION('center_axis',(0.,0.,-1.));
#2143=DIRECTION('ref_axis',(1.,0.,0.));
#2144=DIRECTION('',(1.,0.,0.));
#2145=DIRECTION('center_axis',(0.,0.,-1.));
#2146=DIRECTION('ref_axis',(1.,0.,0.));
#2147=DIRECTION('',(1.,0.,0.));
#2148=DIRECTION('center_axis',(0.,0.,-1.));
#2149=DIRECTION('ref_axis',(0.,1.,0.));
#2150=DIRECTION('',(0.,1.,0.));
#2151=DIRECTION('center_axis',(0.,0.,-1.));
#2152=DIRECTION('ref_axis',(-1.,0.,0.));
#2153=DIRECTION('',(-1.,0.,0.));
#2154=DIRECTION('center_axis',(0.,0.,-1.));
#2155=DIRECTION('ref_axis',(0.,-1.,0.));
#2156=DIRECTION('',(0.,-1.,0.));
#2157=DIRECTION('center_axis',(0.,0.,-1.));
#2158=DIRECTION('ref_axis',(0.,1.,0.));
#2159=DIRECTION('',(0.,1.,0.));
#2160=DIRECTION('center_axis',(0.,0.,-1.));
#2161=DIRECTION('ref_axis',(-1.,0.,0.));
#2162=DIRECTION('',(-1.,0.,0.));
#2163=DIRECTION('center_axis',(0.,0.,-1.));
#2164=DIRECTION('ref_axis',(0.,-1.,0.));
#2165=DIRECTION('',(0.,-1.,0.));
#2166=DIRECTION('center_axis',(0.,0.,-1.));
#2167=DIRECTION('ref_axis',(1.,0.,0.));
#2168=DIRECTION('',(1.,0.,0.));
#2169=DIRECTION('center_axis',(0.,0.,-1.));
#2170=DIRECTION('ref_axis',(1.,0.,0.));
#2171=DIRECTION('center_axis',(0.,0.,-1.));
#2172=DIRECTION('ref_axis',(1.,0.,0.));
#2173=DIRECTION('center_axis',(0.,0.,-1.));
#2174=DIRECTION('ref_axis',(0.,1.,0.));
#2175=DIRECTION('',(0.,1.,0.));
#2176=DIRECTION('center_axis',(0.,0.,-1.));
#2177=DIRECTION('ref_axis',(-1.,0.,0.));
#2178=DIRECTION('',(-1.,0.,0.));
#2179=DIRECTION('center_axis',(0.,0.,-1.));
#2180=DIRECTION('ref_axis',(0.,-1.,0.));
#2181=DIRECTION('',(0.,-1.,0.));
#2182=DIRECTION('center_axis',(0.,0.,-1.));
#2183=DIRECTION('ref_axis',(1.,0.,0.));
#2184=DIRECTION('',(1.,0.,0.));
#2185=DIRECTION('center_axis',(0.,0.,-1.));
#2186=DIRECTION('ref_axis',(1.,0.,0.));
#2187=DIRECTION('center_axis',(0.,0.,-1.));
#2188=DIRECTION('ref_axis',(1.,0.,0.));
#2189=DIRECTION('center_axis',(0.,0.,-1.));
#2190=DIRECTION('ref_axis',(0.,1.,0.));
#2191=DIRECTION('',(0.,1.,0.));
#2192=DIRECTION('center_axis',(0.,0.,-1.));
#2193=DIRECTION('ref_axis',(-1.,0.,0.));
#2194=DIRECTION('',(-1.,0.,0.));
#2195=DIRECTION('center_axis',(0.,0.,-1.));
#2196=DIRECTION('ref_axis',(0.,-1.,0.));
#2197=DIRECTION('',(0.,-1.,0.));
#2198=DIRECTION('center_axis',(0.,0.,-1.));
#2199=DIRECTION('ref_axis',(1.,0.,0.));
#2200=DIRECTION('',(1.,0.,0.));
#2201=DIRECTION('center_axis',(0.,0.,1.));
#2202=DIRECTION('ref_axis',(0.707106781186547,-0.707106781186547,0.));
#2203=DIRECTION('center_axis',(0.,0.,-1.));
#2204=DIRECTION('ref_axis',(0.707106781186547,-0.707106781186547,0.));
#2205=DIRECTION('',(0.,0.,-1.));
#2206=DIRECTION('',(0.,0.,1.));
#2207=DIRECTION('center_axis',(0.,-1.,0.));
#2208=DIRECTION('ref_axis',(1.,0.,0.));
#2209=DIRECTION('',(1.,0.,0.));
#2210=DIRECTION('',(0.,0.,1.));
#2211=DIRECTION('center_axis',(0.,0.,1.));
#2212=DIRECTION('ref_axis',(-0.707106781186547,-0.707106781186547,0.));
#2213=DIRECTION('center_axis',(0.,0.,-1.));
#2214=DIRECTION('ref_axis',(-0.707106781186547,-0.707106781186547,0.));
#2215=DIRECTION('',(0.,0.,-1.));
#2216=DIRECTION('center_axis',(0.,0.,1.));
#2217=DIRECTION('ref_axis',(-0.707106781186547,0.707106781186547,0.));
#2218=DIRECTION('center_axis',(0.,0.,-1.));
#2219=DIRECTION('ref_axis',(-0.707106781186547,0.707106781186547,0.));
#2220=DIRECTION('',(0.,0.,-1.));
#2221=DIRECTION('',(0.,0.,1.));
#2222=DIRECTION('center_axis',(-5.42147412315582E-17,1.,0.));
#2223=DIRECTION('ref_axis',(-1.,-5.42147412315582E-17,0.));
#2224=DIRECTION('',(-1.,-5.42147412315582E-17,0.));
#2225=DIRECTION('',(0.,0.,1.));
#2226=DIRECTION('center_axis',(1.,0.,0.));
#2227=DIRECTION('ref_axis',(0.,1.,0.));
#2228=DIRECTION('',(0.,0.,1.));
#2229=DIRECTION('',(0.,1.,0.));
#2230=DIRECTION('',(0.,0.,1.));
#2231=DIRECTION('center_axis',(0.,0.,1.));
#2232=DIRECTION('ref_axis',(-1.,0.,0.));
#2233=DIRECTION('center_axis',(0.,0.,-1.));
#2234=DIRECTION('ref_axis',(-1.,0.,0.));
#2235=DIRECTION('',(0.,0.,1.));
#2236=DIRECTION('center_axis',(0.,1.,0.));
#2237=DIRECTION('ref_axis',(-1.,0.,0.));
#2238=DIRECTION('',(-1.,0.,0.));
#2239=DIRECTION('',(0.,0.,1.));
#2240=DIRECTION('center_axis',(0.,0.,1.));
#2241=DIRECTION('ref_axis',(0.,-1.,0.));
#2242=DIRECTION('center_axis',(0.,0.,-1.));
#2243=DIRECTION('ref_axis',(0.,-1.,0.));
#2244=DIRECTION('',(0.,0.,1.));
#2245=DIRECTION('center_axis',(-1.,0.,0.));
#2246=DIRECTION('ref_axis',(0.,-1.,0.));
#2247=DIRECTION('',(0.,-1.,0.));
#2248=DIRECTION('',(0.,0.,1.));
#2249=DIRECTION('center_axis',(0.,0.,1.));
#2250=DIRECTION('ref_axis',(1.,0.,0.));
#2251=DIRECTION('center_axis',(0.,0.,-1.));
#2252=DIRECTION('ref_axis',(1.,0.,0.));
#2253=DIRECTION('',(0.,0.,1.));
#2254=DIRECTION('center_axis',(0.,-1.,0.));
#2255=DIRECTION('ref_axis',(1.,0.,0.));
#2256=DIRECTION('',(1.,0.,0.));
#2257=DIRECTION('',(0.,0.,1.));
#2258=DIRECTION('center_axis',(0.,0.,1.));
#2259=DIRECTION('ref_axis',(0.,1.,0.));
#2260=DIRECTION('center_axis',(0.,0.,-1.));
#2261=DIRECTION('ref_axis',(0.,1.,0.));
#2262=DIRECTION('center_axis',(0.,0.,1.));
#2263=DIRECTION('ref_axis',(1.,0.,0.));
#2264=DIRECTION('center_axis',(0.,0.,-1.));
#2265=DIRECTION('ref_axis',(1.,0.,0.));
#2266=DIRECTION('',(0.,0.,-1.));
#2267=DIRECTION('center_axis',(0.,0.,1.));
#2268=DIRECTION('ref_axis',(1.,0.,0.));
#2269=DIRECTION('center_axis',(0.,0.,-1.));
#2270=DIRECTION('ref_axis',(1.,0.,0.));
#2271=DIRECTION('',(0.,0.,-1.));
#2272=DIRECTION('center_axis',(1.,0.,0.));
#2273=DIRECTION('ref_axis',(0.,1.,0.));
#2274=DIRECTION('',(0.,0.,1.));
#2275=DIRECTION('',(0.,1.,0.));
#2276=DIRECTION('',(0.,0.,1.));
#2277=DIRECTION('center_axis',(0.,0.,1.));
#2278=DIRECTION('ref_axis',(-1.,0.,0.));
#2279=DIRECTION('center_axis',(0.,0.,-1.));
#2280=DIRECTION('ref_axis',(-1.,0.,0.));
#2281=DIRECTION('',(0.,0.,1.));
#2282=DIRECTION('center_axis',(0.,1.,0.));
#2283=DIRECTION('ref_axis',(-1.,0.,0.));
#2284=DIRECTION('',(-1.,0.,0.));
#2285=DIRECTION('',(0.,0.,1.));
#2286=DIRECTION('center_axis',(0.,0.,1.));
#2287=DIRECTION('ref_axis',(0.,-1.,0.));
#2288=DIRECTION('center_axis',(0.,0.,-1.));
#2289=DIRECTION('ref_axis',(0.,-1.,0.));
#2290=DIRECTION('',(0.,0.,1.));
#2291=DIRECTION('center_axis',(-1.,0.,0.));
#2292=DIRECTION('ref_axis',(0.,-1.,0.));
#2293=DIRECTION('',(0.,-1.,0.));
#2294=DIRECTION('',(0.,0.,1.));
#2295=DIRECTION('center_axis',(0.,0.,1.));
#2296=DIRECTION('ref_axis',(1.,0.,0.));
#2297=DIRECTION('center_axis',(0.,0.,-1.));
#2298=DIRECTION('ref_axis',(1.,0.,0.));
#2299=DIRECTION('',(0.,0.,1.));
#2300=DIRECTION('center_axis',(0.,-1.,0.));
#2301=DIRECTION('ref_axis',(1.,0.,0.));
#2302=DIRECTION('',(1.,0.,0.));
#2303=DIRECTION('',(0.,0.,1.));
#2304=DIRECTION('center_axis',(0.,0.,1.));
#2305=DIRECTION('ref_axis',(0.,1.,0.));
#2306=DIRECTION('center_axis',(0.,0.,-1.));
#2307=DIRECTION('ref_axis',(0.,1.,0.));
#2308=DIRECTION('center_axis',(0.,0.,1.));
#2309=DIRECTION('ref_axis',(1.,0.,0.));
#2310=DIRECTION('center_axis',(0.,0.,-1.));
#2311=DIRECTION('ref_axis',(1.,0.,0.));
#2312=DIRECTION('',(0.,0.,-1.));
#2313=DIRECTION('center_axis',(0.,0.,1.));
#2314=DIRECTION('ref_axis',(1.,0.,0.));
#2315=DIRECTION('center_axis',(0.,0.,-1.));
#2316=DIRECTION('ref_axis',(1.,0.,0.));
#2317=DIRECTION('',(0.,0.,-1.));
#2318=DIRECTION('center_axis',(1.,0.,0.));
#2319=DIRECTION('ref_axis',(0.,1.,0.));
#2320=DIRECTION('',(0.,0.,1.));
#2321=DIRECTION('',(0.,1.,0.));
#2322=DIRECTION('',(0.,0.,1.));
#2323=DIRECTION('center_axis',(0.,0.,1.));
#2324=DIRECTION('ref_axis',(-1.,0.,0.));
#2325=DIRECTION('center_axis',(0.,0.,-1.));
#2326=DIRECTION('ref_axis',(-1.,0.,0.));
#2327=DIRECTION('',(0.,0.,1.));
#2328=DIRECTION('center_axis',(0.,1.,0.));
#2329=DIRECTION('ref_axis',(-1.,0.,0.));
#2330=DIRECTION('',(-1.,0.,0.));
#2331=DIRECTION('',(0.,0.,1.));
#2332=DIRECTION('center_axis',(0.,0.,1.));
#2333=DIRECTION('ref_axis',(0.,-1.,0.));
#2334=DIRECTION('center_axis',(0.,0.,-1.));
#2335=DIRECTION('ref_axis',(0.,-1.,0.));
#2336=DIRECTION('',(0.,0.,1.));
#2337=DIRECTION('center_axis',(-1.,0.,0.));
#2338=DIRECTION('ref_axis',(0.,-1.,0.));
#2339=DIRECTION('',(0.,-1.,0.));
#2340=DIRECTION('',(0.,0.,1.));
#2341=DIRECTION('center_axis',(0.,0.,1.));
#2342=DIRECTION('ref_axis',(1.,0.,0.));
#2343=DIRECTION('center_axis',(0.,0.,-1.));
#2344=DIRECTION('ref_axis',(1.,0.,0.));
#2345=DIRECTION('',(0.,0.,1.));
#2346=DIRECTION('center_axis',(0.,-1.,0.));
#2347=DIRECTION('ref_axis',(1.,0.,0.));
#2348=DIRECTION('',(1.,0.,0.));
#2349=DIRECTION('',(0.,0.,1.));
#2350=DIRECTION('center_axis',(0.,0.,1.));
#2351=DIRECTION('ref_axis',(0.,1.,0.));
#2352=DIRECTION('center_axis',(0.,0.,-1.));
#2353=DIRECTION('ref_axis',(0.,1.,0.));
#2354=DIRECTION('center_axis',(0.,-1.,0.));
#2355=DIRECTION('ref_axis',(1.,0.,0.));
#2356=DIRECTION('',(0.,0.,1.));
#2357=DIRECTION('',(1.,0.,0.));
#2358=DIRECTION('',(0.,0.,1.));
#2359=DIRECTION('center_axis',(0.,0.,1.));
#2360=DIRECTION('ref_axis',(0.,1.,0.));
#2361=DIRECTION('center_axis',(0.,0.,-1.));
#2362=DIRECTION('ref_axis',(0.,1.,0.));
#2363=DIRECTION('',(0.,0.,1.));
#2364=DIRECTION('center_axis',(1.,0.,0.));
#2365=DIRECTION('ref_axis',(0.,1.,0.));
#2366=DIRECTION('',(0.,1.,0.));
#2367=DIRECTION('',(0.,0.,1.));
#2368=DIRECTION('center_axis',(0.,0.,1.));
#2369=DIRECTION('ref_axis',(-1.,0.,0.));
#2370=DIRECTION('center_axis',(0.,0.,-1.));
#2371=DIRECTION('ref_axis',(-1.,0.,0.));
#2372=DIRECTION('',(0.,0.,1.));
#2373=DIRECTION('center_axis',(0.,1.,0.));
#2374=DIRECTION('ref_axis',(-1.,0.,0.));
#2375=DIRECTION('',(-1.,0.,0.));
#2376=DIRECTION('',(0.,0.,1.));
#2377=DIRECTION('center_axis',(0.,0.,1.));
#2378=DIRECTION('ref_axis',(0.,-1.,0.));
#2379=DIRECTION('center_axis',(0.,0.,-1.));
#2380=DIRECTION('ref_axis',(0.,-1.,0.));
#2381=DIRECTION('',(0.,0.,1.));
#2382=DIRECTION('center_axis',(-1.,0.,0.));
#2383=DIRECTION('ref_axis',(0.,-1.,0.));
#2384=DIRECTION('',(0.,-1.,0.));
#2385=DIRECTION('',(0.,0.,1.));
#2386=DIRECTION('center_axis',(0.,0.,1.));
#2387=DIRECTION('ref_axis',(1.,0.,0.));
#2388=DIRECTION('center_axis',(0.,0.,-1.));
#2389=DIRECTION('ref_axis',(1.,0.,0.));
#2390=DIRECTION('center_axis',(1.,0.,0.));
#2391=DIRECTION('ref_axis',(0.,1.,0.));
#2392=DIRECTION('',(0.,0.,1.));
#2393=DIRECTION('',(0.,1.,0.));
#2394=DIRECTION('',(0.,0.,1.));
#2395=DIRECTION('center_axis',(0.,0.,1.));
#2396=DIRECTION('ref_axis',(-1.,0.,0.));
#2397=DIRECTION('center_axis',(0.,0.,-1.));
#2398=DIRECTION('ref_axis',(-1.,0.,0.));
#2399=DIRECTION('',(0.,0.,1.));
#2400=DIRECTION('center_axis',(0.,1.,0.));
#2401=DIRECTION('ref_axis',(-1.,0.,0.));
#2402=DIRECTION('',(-1.,0.,0.));
#2403=DIRECTION('',(0.,0.,1.));
#2404=DIRECTION('center_axis',(0.,0.,1.));
#2405=DIRECTION('ref_axis',(0.,-1.,0.));
#2406=DIRECTION('center_axis',(0.,0.,-1.));
#2407=DIRECTION('ref_axis',(0.,-1.,0.));
#2408=DIRECTION('',(0.,0.,1.));
#2409=DIRECTION('center_axis',(-1.,0.,0.));
#2410=DIRECTION('ref_axis',(0.,-1.,0.));
#2411=DIRECTION('',(0.,-1.,0.));
#2412=DIRECTION('',(0.,0.,1.));
#2413=DIRECTION('center_axis',(0.,0.,1.));
#2414=DIRECTION('ref_axis',(1.,0.,0.));
#2415=DIRECTION('center_axis',(0.,0.,-1.));
#2416=DIRECTION('ref_axis',(1.,0.,0.));
#2417=DIRECTION('',(0.,0.,1.));
#2418=DIRECTION('center_axis',(0.,-1.,0.));
#2419=DIRECTION('ref_axis',(1.,0.,0.));
#2420=DIRECTION('',(1.,0.,0.));
#2421=DIRECTION('',(0.,0.,1.));
#2422=DIRECTION('center_axis',(0.,0.,1.));
#2423=DIRECTION('ref_axis',(0.,1.,0.));
#2424=DIRECTION('center_axis',(0.,0.,-1.));
#2425=DIRECTION('ref_axis',(0.,1.,0.));
#2426=DIRECTION('center_axis',(1.,0.,0.));
#2427=DIRECTION('ref_axis',(0.,1.,0.));
#2428=DIRECTION('',(0.,0.,1.));
#2429=DIRECTION('',(0.,1.,0.));
#2430=DIRECTION('',(0.,0.,1.));
#2431=DIRECTION('center_axis',(0.,0.,1.));
#2432=DIRECTION('ref_axis',(-1.,0.,0.));
#2433=DIRECTION('center_axis',(0.,0.,-1.));
#2434=DIRECTION('ref_axis',(-1.,0.,0.));
#2435=DIRECTION('',(0.,0.,1.));
#2436=DIRECTION('center_axis',(0.,1.,0.));
#2437=DIRECTION('ref_axis',(-1.,0.,0.));
#2438=DIRECTION('',(-1.,0.,0.));
#2439=DIRECTION('',(0.,0.,1.));
#2440=DIRECTION('center_axis',(0.,0.,1.));
#2441=DIRECTION('ref_axis',(0.,-1.,0.));
#2442=DIRECTION('center_axis',(0.,0.,-1.));
#2443=DIRECTION('ref_axis',(0.,-1.,0.));
#2444=DIRECTION('',(0.,0.,1.));
#2445=DIRECTION('center_axis',(-1.,0.,0.));
#2446=DIRECTION('ref_axis',(0.,-1.,0.));
#2447=DIRECTION('',(0.,-1.,0.));
#2448=DIRECTION('',(0.,0.,1.));
#2449=DIRECTION('center_axis',(0.,0.,1.));
#2450=DIRECTION('ref_axis',(1.,0.,0.));
#2451=DIRECTION('center_axis',(0.,0.,-1.));
#2452=DIRECTION('ref_axis',(1.,0.,0.));
#2453=DIRECTION('',(0.,0.,1.));
#2454=DIRECTION('center_axis',(0.,-1.,0.));
#2455=DIRECTION('ref_axis',(1.,0.,0.));
#2456=DIRECTION('',(1.,0.,0.));
#2457=DIRECTION('',(0.,0.,1.));
#2458=DIRECTION('center_axis',(0.,0.,1.));
#2459=DIRECTION('ref_axis',(0.,1.,0.));
#2460=DIRECTION('center_axis',(0.,0.,-1.));
#2461=DIRECTION('ref_axis',(0.,1.,0.));
#2462=DIRECTION('center_axis',(1.,0.,0.));
#2463=DIRECTION('ref_axis',(0.,1.,0.));
#2464=DIRECTION('',(0.,0.,1.));
#2465=DIRECTION('',(0.,1.,0.));
#2466=DIRECTION('',(0.,0.,1.));
#2467=DIRECTION('center_axis',(0.,0.,1.));
#2468=DIRECTION('ref_axis',(-1.,0.,0.));
#2469=DIRECTION('center_axis',(0.,0.,-1.));
#2470=DIRECTION('ref_axis',(-1.,0.,0.));
#2471=DIRECTION('',(0.,0.,1.));
#2472=DIRECTION('center_axis',(0.,1.,0.));
#2473=DIRECTION('ref_axis',(-1.,0.,0.));
#2474=DIRECTION('',(-1.,0.,0.));
#2475=DIRECTION('',(0.,0.,1.));
#2476=DIRECTION('center_axis',(0.,0.,1.));
#2477=DIRECTION('ref_axis',(0.,-1.,0.));
#2478=DIRECTION('center_axis',(0.,0.,-1.));
#2479=DIRECTION('ref_axis',(0.,-1.,0.));
#2480=DIRECTION('',(0.,0.,1.));
#2481=DIRECTION('center_axis',(-1.,0.,0.));
#2482=DIRECTION('ref_axis',(0.,-1.,0.));
#2483=DIRECTION('',(0.,-1.,0.));
#2484=DIRECTION('',(0.,0.,1.));
#2485=DIRECTION('center_axis',(0.,0.,1.));
#2486=DIRECTION('ref_axis',(1.,0.,0.));
#2487=DIRECTION('center_axis',(0.,0.,-1.));
#2488=DIRECTION('ref_axis',(1.,0.,0.));
#2489=DIRECTION('',(0.,0.,1.));
#2490=DIRECTION('center_axis',(0.,-1.,0.));
#2491=DIRECTION('ref_axis',(1.,0.,0.));
#2492=DIRECTION('',(1.,0.,0.));
#2493=DIRECTION('',(0.,0.,1.));
#2494=DIRECTION('center_axis',(0.,0.,1.));
#2495=DIRECTION('ref_axis',(0.,1.,0.));
#2496=DIRECTION('center_axis',(0.,0.,-1.));
#2497=DIRECTION('ref_axis',(0.,1.,0.));
#2498=DIRECTION('center_axis',(1.,0.,0.));
#2499=DIRECTION('ref_axis',(0.,1.,0.));
#2500=DIRECTION('',(0.,0.,1.));
#2501=DIRECTION('',(0.,1.,0.));
#2502=DIRECTION('',(0.,0.,1.));
#2503=DIRECTION('center_axis',(0.,0.,1.));
#2504=DIRECTION('ref_axis',(-1.,0.,0.));
#2505=DIRECTION('center_axis',(0.,0.,-1.));
#2506=DIRECTION('ref_axis',(-1.,0.,0.));
#2507=DIRECTION('',(0.,0.,1.));
#2508=DIRECTION('center_axis',(0.,1.,0.));
#2509=DIRECTION('ref_axis',(-1.,0.,0.));
#2510=DIRECTION('',(-1.,0.,0.));
#2511=DIRECTION('',(0.,0.,1.));
#2512=DIRECTION('center_axis',(0.,0.,1.));
#2513=DIRECTION('ref_axis',(0.,-1.,0.));
#2514=DIRECTION('center_axis',(0.,0.,-1.));
#2515=DIRECTION('ref_axis',(0.,-1.,0.));
#2516=DIRECTION('',(0.,0.,1.));
#2517=DIRECTION('center_axis',(-1.,0.,0.));
#2518=DIRECTION('ref_axis',(0.,-1.,0.));
#2519=DIRECTION('',(0.,-1.,0.));
#2520=DIRECTION('',(0.,0.,1.));
#2521=DIRECTION('center_axis',(0.,0.,1.));
#2522=DIRECTION('ref_axis',(1.,0.,0.));
#2523=DIRECTION('center_axis',(0.,0.,-1.));
#2524=DIRECTION('ref_axis',(1.,0.,0.));
#2525=DIRECTION('',(0.,0.,1.));
#2526=DIRECTION('center_axis',(0.,-1.,0.));
#2527=DIRECTION('ref_axis',(1.,0.,0.));
#2528=DIRECTION('',(1.,0.,0.));
#2529=DIRECTION('',(0.,0.,1.));
#2530=DIRECTION('center_axis',(0.,0.,1.));
#2531=DIRECTION('ref_axis',(0.,1.,0.));
#2532=DIRECTION('center_axis',(0.,0.,-1.));
#2533=DIRECTION('ref_axis',(0.,1.,0.));
#2534=DIRECTION('center_axis',(0.,0.,1.));
#2535=DIRECTION('ref_axis',(1.,0.,0.));
#2536=DIRECTION('center_axis',(0.,0.,-1.));
#2537=DIRECTION('ref_axis',(1.,0.,0.));
#2538=DIRECTION('',(0.,0.,-1.));
#2539=DIRECTION('center_axis',(1.,0.,0.));
#2540=DIRECTION('ref_axis',(0.,1.,0.));
#2541=DIRECTION('',(0.,0.,1.));
#2542=DIRECTION('',(0.,1.,0.));
#2543=DIRECTION('',(0.,0.,1.));
#2544=DIRECTION('center_axis',(0.,0.,1.));
#2545=DIRECTION('ref_axis',(-1.,0.,0.));
#2546=DIRECTION('center_axis',(0.,0.,-1.));
#2547=DIRECTION('ref_axis',(-1.,0.,0.));
#2548=DIRECTION('',(0.,0.,1.));
#2549=DIRECTION('center_axis',(0.,1.,0.));
#2550=DIRECTION('ref_axis',(-1.,0.,0.));
#2551=DIRECTION('',(-1.,0.,0.));
#2552=DIRECTION('',(0.,0.,1.));
#2553=DIRECTION('center_axis',(0.,0.,1.));
#2554=DIRECTION('ref_axis',(0.,-1.,0.));
#2555=DIRECTION('center_axis',(0.,0.,-1.));
#2556=DIRECTION('ref_axis',(0.,-1.,0.));
#2557=DIRECTION('',(0.,0.,1.));
#2558=DIRECTION('center_axis',(-1.,0.,0.));
#2559=DIRECTION('ref_axis',(0.,-1.,0.));
#2560=DIRECTION('',(0.,-1.,0.));
#2561=DIRECTION('',(0.,0.,1.));
#2562=DIRECTION('center_axis',(0.,0.,1.));
#2563=DIRECTION('ref_axis',(1.,0.,0.));
#2564=DIRECTION('center_axis',(0.,0.,-1.));
#2565=DIRECTION('ref_axis',(1.,0.,0.));
#2566=DIRECTION('',(0.,0.,1.));
#2567=DIRECTION('center_axis',(0.,-1.,0.));
#2568=DIRECTION('ref_axis',(1.,0.,0.));
#2569=DIRECTION('',(1.,0.,0.));
#2570=DIRECTION('',(0.,0.,1.));
#2571=DIRECTION('center_axis',(0.,0.,1.));
#2572=DIRECTION('ref_axis',(0.,1.,0.));
#2573=DIRECTION('center_axis',(0.,0.,-1.));
#2574=DIRECTION('ref_axis',(0.,1.,0.));
#2575=DIRECTION('center_axis',(6.00120553851436E-17,1.,0.));
#2576=DIRECTION('ref_axis',(-1.,6.00120553851436E-17,0.));
#2577=DIRECTION('',(0.,0.,1.));
#2578=DIRECTION('',(-1.,6.00120553851436E-17,0.));
#2579=DIRECTION('',(0.,0.,1.));
#2580=DIRECTION('center_axis',(-1.,0.,0.));
#2581=DIRECTION('ref_axis',(0.,-1.,0.));
#2582=DIRECTION('',(0.,-1.,0.));
#2583=DIRECTION('center_axis',(1.,0.,0.));
#2584=DIRECTION('ref_axis',(0.,1.,0.));
#2585=DIRECTION('',(0.,1.,0.));
#2586=DIRECTION('center_axis',(-1.,0.,0.));
#2587=DIRECTION('ref_axis',(0.,-1.,0.));
#2588=DIRECTION('',(0.,-1.,0.));
#2589=DIRECTION('center_axis',(1.,0.,0.));
#2590=DIRECTION('ref_axis',(0.,1.,0.));
#2591=DIRECTION('',(0.,1.,0.));
#2592=DIRECTION('center_axis',(0.,0.,1.));
#2593=DIRECTION('ref_axis',(1.,0.,0.));
#2594=CARTESIAN_POINT('',(0.,0.,0.));
#2595=CARTESIAN_POINT('Origin',(65.067,28.225,0.));
#2596=CARTESIAN_POINT('',(65.067,33.225,1.5));
#2597=CARTESIAN_POINT('',(70.067,28.225,1.5));
#2598=CARTESIAN_POINT('Origin',(65.067,28.225,1.5));
#2599=CARTESIAN_POINT('',(70.067,28.225,0.));
#2600=CARTESIAN_POINT('',(70.067,28.225,0.));
#2601=CARTESIAN_POINT('',(65.067,33.225,0.));
#2602=CARTESIAN_POINT('Origin',(65.067,28.225,0.));
#2603=CARTESIAN_POINT('',(65.067,33.225,0.));
#2604=CARTESIAN_POINT('Origin',(70.067,33.225,0.));
#2605=CARTESIAN_POINT('',(38.214,33.225,0.));
#2606=CARTESIAN_POINT('',(70.067,33.225,0.));
#2607=CARTESIAN_POINT('',(38.214,33.225,1.5));
#2608=CARTESIAN_POINT('',(38.214,33.225,0.));
#2609=CARTESIAN_POINT('',(70.067,33.225,1.5));
#2610=CARTESIAN_POINT('Origin',(29.1105,-17.8855,0.));
#2611=CARTESIAN_POINT('',(70.067,-63.996,0.));
#2612=CARTESIAN_POINT('',(70.067,-68.996,0.));
#2613=CARTESIAN_POINT('',(65.067,-68.996,0.));
#2614=CARTESIAN_POINT('Origin',(65.067,-63.996,0.));
#2615=CARTESIAN_POINT('',(-6.846,-68.996,0.));
#2616=CARTESIAN_POINT('',(-11.846,-68.996,0.));
#2617=CARTESIAN_POINT('',(-11.846,-63.996,0.));
#2618=CARTESIAN_POINT('Origin',(-6.846,-63.996,0.));
#2619=CARTESIAN_POINT('',(-11.846,28.225,0.));
#2620=CARTESIAN_POINT('',(-11.846,33.225,0.));
#2621=CARTESIAN_POINT('',(-6.84600000000001,33.225,0.));
#2622=CARTESIAN_POINT('Origin',(-6.846,28.225,0.));
#2623=CARTESIAN_POINT('',(19.714,33.225,0.));
#2624=CARTESIAN_POINT('',(70.067,33.225,0.));
#2625=CARTESIAN_POINT('',(19.714,2.22500000000001,0.));
#2626=CARTESIAN_POINT('',(19.714,2.22500000000001,0.));
#2627=CARTESIAN_POINT('',(38.214,2.22500000000001,0.));
#2628=CARTESIAN_POINT('',(38.214,2.22500000000001,0.));
#2629=CARTESIAN_POINT('',(38.214,33.225,0.));
#2630=CARTESIAN_POINT('',(40.625,-3.025,0.));
#2631=CARTESIAN_POINT('',(41.125,-2.525,0.));
#2632=CARTESIAN_POINT('Origin',(41.125,-3.025,0.));
#2633=CARTESIAN_POINT('',(40.625,-16.025,0.));
#2634=CARTESIAN_POINT('',(40.625,-3.025,0.));
#2635=CARTESIAN_POINT('',(41.125,-16.525,0.));
#2636=CARTESIAN_POINT('Origin',(41.125,-16.025,0.));
#2637=CARTESIAN_POINT('',(54.125,-16.525,0.));
#2638=CARTESIAN_POINT('',(41.125,-16.525,0.));
#2639=CARTESIAN_POINT('',(54.625,-16.025,0.));
#2640=CARTESIAN_POINT('Origin',(54.125,-16.025,0.));
#2641=CARTESIAN_POINT('',(54.625,-3.025,0.));
#2642=CARTESIAN_POINT('',(54.625,-3.025,0.));
#2643=CARTESIAN_POINT('',(54.125,-2.525,0.));
#2644=CARTESIAN_POINT('Origin',(54.125,-3.025,0.));
#2645=CARTESIAN_POINT('',(41.125,-2.525,0.));
#2646=CARTESIAN_POINT('',(-8.546,28.225,0.));
#2647=CARTESIAN_POINT('Origin',(-6.846,28.225,0.));
#2648=CARTESIAN_POINT('',(2.525,-22.075,0.));
#2649=CARTESIAN_POINT('',(3.025,-21.575,0.));
#2650=CARTESIAN_POINT('Origin',(3.025,-22.075,0.));
#2651=CARTESIAN_POINT('',(2.525,-35.075,0.));
#2652=CARTESIAN_POINT('',(2.525,-22.075,0.));
#2653=CARTESIAN_POINT('',(3.025,-35.575,0.));
#2654=CARTESIAN_POINT('Origin',(3.025,-35.075,0.));
#2655=CARTESIAN_POINT('',(16.025,-35.575,0.));
#2656=CARTESIAN_POINT('',(3.025,-35.575,0.));
#2657=CARTESIAN_POINT('',(16.525,-35.075,0.));
#2658=CARTESIAN_POINT('Origin',(16.025,-35.075,0.));
#2659=CARTESIAN_POINT('',(16.525,-22.075,0.));
#2660=CARTESIAN_POINT('',(16.525,-22.075,0.));
#2661=CARTESIAN_POINT('',(16.025,-21.575,0.));
#2662=CARTESIAN_POINT('Origin',(16.025,-22.075,0.));
#2663=CARTESIAN_POINT('',(3.025,-21.575,0.));
#2664=CARTESIAN_POINT('',(40.625,-22.075,0.));
#2665=CARTESIAN_POINT('',(41.125,-21.575,0.));
#2666=CARTESIAN_POINT('Origin',(41.125,-22.075,0.));
#2667=CARTESIAN_POINT('',(40.625,-35.075,0.));
#2668=CARTESIAN_POINT('',(40.625,-22.075,0.));
#2669=CARTESIAN_POINT('',(41.125,-35.575,0.));
#2670=CARTESIAN_POINT('Origin',(41.125,-35.075,0.));
#2671=CARTESIAN_POINT('',(54.125,-35.575,0.));
#2672=CARTESIAN_POINT('',(41.125,-35.575,0.));
#2673=CARTESIAN_POINT('',(54.625,-35.075,0.));
#2674=CARTESIAN_POINT('Origin',(54.125,-35.075,0.));
#2675=CARTESIAN_POINT('',(54.625,-22.075,0.));
#2676=CARTESIAN_POINT('',(54.625,-22.075,0.));
#2677=CARTESIAN_POINT('',(54.125,-21.575,0.));
#2678=CARTESIAN_POINT('Origin',(54.125,-22.075,0.));
#2679=CARTESIAN_POINT('',(41.125,-21.575,0.));
#2680=CARTESIAN_POINT('',(2.525,-41.125,0.));
#2681=CARTESIAN_POINT('',(3.025,-40.625,0.));
#2682=CARTESIAN_POINT('Origin',(3.025,-41.125,0.));
#2683=CARTESIAN_POINT('',(2.525,-54.125,0.));
#2684=CARTESIAN_POINT('',(2.525,-41.125,0.));
#2685=CARTESIAN_POINT('',(3.025,-54.625,0.));
#2686=CARTESIAN_POINT('Origin',(3.025,-54.125,0.));
#2687=CARTESIAN_POINT('',(16.025,-54.625,0.));
#2688=CARTESIAN_POINT('',(3.025,-54.625,0.));
#2689=CARTESIAN_POINT('',(16.525,-54.125,0.));
#2690=CARTESIAN_POINT('Origin',(16.025,-54.125,0.));
#2691=CARTESIAN_POINT('',(16.525,-41.125,0.));
#2692=CARTESIAN_POINT('',(16.525,-41.125,0.));
#2693=CARTESIAN_POINT('',(16.025,-40.625,0.));
#2694=CARTESIAN_POINT('Origin',(16.025,-41.125,0.));
#2695=CARTESIAN_POINT('',(3.025,-40.625,0.));
#2696=CARTESIAN_POINT('',(21.575,-3.025,0.));
#2697=CARTESIAN_POINT('',(22.075,-2.525,0.));
#2698=CARTESIAN_POINT('Origin',(22.075,-3.025,0.));
#2699=CARTESIAN_POINT('',(21.575,-16.025,0.));
#2700=CARTESIAN_POINT('',(21.575,-3.025,0.));
#2701=CARTESIAN_POINT('',(22.075,-16.525,0.));
#2702=CARTESIAN_POINT('Origin',(22.075,-16.025,0.));
#2703=CARTESIAN_POINT('',(35.075,-16.525,0.));
#2704=CARTESIAN_POINT('',(22.075,-16.525,0.));
#2705=CARTESIAN_POINT('',(35.575,-16.025,0.));
#2706=CARTESIAN_POINT('Origin',(35.075,-16.025,0.));
#2707=CARTESIAN_POINT('',(35.575,-3.025,0.));
#2708=CARTESIAN_POINT('',(35.575,-3.025,0.));
#2709=CARTESIAN_POINT('',(35.075,-2.525,0.));
#2710=CARTESIAN_POINT('Origin',(35.075,-3.025,0.));
#2711=CARTESIAN_POINT('',(22.075,-2.525,0.));
#2712=CARTESIAN_POINT('',(54.125,-40.625,0.));
#2713=CARTESIAN_POINT('',(54.625,-41.125,0.));
#2714=CARTESIAN_POINT('Origin',(54.125,-41.125,0.));
#2715=CARTESIAN_POINT('',(41.125,-40.625,0.));
#2716=CARTESIAN_POINT('',(54.125,-40.625,0.));
#2717=CARTESIAN_POINT('',(40.625,-41.125,0.));
#2718=CARTESIAN_POINT('Origin',(41.125,-41.125,0.));
#2719=CARTESIAN_POINT('',(40.625,-54.125,0.));
#2720=CARTESIAN_POINT('',(40.625,-41.125,0.));
#2721=CARTESIAN_POINT('',(41.125,-54.625,0.));
#2722=CARTESIAN_POINT('Origin',(41.125,-54.125,0.));
#2723=CARTESIAN_POINT('',(54.125,-54.625,0.));
#2724=CARTESIAN_POINT('',(54.125,-54.625,0.));
#2725=CARTESIAN_POINT('',(54.625,-54.125,0.));
#2726=CARTESIAN_POINT('Origin',(54.125,-54.125,0.));
#2727=CARTESIAN_POINT('',(54.625,-41.125,0.));
#2728=CARTESIAN_POINT('',(21.575,-22.075,0.));
#2729=CARTESIAN_POINT('',(22.075,-21.575,0.));
#2730=CARTESIAN_POINT('Origin',(22.075,-22.075,0.));
#2731=CARTESIAN_POINT('',(21.575,-35.075,0.));
#2732=CARTESIAN_POINT('',(21.575,-22.075,0.));
#2733=CARTESIAN_POINT('',(22.075,-35.575,0.));
#2734=CARTESIAN_POINT('Origin',(22.075,-35.075,0.));
#2735=CARTESIAN_POINT('',(35.075,-35.575,0.));
#2736=CARTESIAN_POINT('',(22.075,-35.575,0.));
#2737=CARTESIAN_POINT('',(35.575,-35.075,0.));
#2738=CARTESIAN_POINT('Origin',(35.075,-35.075,0.));
#2739=CARTESIAN_POINT('',(35.575,-22.075,0.));
#2740=CARTESIAN_POINT('',(35.575,-22.075,0.));
#2741=CARTESIAN_POINT('',(35.075,-21.575,0.));
#2742=CARTESIAN_POINT('Origin',(35.075,-22.075,0.));
#2743=CARTESIAN_POINT('',(22.075,-21.575,0.));
#2744=CARTESIAN_POINT('',(63.367,28.225,0.));
#2745=CARTESIAN_POINT('Origin',(65.067,28.225,0.));
#2746=CARTESIAN_POINT('',(63.367,-63.996,0.));
#2747=CARTESIAN_POINT('Origin',(65.067,-63.996,0.));
#2748=CARTESIAN_POINT('',(2.525,-3.025,0.));
#2749=CARTESIAN_POINT('',(3.025,-2.525,0.));
#2750=CARTESIAN_POINT('Origin',(3.025,-3.025,0.));
#2751=CARTESIAN_POINT('',(2.525,-16.025,0.));
#2752=CARTESIAN_POINT('',(2.525,-3.025,0.));
#2753=CARTESIAN_POINT('',(3.025,-16.525,0.));
#2754=CARTESIAN_POINT('Origin',(3.025,-16.025,0.));
#2755=CARTESIAN_POINT('',(16.025,-16.525,0.));
#2756=CARTESIAN_POINT('',(3.025,-16.525,0.));
#2757=CARTESIAN_POINT('',(16.525,-16.025,0.));
#2758=CARTESIAN_POINT('Origin',(16.025,-16.025,0.));
#2759=CARTESIAN_POINT('',(16.525,-3.025,0.));
#2760=CARTESIAN_POINT('',(16.525,-3.025,0.));
#2761=CARTESIAN_POINT('',(16.025,-2.525,0.));
#2762=CARTESIAN_POINT('Origin',(16.025,-3.025,0.));
#2763=CARTESIAN_POINT('',(3.025,-2.525,0.));
#2764=CARTESIAN_POINT('',(-8.546,-63.996,0.));
#2765=CARTESIAN_POINT('Origin',(-6.846,-63.996,0.));
#2766=CARTESIAN_POINT('',(47.767,12.725,0.));
#2767=CARTESIAN_POINT('Origin',(49.267,12.725,0.));
#2768=CARTESIAN_POINT('',(21.575,-41.125,0.));
#2769=CARTESIAN_POINT('',(22.075,-40.625,0.));
#2770=CARTESIAN_POINT('Origin',(22.075,-41.125,0.));
#2771=CARTESIAN_POINT('',(21.575,-54.125,0.));
#2772=CARTESIAN_POINT('',(21.575,-41.125,0.));
#2773=CARTESIAN_POINT('',(22.075,-54.625,0.));
#2774=CARTESIAN_POINT('Origin',(22.075,-54.125,0.));
#2775=CARTESIAN_POINT('',(35.075,-54.625,0.));
#2776=CARTESIAN_POINT('',(22.075,-54.625,0.));
#2777=CARTESIAN_POINT('',(35.575,-54.125,0.));
#2778=CARTESIAN_POINT('Origin',(35.075,-54.125,0.));
#2779=CARTESIAN_POINT('',(35.575,-41.125,0.));
#2780=CARTESIAN_POINT('',(35.575,-41.125,0.));
#2781=CARTESIAN_POINT('',(35.075,-40.625,0.));
#2782=CARTESIAN_POINT('Origin',(35.075,-41.125,0.));
#2783=CARTESIAN_POINT('',(22.075,-40.625,0.));
#2784=CARTESIAN_POINT('Origin',(65.067,-63.996,0.));
#2785=CARTESIAN_POINT('',(70.067,-63.996,1.5));
#2786=CARTESIAN_POINT('',(65.067,-68.996,1.5));
#2787=CARTESIAN_POINT('Origin',(65.067,-63.996,1.5));
#2788=CARTESIAN_POINT('',(65.067,-68.996,0.));
#2789=CARTESIAN_POINT('',(70.067,-63.996,0.));
#2790=CARTESIAN_POINT('Origin',(-11.846,-68.996,0.));
#2791=CARTESIAN_POINT('',(-6.846,-68.996,1.5));
#2792=CARTESIAN_POINT('',(-11.846,-68.996,1.5));
#2793=CARTESIAN_POINT('',(-6.846,-68.996,0.));
#2794=CARTESIAN_POINT('Origin',(-6.846,-63.996,0.));
#2795=CARTESIAN_POINT('',(-11.846,-63.996,1.5));
#2796=CARTESIAN_POINT('Origin',(-6.846,-63.996,1.5));
#2797=CARTESIAN_POINT('',(-11.846,-63.996,0.));
#2798=CARTESIAN_POINT('Origin',(-6.846,28.225,0.));
#2799=CARTESIAN_POINT('',(-11.846,28.225,1.5));
#2800=CARTESIAN_POINT('',(-6.84600000000001,33.225,1.5));
#2801=CARTESIAN_POINT('Origin',(-6.846,28.225,1.5));
#2802=CARTESIAN_POINT('',(-6.846,33.225,0.));
#2803=CARTESIAN_POINT('',(-11.846,28.225,0.));
#2804=CARTESIAN_POINT('Origin',(19.714,33.225,0.));
#2805=CARTESIAN_POINT('',(19.714,33.225,1.5));
#2806=CARTESIAN_POINT('',(70.067,33.225,1.5));
#2807=CARTESIAN_POINT('',(19.714,33.225,0.));
#2808=CARTESIAN_POINT('Origin',(21.575,-54.125,0.));
#2809=CARTESIAN_POINT('',(21.575,-41.125,1.5));
#2810=CARTESIAN_POINT('',(21.575,-41.125,0.));
#2811=CARTESIAN_POINT('',(21.575,-54.125,1.5));
#2812=CARTESIAN_POINT('',(21.575,-41.125,1.5));
#2813=CARTESIAN_POINT('',(21.575,-54.125,0.));
#2814=CARTESIAN_POINT('Origin',(22.075,-54.125,0.));
#2815=CARTESIAN_POINT('',(22.075,-54.625,1.5));
#2816=CARTESIAN_POINT('Origin',(22.075,-54.125,1.5));
#2817=CARTESIAN_POINT('',(22.075,-54.625,0.));
#2818=CARTESIAN_POINT('Origin',(35.075,-54.625,0.));
#2819=CARTESIAN_POINT('',(35.075,-54.625,1.5));
#2820=CARTESIAN_POINT('',(22.075,-54.625,1.5));
#2821=CARTESIAN_POINT('',(35.075,-54.625,0.));
#2822=CARTESIAN_POINT('Origin',(35.075,-54.125,0.));
#2823=CARTESIAN_POINT('',(35.575,-54.125,1.5));
#2824=CARTESIAN_POINT('Origin',(35.075,-54.125,1.5));
#2825=CARTESIAN_POINT('',(35.575,-54.125,0.));
#2826=CARTESIAN_POINT('Origin',(35.575,-41.125,0.));
#2827=CARTESIAN_POINT('',(35.575,-41.125,1.5));
#2828=CARTESIAN_POINT('',(35.575,-41.125,1.5));
#2829=CARTESIAN_POINT('',(35.575,-41.125,0.));
#2830=CARTESIAN_POINT('Origin',(35.075,-41.125,0.));
#2831=CARTESIAN_POINT('',(35.075,-40.625,1.5));
#2832=CARTESIAN_POINT('Origin',(35.075,-41.125,1.5));
#2833=CARTESIAN_POINT('',(35.075,-40.625,0.));
#2834=CARTESIAN_POINT('Origin',(22.075,-40.625,0.));
#2835=CARTESIAN_POINT('',(22.075,-40.625,1.5));
#2836=CARTESIAN_POINT('',(22.075,-40.625,1.5));
#2837=CARTESIAN_POINT('',(22.075,-40.625,0.));
#2838=CARTESIAN_POINT('Origin',(22.075,-41.125,0.));
#2839=CARTESIAN_POINT('Origin',(22.075,-41.125,1.5));
#2840=CARTESIAN_POINT('Origin',(49.267,12.725,0.));
#2841=CARTESIAN_POINT('',(47.767,12.725,1.5));
#2842=CARTESIAN_POINT('Origin',(49.267,12.725,1.5));
#2843=CARTESIAN_POINT('',(47.767,12.725,0.));
#2844=CARTESIAN_POINT('Origin',(-6.846,-63.996,0.));
#2845=CARTESIAN_POINT('',(-8.546,-63.996,1.5));
#2846=CARTESIAN_POINT('Origin',(-6.846,-63.996,1.5));
#2847=CARTESIAN_POINT('',(-8.546,-63.996,0.));
#2848=CARTESIAN_POINT('Origin',(2.525,-16.025,0.));
#2849=CARTESIAN_POINT('',(2.525,-3.025,1.5));
#2850=CARTESIAN_POINT('',(2.525,-3.025,0.));
#2851=CARTESIAN_POINT('',(2.525,-16.025,1.5));
#2852=CARTESIAN_POINT('',(2.525,-3.025,1.5));
#2853=CARTESIAN_POINT('',(2.525,-16.025,0.));
#2854=CARTESIAN_POINT('Origin',(3.025,-16.025,0.));
#2855=CARTESIAN_POINT('',(3.025,-16.525,1.5));
#2856=CARTESIAN_POINT('Origin',(3.025,-16.025,1.5));
#2857=CARTESIAN_POINT('',(3.025,-16.525,0.));
#2858=CARTESIAN_POINT('Origin',(16.025,-16.525,0.));
#2859=CARTESIAN_POINT('',(16.025,-16.525,1.5));
#2860=CARTESIAN_POINT('',(3.025,-16.525,1.5));
#2861=CARTESIAN_POINT('',(16.025,-16.525,0.));
#2862=CARTESIAN_POINT('Origin',(16.025,-16.025,0.));
#2863=CARTESIAN_POINT('',(16.525,-16.025,1.5));
#2864=CARTESIAN_POINT('Origin',(16.025,-16.025,1.5));
#2865=CARTESIAN_POINT('',(16.525,-16.025,0.));
#2866=CARTESIAN_POINT('Origin',(16.525,-3.025,0.));
#2867=CARTESIAN_POINT('',(16.525,-3.025,1.5));
#2868=CARTESIAN_POINT('',(16.525,-3.025,1.5));
#2869=CARTESIAN_POINT('',(16.525,-3.025,0.));
#2870=CARTESIAN_POINT('Origin',(16.025,-3.025,0.));
#2871=CARTESIAN_POINT('',(16.025,-2.525,1.5));
#2872=CARTESIAN_POINT('Origin',(16.025,-3.025,1.5));
#2873=CARTESIAN_POINT('',(16.025,-2.525,0.));
#2874=CARTESIAN_POINT('Origin',(3.025,-2.525,0.));
#2875=CARTESIAN_POINT('',(3.025,-2.525,1.5));
#2876=CARTESIAN_POINT('',(3.025,-2.525,1.5));
#2877=CARTESIAN_POINT('',(3.025,-2.525,0.));
#2878=CARTESIAN_POINT('Origin',(3.025,-3.025,0.));
#2879=CARTESIAN_POINT('Origin',(3.025,-3.025,1.5));
#2880=CARTESIAN_POINT('Origin',(65.067,-63.996,0.));
#2881=CARTESIAN_POINT('',(63.367,-63.996,1.5));
#2882=CARTESIAN_POINT('Origin',(65.067,-63.996,1.5));
#2883=CARTESIAN_POINT('',(63.367,-63.996,0.));
#2884=CARTESIAN_POINT('Origin',(65.067,28.225,0.));
#2885=CARTESIAN_POINT('',(63.367,28.225,1.5));
#2886=CARTESIAN_POINT('Origin',(65.067,28.225,1.5));
#2887=CARTESIAN_POINT('',(63.367,28.225,0.));
#2888=CARTESIAN_POINT('Origin',(21.575,-35.075,0.));
#2889=CARTESIAN_POINT('',(21.575,-22.075,1.5));
#2890=CARTESIAN_POINT('',(21.575,-22.075,0.));
#2891=CARTESIAN_POINT('',(21.575,-35.075,1.5));
#2892=CARTESIAN_POINT('',(21.575,-22.075,1.5));
#2893=CARTESIAN_POINT('',(21.575,-35.075,0.));
#2894=CARTESIAN_POINT('Origin',(22.075,-35.075,0.));
#2895=CARTESIAN_POINT('',(22.075,-35.575,1.5));
#2896=CARTESIAN_POINT('Origin',(22.075,-35.075,1.5));
#2897=CARTESIAN_POINT('',(22.075,-35.575,0.));
#2898=CARTESIAN_POINT('Origin',(35.075,-35.575,0.));
#2899=CARTESIAN_POINT('',(35.075,-35.575,1.5));
#2900=CARTESIAN_POINT('',(22.075,-35.575,1.5));
#2901=CARTESIAN_POINT('',(35.075,-35.575,0.));
#2902=CARTESIAN_POINT('Origin',(35.075,-35.075,0.));
#2903=CARTESIAN_POINT('',(35.575,-35.075,1.5));
#2904=CARTESIAN_POINT('Origin',(35.075,-35.075,1.5));
#2905=CARTESIAN_POINT('',(35.575,-35.075,0.));
#2906=CARTESIAN_POINT('Origin',(35.575,-22.075,0.));
#2907=CARTESIAN_POINT('',(35.575,-22.075,1.5));
#2908=CARTESIAN_POINT('',(35.575,-22.075,1.5));
#2909=CARTESIAN_POINT('',(35.575,-22.075,0.));
#2910=CARTESIAN_POINT('Origin',(35.075,-22.075,0.));
#2911=CARTESIAN_POINT('',(35.075,-21.575,1.5));
#2912=CARTESIAN_POINT('Origin',(35.075,-22.075,1.5));
#2913=CARTESIAN_POINT('',(35.075,-21.575,0.));
#2914=CARTESIAN_POINT('Origin',(22.075,-21.575,0.));
#2915=CARTESIAN_POINT('',(22.075,-21.575,1.5));
#2916=CARTESIAN_POINT('',(22.075,-21.575,1.5));
#2917=CARTESIAN_POINT('',(22.075,-21.575,0.));
#2918=CARTESIAN_POINT('Origin',(22.075,-22.075,0.));
#2919=CARTESIAN_POINT('Origin',(22.075,-22.075,1.5));
#2920=CARTESIAN_POINT('Origin',(41.125,-40.625,0.));
#2921=CARTESIAN_POINT('',(54.125,-40.625,1.5));
#2922=CARTESIAN_POINT('',(54.125,-40.625,0.));
#2923=CARTESIAN_POINT('',(41.125,-40.625,1.5));
#2924=CARTESIAN_POINT('',(54.125,-40.625,1.5));
#2925=CARTESIAN_POINT('',(41.125,-40.625,0.));
#2926=CARTESIAN_POINT('Origin',(41.125,-41.125,0.));
#2927=CARTESIAN_POINT('',(40.625,-41.125,1.5));
#2928=CARTESIAN_POINT('Origin',(41.125,-41.125,1.5));
#2929=CARTESIAN_POINT('',(40.625,-41.125,0.));
#2930=CARTESIAN_POINT('Origin',(40.625,-54.125,0.));
#2931=CARTESIAN_POINT('',(40.625,-54.125,1.5));
#2932=CARTESIAN_POINT('',(40.625,-41.125,1.5));
#2933=CARTESIAN_POINT('',(40.625,-54.125,0.));
#2934=CARTESIAN_POINT('Origin',(41.125,-54.125,0.));
#2935=CARTESIAN_POINT('',(41.125,-54.625,1.5));
#2936=CARTESIAN_POINT('Origin',(41.125,-54.125,1.5));
#2937=CARTESIAN_POINT('',(41.125,-54.625,0.));
#2938=CARTESIAN_POINT('Origin',(54.125,-54.625,0.));
#2939=CARTESIAN_POINT('',(54.125,-54.625,1.5));
#2940=CARTESIAN_POINT('',(54.125,-54.625,1.5));
#2941=CARTESIAN_POINT('',(54.125,-54.625,0.));
#2942=CARTESIAN_POINT('Origin',(54.125,-54.125,0.));
#2943=CARTESIAN_POINT('',(54.625,-54.125,1.5));
#2944=CARTESIAN_POINT('Origin',(54.125,-54.125,1.5));
#2945=CARTESIAN_POINT('',(54.625,-54.125,0.));
#2946=CARTESIAN_POINT('Origin',(54.625,-41.125,0.));
#2947=CARTESIAN_POINT('',(54.625,-41.125,1.5));
#2948=CARTESIAN_POINT('',(54.625,-41.125,1.5));
#2949=CARTESIAN_POINT('',(54.625,-41.125,0.));
#2950=CARTESIAN_POINT('Origin',(54.125,-41.125,0.));
#2951=CARTESIAN_POINT('Origin',(54.125,-41.125,1.5));
#2952=CARTESIAN_POINT('Origin',(21.575,-16.025,0.));
#2953=CARTESIAN_POINT('',(21.575,-3.025,1.5));
#2954=CARTESIAN_POINT('',(21.575,-3.025,0.));
#2955=CARTESIAN_POINT('',(21.575,-16.025,1.5));
#2956=CARTESIAN_POINT('',(21.575,-3.025,1.5));
#2957=CARTESIAN_POINT('',(21.575,-16.025,0.));
#2958=CARTESIAN_POINT('Origin',(22.075,-16.025,0.));
#2959=CARTESIAN_POINT('',(22.075,-16.525,1.5));
#2960=CARTESIAN_POINT('Origin',(22.075,-16.025,1.5));
#2961=CARTESIAN_POINT('',(22.075,-16.525,0.));
#2962=CARTESIAN_POINT('Origin',(35.075,-16.525,0.));
#2963=CARTESIAN_POINT('',(35.075,-16.525,1.5));
#2964=CARTESIAN_POINT('',(22.075,-16.525,1.5));
#2965=CARTESIAN_POINT('',(35.075,-16.525,0.));
#2966=CARTESIAN_POINT('Origin',(35.075,-16.025,0.));
#2967=CARTESIAN_POINT('',(35.575,-16.025,1.5));
#2968=CARTESIAN_POINT('Origin',(35.075,-16.025,1.5));
#2969=CARTESIAN_POINT('',(35.575,-16.025,0.));
#2970=CARTESIAN_POINT('Origin',(35.575,-3.025,0.));
#2971=CARTESIAN_POINT('',(35.575,-3.025,1.5));
#2972=CARTESIAN_POINT('',(35.575,-3.025,1.5));
#2973=CARTESIAN_POINT('',(35.575,-3.025,0.));
#2974=CARTESIAN_POINT('Origin',(35.075,-3.025,0.));
#2975=CARTESIAN_POINT('',(35.075,-2.525,1.5));
#2976=CARTESIAN_POINT('Origin',(35.075,-3.025,1.5));
#2977=CARTESIAN_POINT('',(35.075,-2.525,0.));
#2978=CARTESIAN_POINT('Origin',(22.075,-2.525,0.));
#2979=CARTESIAN_POINT('',(22.075,-2.525,1.5));
#2980=CARTESIAN_POINT('',(22.075,-2.525,1.5));
#2981=CARTESIAN_POINT('',(22.075,-2.525,0.));
#2982=CARTESIAN_POINT('Origin',(22.075,-3.025,0.));
#2983=CARTESIAN_POINT('Origin',(22.075,-3.025,1.5));
#2984=CARTESIAN_POINT('Origin',(2.525,-54.125,0.));
#2985=CARTESIAN_POINT('',(2.525,-41.125,1.5));
#2986=CARTESIAN_POINT('',(2.525,-41.125,0.));
#2987=CARTESIAN_POINT('',(2.525,-54.125,1.5));
#2988=CARTESIAN_POINT('',(2.525,-41.125,1.5));
#2989=CARTESIAN_POINT('',(2.525,-54.125,0.));
#2990=CARTESIAN_POINT('Origin',(3.025,-54.125,0.));
#2991=CARTESIAN_POINT('',(3.025,-54.625,1.5));
#2992=CARTESIAN_POINT('Origin',(3.025,-54.125,1.5));
#2993=CARTESIAN_POINT('',(3.025,-54.625,0.));
#2994=CARTESIAN_POINT('Origin',(16.025,-54.625,0.));
#2995=CARTESIAN_POINT('',(16.025,-54.625,1.5));
#2996=CARTESIAN_POINT('',(3.025,-54.625,1.5));
#2997=CARTESIAN_POINT('',(16.025,-54.625,0.));
#2998=CARTESIAN_POINT('Origin',(16.025,-54.125,0.));
#2999=CARTESIAN_POINT('',(16.525,-54.125,1.5));
#3000=CARTESIAN_POINT('Origin',(16.025,-54.125,1.5));
#3001=CARTESIAN_POINT('',(16.525,-54.125,0.));
#3002=CARTESIAN_POINT('Origin',(16.525,-41.125,0.));
#3003=CARTESIAN_POINT('',(16.525,-41.125,1.5));
#3004=CARTESIAN_POINT('',(16.525,-41.125,1.5));
#3005=CARTESIAN_POINT('',(16.525,-41.125,0.));
#3006=CARTESIAN_POINT('Origin',(16.025,-41.125,0.));
#3007=CARTESIAN_POINT('',(16.025,-40.625,1.5));
#3008=CARTESIAN_POINT('Origin',(16.025,-41.125,1.5));
#3009=CARTESIAN_POINT('',(16.025,-40.625,0.));
#3010=CARTESIAN_POINT('Origin',(3.025,-40.625,0.));
#3011=CARTESIAN_POINT('',(3.025,-40.625,1.5));
#3012=CARTESIAN_POINT('',(3.025,-40.625,1.5));
#3013=CARTESIAN_POINT('',(3.025,-40.625,0.));
#3014=CARTESIAN_POINT('Origin',(3.025,-41.125,0.));
#3015=CARTESIAN_POINT('Origin',(3.025,-41.125,1.5));
#3016=CARTESIAN_POINT('Origin',(40.625,-35.075,0.));
#3017=CARTESIAN_POINT('',(40.625,-22.075,1.5));
#3018=CARTESIAN_POINT('',(40.625,-22.075,0.));
#3019=CARTESIAN_POINT('',(40.625,-35.075,1.5));
#3020=CARTESIAN_POINT('',(40.625,-22.075,1.5));
#3021=CARTESIAN_POINT('',(40.625,-35.075,0.));
#3022=CARTESIAN_POINT('Origin',(41.125,-35.075,0.));
#3023=CARTESIAN_POINT('',(41.125,-35.575,1.5));
#3024=CARTESIAN_POINT('Origin',(41.125,-35.075,1.5));
#3025=CARTESIAN_POINT('',(41.125,-35.575,0.));
#3026=CARTESIAN_POINT('Origin',(54.125,-35.575,0.));
#3027=CARTESIAN_POINT('',(54.125,-35.575,1.5));
#3028=CARTESIAN_POINT('',(41.125,-35.575,1.5));
#3029=CARTESIAN_POINT('',(54.125,-35.575,0.));
#3030=CARTESIAN_POINT('Origin',(54.125,-35.075,0.));
#3031=CARTESIAN_POINT('',(54.625,-35.075,1.5));
#3032=CARTESIAN_POINT('Origin',(54.125,-35.075,1.5));
#3033=CARTESIAN_POINT('',(54.625,-35.075,0.));
#3034=CARTESIAN_POINT('Origin',(54.625,-22.075,0.));
#3035=CARTESIAN_POINT('',(54.625,-22.075,1.5));
#3036=CARTESIAN_POINT('',(54.625,-22.075,1.5));
#3037=CARTESIAN_POINT('',(54.625,-22.075,0.));
#3038=CARTESIAN_POINT('Origin',(54.125,-22.075,0.));
#3039=CARTESIAN_POINT('',(54.125,-21.575,1.5));
#3040=CARTESIAN_POINT('Origin',(54.125,-22.075,1.5));
#3041=CARTESIAN_POINT('',(54.125,-21.575,0.));
#3042=CARTESIAN_POINT('Origin',(41.125,-21.575,0.));
#3043=CARTESIAN_POINT('',(41.125,-21.575,1.5));
#3044=CARTESIAN_POINT('',(41.125,-21.575,1.5));
#3045=CARTESIAN_POINT('',(41.125,-21.575,0.));
#3046=CARTESIAN_POINT('Origin',(41.125,-22.075,0.));
#3047=CARTESIAN_POINT('Origin',(41.125,-22.075,1.5));
#3048=CARTESIAN_POINT('Origin',(2.525,-35.075,0.));
#3049=CARTESIAN_POINT('',(2.525,-22.075,1.5));
#3050=CARTESIAN_POINT('',(2.525,-22.075,0.));
#3051=CARTESIAN_POINT('',(2.525,-35.075,1.5));
#3052=CARTESIAN_POINT('',(2.525,-22.075,1.5));
#3053=CARTESIAN_POINT('',(2.525,-35.075,0.));
#3054=CARTESIAN_POINT('Origin',(3.025,-35.075,0.));
#3055=CARTESIAN_POINT('',(3.025,-35.575,1.5));
#3056=CARTESIAN_POINT('Origin',(3.025,-35.075,1.5));
#3057=CARTESIAN_POINT('',(3.025,-35.575,0.));
#3058=CARTESIAN_POINT('Origin',(16.025,-35.575,0.));
#3059=CARTESIAN_POINT('',(16.025,-35.575,1.5));
#3060=CARTESIAN_POINT('',(3.025,-35.575,1.5));
#3061=CARTESIAN_POINT('',(16.025,-35.575,0.));
#3062=CARTESIAN_POINT('Origin',(16.025,-35.075,0.));
#3063=CARTESIAN_POINT('',(16.525,-35.075,1.5));
#3064=CARTESIAN_POINT('Origin',(16.025,-35.075,1.5));
#3065=CARTESIAN_POINT('',(16.525,-35.075,0.));
#3066=CARTESIAN_POINT('Origin',(16.525,-22.075,0.));
#3067=CARTESIAN_POINT('',(16.525,-22.075,1.5));
#3068=CARTESIAN_POINT('',(16.525,-22.075,1.5));
#3069=CARTESIAN_POINT('',(16.525,-22.075,0.));
#3070=CARTESIAN_POINT('Origin',(16.025,-22.075,0.));
#3071=CARTESIAN_POINT('',(16.025,-21.575,1.5));
#3072=CARTESIAN_POINT('Origin',(16.025,-22.075,1.5));
#3073=CARTESIAN_POINT('',(16.025,-21.575,0.));
#3074=CARTESIAN_POINT('Origin',(3.025,-21.575,0.));
#3075=CARTESIAN_POINT('',(3.025,-21.575,1.5));
#3076=CARTESIAN_POINT('',(3.025,-21.575,1.5));
#3077=CARTESIAN_POINT('',(3.025,-21.575,0.));
#3078=CARTESIAN_POINT('Origin',(3.025,-22.075,0.));
#3079=CARTESIAN_POINT('Origin',(3.025,-22.075,1.5));
#3080=CARTESIAN_POINT('Origin',(-6.846,28.225,0.));
#3081=CARTESIAN_POINT('',(-8.546,28.225,1.5));
#3082=CARTESIAN_POINT('Origin',(-6.846,28.225,1.5));
#3083=CARTESIAN_POINT('',(-8.546,28.225,0.));
#3084=CARTESIAN_POINT('Origin',(40.625,-16.025,0.));
#3085=CARTESIAN_POINT('',(40.625,-3.025,1.5));
#3086=CARTESIAN_POINT('',(40.625,-3.025,0.));
#3087=CARTESIAN_POINT('',(40.625,-16.025,1.5));
#3088=CARTESIAN_POINT('',(40.625,-3.025,1.5));
#3089=CARTESIAN_POINT('',(40.625,-16.025,0.));
#3090=CARTESIAN_POINT('Origin',(41.125,-16.025,0.));
#3091=CARTESIAN_POINT('',(41.125,-16.525,1.5));
#3092=CARTESIAN_POINT('Origin',(41.125,-16.025,1.5));
#3093=CARTESIAN_POINT('',(41.125,-16.525,0.));
#3094=CARTESIAN_POINT('Origin',(54.125,-16.525,0.));
#3095=CARTESIAN_POINT('',(54.125,-16.525,1.5));
#3096=CARTESIAN_POINT('',(41.125,-16.525,1.5));
#3097=CARTESIAN_POINT('',(54.125,-16.525,0.));
#3098=CARTESIAN_POINT('Origin',(54.125,-16.025,0.));
#3099=CARTESIAN_POINT('',(54.625,-16.025,1.5));
#3100=CARTESIAN_POINT('Origin',(54.125,-16.025,1.5));
#3101=CARTESIAN_POINT('',(54.625,-16.025,0.));
#3102=CARTESIAN_POINT('Origin',(54.625,-3.025,0.));
#3103=CARTESIAN_POINT('',(54.625,-3.025,1.5));
#3104=CARTESIAN_POINT('',(54.625,-3.025,1.5));
#3105=CARTESIAN_POINT('',(54.625,-3.025,0.));
#3106=CARTESIAN_POINT('Origin',(54.125,-3.025,0.));
#3107=CARTESIAN_POINT('',(54.125,-2.525,1.5));
#3108=CARTESIAN_POINT('Origin',(54.125,-3.025,1.5));
#3109=CARTESIAN_POINT('',(54.125,-2.525,0.));
#3110=CARTESIAN_POINT('Origin',(41.125,-2.525,0.));
#3111=CARTESIAN_POINT('',(41.125,-2.525,1.5));
#3112=CARTESIAN_POINT('',(41.125,-2.525,1.5));
#3113=CARTESIAN_POINT('',(41.125,-2.525,0.));
#3114=CARTESIAN_POINT('Origin',(41.125,-3.025,0.));
#3115=CARTESIAN_POINT('Origin',(41.125,-3.025,1.5));
#3116=CARTESIAN_POINT('Origin',(38.214,2.22500000000001,0.));
#3117=CARTESIAN_POINT('',(19.714,2.22500000000001,1.5));
#3118=CARTESIAN_POINT('',(19.714,2.22500000000001,0.));
#3119=CARTESIAN_POINT('',(38.214,2.22500000000001,1.5));
#3120=CARTESIAN_POINT('',(38.214,2.22500000000001,1.5));
#3121=CARTESIAN_POINT('',(38.214,2.22500000000001,0.));
#3122=CARTESIAN_POINT('Origin',(38.214,33.225,0.));
#3123=CARTESIAN_POINT('',(38.214,33.225,1.5));
#3124=CARTESIAN_POINT('Origin',(70.067,-68.996,0.));
#3125=CARTESIAN_POINT('',(70.067,-68.996,1.5));
#3126=CARTESIAN_POINT('Origin',(-11.846,33.225,0.));
#3127=CARTESIAN_POINT('',(-11.846,33.225,1.5));
#3128=CARTESIAN_POINT('Origin',(19.714,2.22500000000001,0.));
#3129=CARTESIAN_POINT('',(19.714,2.22500000000001,1.5));
#3130=CARTESIAN_POINT('Origin',(29.1105,-17.8855,1.5));
#3131=UNCERTAINTY_MEASURE_WITH_UNIT(LENGTH_MEASURE(0.01),#3135,
'DISTANCE_ACCURACY_VALUE',
'Maximum model space distance between geometric entities at asserted c
onnectivities');
#3132=UNCERTAINTY_MEASURE_WITH_UNIT(LENGTH_MEASURE(0.01),#3135,
'DISTANCE_ACCURACY_VALUE',
'Maximum model space distance between geometric entities at asserted c
onnectivities');
#3133=(
GEOMETRIC_REPRESENTATION_CONTEXT(3)
GLOBAL_UNCERTAINTY_ASSIGNED_CONTEXT((#3131))
GLOBAL_UNIT_ASSIGNED_CONTEXT((#3135,#3137,#3138))
REPRESENTATION_CONTEXT('','3D')
);
#3134=(
GEOMETRIC_REPRESENTATION_CONTEXT(3)
GLOBAL_UNCERTAINTY_ASSIGNED_CONTEXT((#3132))
GLOBAL_UNIT_ASSIGNED_CONTEXT((#3135,#3137,#3138))
REPRESENTATION_CONTEXT('','3D')
);
#3135=(
LENGTH_UNIT()
NAMED_UNIT(*)
SI_UNIT(.MILLI.,.METRE.)
);
#3136=(
LENGTH_UNIT()
NAMED_UNIT(*)
SI_UNIT($,.METRE.)
);
#3137=(
NAMED_UNIT(*)
PLANE_ANGLE_UNIT()
SI_UNIT($,.RADIAN.)
);
#3138=(
NAMED_UNIT(*)
SI_UNIT($,.STERADIAN.)
SOLID_ANGLE_UNIT()
);
#3139=SHAPE_DEFINITION_REPRESENTATION(#3140,#3141);
#3140=PRODUCT_DEFINITION_SHAPE('',$,#3143);
#3141=SHAPE_REPRESENTATION('',(#1871),#3133);
#3142=PRODUCT_DEFINITION_CONTEXT('part definition',#3147,'design');
#3143=PRODUCT_DEFINITION('BenMacroTop','BenMacroTop v8',#3144,#3142);
#3144=PRODUCT_DEFINITION_FORMATION('',$,#3149);
#3145=PRODUCT_RELATED_PRODUCT_CATEGORY('BenMacroTop v8',
'BenMacroTop v8',(#3149));
#3146=APPLICATION_PROTOCOL_DEFINITION('international standard',
'automotive_design',2009,#3147);
#3147=APPLICATION_CONTEXT(
'Core Data for Automotive Mechanical Design Process');
#3148=PRODUCT_CONTEXT('part definition',#3147,'mechanical');
#3149=PRODUCT('BenMacroTop','BenMacroTop v8',$,(#3148));
#3150=PRESENTATION_STYLE_ASSIGNMENT((#3151));
#3151=SURFACE_STYLE_USAGE(.BOTH.,#3152);
#3152=SURFACE_SIDE_STYLE('',(#3153));
#3153=SURFACE_STYLE_FILL_AREA(#3154);
#3154=FILL_AREA_STYLE('Steel - Satin',(#3155));
#3155=FILL_AREA_STYLE_COLOUR('Steel - Satin',#3156);
#3156=COLOUR_RGB('Steel - Satin',0.627450980392157,0.627450980392157,0.627450980392157);
ENDSEC;
END-ISO-10303-21;
