ISO-10303-21;
HEADER;
/* Generated by software containing ST-Developer
 * from STEP Tools, Inc. (www.steptools.com) 
 */

FILE_DESCRIPTION(
/* description */ (''),
/* implementation_level */ '2;1');

FILE_NAME(
/* name */ '9PadBottom.step',
/* time_stamp */ '2026-01-10T19:27:58-08:00',
/* author */ (''),
/* organization */ (''),
/* preprocessor_version */ 'ST-DEVELOPER v20.1',
/* originating_system */ 'Autodesk Translation Framework v14.21.0.0',
/* authorisation */ '');

FILE_SCHEMA (('AUTOMOTIVE_DESIGN { 1 0 10303 214 3 1 1 }'));
ENDSEC;

DATA;
#10=MECHANICAL_DESIGN_GEOMETRIC_PRESENTATION_REPRESENTATION('',(#17),#12666);
#11=ITEM_DEFINED_TRANSFORMATION($,$,#6186,#6325);
#12=(
REPRESENTATION_RELATIONSHIP($,$,#12677,#12676)
REPRESENTATION_RELATIONSHIP_WITH_TRANSFORMATION(#11)
SHAPE_REPRESENTATION_RELATIONSHIP()
);
#13=CONTEXT_DEPENDENT_SHAPE_REPRESENTATION(#12,#12675);
#14=NEXT_ASSEMBLY_USAGE_OCCURRENCE('Bens MacroPad:1','Bens MacroPad:1',
'Bens MacroPad:1',#12679,#12680,'Bens MacroPad:1');
#15=SHAPE_REPRESENTATION_RELATIONSHIP('SRR','None',#12677,#16);
#16=ADVANCED_BREP_SHAPE_REPRESENTATION('',(#18),#12665);
#17=STYLED_ITEM('',(#12690),#18);
#18=MANIFOLD_SOLID_BREP('Body1',#6172);
#19=CYLINDRICAL_SURFACE('',#6279,5.);
#20=CYLINDRICAL_SURFACE('',#6290,5.);
#21=CYLINDRICAL_SURFACE('',#6292,5.);
#22=CYLINDRICAL_SURFACE('',#6294,5.);
#23=CYLINDRICAL_SURFACE('',#6303,3.);
#24=CYLINDRICAL_SURFACE('',#6305,3.00000000000001);
#25=CYLINDRICAL_SURFACE('',#6307,3.);
#26=CYLINDRICAL_SURFACE('',#6309,3.);
#27=CYLINDRICAL_SURFACE('',#6313,1.7);
#28=CYLINDRICAL_SURFACE('',#6316,1.7);
#29=CYLINDRICAL_SURFACE('',#6319,1.7);
#30=CYLINDRICAL_SURFACE('',#6322,1.7);
#31=CIRCLE('',#6264,5.);
#32=CIRCLE('',#6265,5.);
#33=CIRCLE('',#6266,5.);
#34=CIRCLE('',#6267,5.);
#35=CIRCLE('',#6268,3.);
#36=CIRCLE('',#6269,3.);
#37=CIRCLE('',#6270,3.);
#38=CIRCLE('',#6271,3.00000000000001);
#39=CIRCLE('',#6280,5.);
#40=CIRCLE('',#6283,5.);
#41=CIRCLE('',#6284,5.);
#42=CIRCLE('',#6285,5.);
#43=CIRCLE('',#6286,1.7);
#44=CIRCLE('',#6287,1.7);
#45=CIRCLE('',#6288,1.7);
#46=CIRCLE('',#6289,1.7);
#47=CIRCLE('',#6304,3.);
#48=CIRCLE('',#6306,3.00000000000001);
#49=CIRCLE('',#6308,3.);
#50=CIRCLE('',#6310,3.);
#51=CIRCLE('',#6314,1.7);
#52=CIRCLE('',#6317,1.7);
#53=CIRCLE('',#6320,1.7);
#54=CIRCLE('',#6323,1.7);
#55=FACE_BOUND('',#543,.T.);
#56=FACE_BOUND('',#616,.T.);
#57=FACE_BOUND('',#655,.T.);
#58=FACE_BOUND('',#694,.T.);
#59=FACE_BOUND('',#715,.T.);
#60=FACE_BOUND('',#753,.T.);
#61=FACE_BOUND('',#823,.T.);
#62=FACE_BOUND('',#824,.T.);
#63=FACE_BOUND('',#826,.T.);
#64=FACE_BOUND('',#827,.T.);
#65=FACE_BOUND('',#828,.T.);
#66=FACE_BOUND('',#829,.T.);
#67=FACE_BOUND('',#830,.T.);
#68=FACE_BOUND('',#831,.T.);
#69=FACE_BOUND('',#832,.T.);
#70=FACE_BOUND('',#833,.T.);
#71=FACE_BOUND('',#834,.T.);
#72=FACE_BOUND('',#835,.T.);
#73=FACE_BOUND('',#836,.T.);
#74=FACE_BOUND('',#837,.T.);
#75=FACE_BOUND('',#838,.T.);
#76=FACE_BOUND('',#839,.T.);
#77=FACE_BOUND('',#840,.T.);
#78=FACE_BOUND('',#841,.T.);
#79=FACE_BOUND('',#852,.T.);
#80=FACE_BOUND('',#853,.T.);
#81=FACE_BOUND('',#854,.T.);
#82=FACE_BOUND('',#855,.T.);
#83=FACE_BOUND('',#877,.T.);
#84=FACE_BOUND('',#880,.T.);
#85=FACE_BOUND('',#883,.T.);
#86=FACE_BOUND('',#886,.T.);
#87=PLANE('',#6187);
#88=PLANE('',#6188);
#89=PLANE('',#6189);
#90=PLANE('',#6190);
#91=PLANE('',#6191);
#92=PLANE('',#6192);
#93=PLANE('',#6193);
#94=PLANE('',#6194);
#95=PLANE('',#6195);
#96=PLANE('',#6196);
#97=PLANE('',#6197);
#98=PLANE('',#6198);
#99=PLANE('',#6199);
#100=PLANE('',#6200);
#101=PLANE('',#6201);
#102=PLANE('',#6202);
#103=PLANE('',#6203);
#104=PLANE('',#6204);
#105=PLANE('',#6205);
#106=PLANE('',#6206);
#107=PLANE('',#6207);
#108=PLANE('',#6208);
#109=PLANE('',#6209);
#110=PLANE('',#6210);
#111=PLANE('',#6211);
#112=PLANE('',#6212);
#113=PLANE('',#6213);
#114=PLANE('',#6214);
#115=PLANE('',#6215);
#116=PLANE('',#6216);
#117=PLANE('',#6217);
#118=PLANE('',#6218);
#119=PLANE('',#6219);
#120=PLANE('',#6220);
#121=PLANE('',#6221);
#122=PLANE('',#6222);
#123=PLANE('',#6223);
#124=PLANE('',#6224);
#125=PLANE('',#6225);
#126=PLANE('',#6226);
#127=PLANE('',#6227);
#128=PLANE('',#6228);
#129=PLANE('',#6229);
#130=PLANE('',#6230);
#131=PLANE('',#6231);
#132=PLANE('',#6232);
#133=PLANE('',#6233);
#134=PLANE('',#6234);
#135=PLANE('',#6235);
#136=PLANE('',#6236);
#137=PLANE('',#6237);
#138=PLANE('',#6238);
#139=PLANE('',#6239);
#140=PLANE('',#6240);
#141=PLANE('',#6241);
#142=PLANE('',#6242);
#143=PLANE('',#6243);
#144=PLANE('',#6244);
#145=PLANE('',#6245);
#146=PLANE('',#6246);
#147=PLANE('',#6247);
#148=PLANE('',#6248);
#149=PLANE('',#6249);
#150=PLANE('',#6250);
#151=PLANE('',#6251);
#152=PLANE('',#6252);
#153=PLANE('',#6253);
#154=PLANE('',#6254);
#155=PLANE('',#6255);
#156=PLANE('',#6256);
#157=PLANE('',#6257);
#158=PLANE('',#6258);
#159=PLANE('',#6259);
#160=PLANE('',#6260);
#161=PLANE('',#6261);
#162=PLANE('',#6262);
#163=PLANE('',#6263);
#164=PLANE('',#6272);
#165=PLANE('',#6273);
#166=PLANE('',#6274);
#167=PLANE('',#6275);
#168=PLANE('',#6276);
#169=PLANE('',#6277);
#170=PLANE('',#6278);
#171=PLANE('',#6281);
#172=PLANE('',#6282);
#173=PLANE('',#6291);
#174=PLANE('',#6293);
#175=PLANE('',#6295);
#176=PLANE('',#6296);
#177=PLANE('',#6297);
#178=PLANE('',#6298);
#179=PLANE('',#6299);
#180=PLANE('',#6300);
#181=PLANE('',#6301);
#182=PLANE('',#6302);
#183=PLANE('',#6311);
#184=PLANE('',#6312);
#185=PLANE('',#6315);
#186=PLANE('',#6318);
#187=PLANE('',#6321);
#188=PLANE('',#6324);
#189=FACE_OUTER_BOUND('',#522,.T.);
#190=FACE_OUTER_BOUND('',#523,.T.);
#191=FACE_OUTER_BOUND('',#524,.T.);
#192=FACE_OUTER_BOUND('',#525,.T.);
#193=FACE_OUTER_BOUND('',#526,.T.);
#194=FACE_OUTER_BOUND('',#527,.T.);
#195=FACE_OUTER_BOUND('',#528,.T.);
#196=FACE_OUTER_BOUND('',#529,.T.);
#197=FACE_OUTER_BOUND('',#530,.T.);
#198=FACE_OUTER_BOUND('',#531,.T.);
#199=FACE_OUTER_BOUND('',#532,.T.);
#200=FACE_OUTER_BOUND('',#533,.T.);
#201=FACE_OUTER_BOUND('',#534,.T.);
#202=FACE_OUTER_BOUND('',#535,.T.);
#203=FACE_OUTER_BOUND('',#536,.T.);
#204=FACE_OUTER_BOUND('',#537,.T.);
#205=FACE_OUTER_BOUND('',#538,.T.);
#206=FACE_OUTER_BOUND('',#539,.T.);
#207=FACE_OUTER_BOUND('',#540,.T.);
#208=FACE_OUTER_BOUND('',#541,.T.);
#209=FACE_OUTER_BOUND('',#542,.T.);
#210=FACE_OUTER_BOUND('',#544,.T.);
#211=FACE_OUTER_BOUND('',#545,.T.);
#212=FACE_OUTER_BOUND('',#546,.T.);
#213=FACE_OUTER_BOUND('',#547,.T.);
#214=FACE_OUTER_BOUND('',#548,.T.);
#215=FACE_OUTER_BOUND('',#549,.T.);
#216=FACE_OUTER_BOUND('',#550,.T.);
#217=FACE_OUTER_BOUND('',#551,.T.);
#218=FACE_OUTER_BOUND('',#552,.T.);
#219=FACE_OUTER_BOUND('',#553,.T.);
#220=FACE_OUTER_BOUND('',#554,.T.);
#221=FACE_OUTER_BOUND('',#555,.T.);
#222=FACE_OUTER_BOUND('',#556,.T.);
#223=FACE_OUTER_BOUND('',#557,.T.);
#224=FACE_OUTER_BOUND('',#558,.T.);
#225=FACE_OUTER_BOUND('',#559,.T.);
#226=FACE_OUTER_BOUND('',#560,.T.);
#227=FACE_OUTER_BOUND('',#561,.T.);
#228=FACE_OUTER_BOUND('',#562,.T.);
#229=FACE_OUTER_BOUND('',#563,.T.);
#230=FACE_OUTER_BOUND('',#564,.T.);
#231=FACE_OUTER_BOUND('',#565,.T.);
#232=FACE_OUTER_BOUND('',#566,.T.);
#233=FACE_OUTER_BOUND('',#567,.T.);
#234=FACE_OUTER_BOUND('',#568,.T.);
#235=FACE_OUTER_BOUND('',#569,.T.);
#236=FACE_OUTER_BOUND('',#570,.T.);
#237=FACE_OUTER_BOUND('',#571,.T.);
#238=FACE_OUTER_BOUND('',#572,.T.);
#239=FACE_OUTER_BOUND('',#573,.T.);
#240=FACE_OUTER_BOUND('',#574,.T.);
#241=FACE_OUTER_BOUND('',#575,.T.);
#242=FACE_OUTER_BOUND('',#576,.T.);
#243=FACE_OUTER_BOUND('',#577,.T.);
#244=FACE_OUTER_BOUND('',#578,.T.);
#245=FACE_OUTER_BOUND('',#579,.T.);
#246=FACE_OUTER_BOUND('',#580,.T.);
#247=FACE_OUTER_BOUND('',#581,.T.);
#248=FACE_OUTER_BOUND('',#582,.T.);
#249=FACE_OUTER_BOUND('',#583,.T.);
#250=FACE_OUTER_BOUND('',#584,.T.);
#251=FACE_OUTER_BOUND('',#585,.T.);
#252=FACE_OUTER_BOUND('',#586,.T.);
#253=FACE_OUTER_BOUND('',#587,.T.);
#254=FACE_OUTER_BOUND('',#588,.T.);
#255=FACE_OUTER_BOUND('',#589,.T.);
#256=FACE_OUTER_BOUND('',#590,.T.);
#257=FACE_OUTER_BOUND('',#591,.T.);
#258=FACE_OUTER_BOUND('',#592,.T.);
#259=FACE_OUTER_BOUND('',#593,.T.);
#260=FACE_OUTER_BOUND('',#594,.T.);
#261=FACE_OUTER_BOUND('',#595,.T.);
#262=FACE_OUTER_BOUND('',#596,.T.);
#263=FACE_OUTER_BOUND('',#597,.T.);
#264=FACE_OUTER_BOUND('',#598,.T.);
#265=FACE_OUTER_BOUND('',#599,.T.);
#266=FACE_OUTER_BOUND('',#600,.T.);
#267=FACE_OUTER_BOUND('',#601,.T.);
#268=FACE_OUTER_BOUND('',#602,.T.);
#269=FACE_OUTER_BOUND('',#603,.T.);
#270=FACE_OUTER_BOUND('',#604,.T.);
#271=FACE_OUTER_BOUND('',#605,.T.);
#272=FACE_OUTER_BOUND('',#606,.T.);
#273=FACE_OUTER_BOUND('',#607,.T.);
#274=FACE_OUTER_BOUND('',#608,.T.);
#275=FACE_OUTER_BOUND('',#609,.T.);
#276=FACE_OUTER_BOUND('',#610,.T.);
#277=FACE_OUTER_BOUND('',#611,.T.);
#278=FACE_OUTER_BOUND('',#612,.T.);
#279=FACE_OUTER_BOUND('',#613,.T.);
#280=FACE_OUTER_BOUND('',#614,.T.);
#281=FACE_OUTER_BOUND('',#615,.T.);
#282=FACE_OUTER_BOUND('',#617,.T.);
#283=FACE_OUTER_BOUND('',#618,.T.);
#284=FACE_OUTER_BOUND('',#619,.T.);
#285=FACE_OUTER_BOUND('',#620,.T.);
#286=FACE_OUTER_BOUND('',#621,.T.);
#287=FACE_OUTER_BOUND('',#622,.T.);
#288=FACE_OUTER_BOUND('',#623,.T.);
#289=FACE_OUTER_BOUND('',#624,.T.);
#290=FACE_OUTER_BOUND('',#625,.T.);
#291=FACE_OUTER_BOUND('',#626,.T.);
#292=FACE_OUTER_BOUND('',#627,.T.);
#293=FACE_OUTER_BOUND('',#628,.T.);
#294=FACE_OUTER_BOUND('',#629,.T.);
#295=FACE_OUTER_BOUND('',#630,.T.);
#296=FACE_OUTER_BOUND('',#631,.T.);
#297=FACE_OUTER_BOUND('',#632,.T.);
#298=FACE_OUTER_BOUND('',#633,.T.);
#299=FACE_OUTER_BOUND('',#634,.T.);
#300=FACE_OUTER_BOUND('',#635,.T.);
#301=FACE_OUTER_BOUND('',#636,.T.);
#302=FACE_OUTER_BOUND('',#637,.T.);
#303=FACE_OUTER_BOUND('',#638,.T.);
#304=FACE_OUTER_BOUND('',#639,.T.);
#305=FACE_OUTER_BOUND('',#640,.T.);
#306=FACE_OUTER_BOUND('',#641,.T.);
#307=FACE_OUTER_BOUND('',#642,.T.);
#308=FACE_OUTER_BOUND('',#643,.T.);
#309=FACE_OUTER_BOUND('',#644,.T.);
#310=FACE_OUTER_BOUND('',#645,.T.);
#311=FACE_OUTER_BOUND('',#646,.T.);
#312=FACE_OUTER_BOUND('',#647,.T.);
#313=FACE_OUTER_BOUND('',#648,.T.);
#314=FACE_OUTER_BOUND('',#649,.T.);
#315=FACE_OUTER_BOUND('',#650,.T.);
#316=FACE_OUTER_BOUND('',#651,.T.);
#317=FACE_OUTER_BOUND('',#652,.T.);
#318=FACE_OUTER_BOUND('',#653,.T.);
#319=FACE_OUTER_BOUND('',#654,.T.);
#320=FACE_OUTER_BOUND('',#656,.T.);
#321=FACE_OUTER_BOUND('',#657,.T.);
#322=FACE_OUTER_BOUND('',#658,.T.);
#323=FACE_OUTER_BOUND('',#659,.T.);
#324=FACE_OUTER_BOUND('',#660,.T.);
#325=FACE_OUTER_BOUND('',#661,.T.);
#326=FACE_OUTER_BOUND('',#662,.T.);
#327=FACE_OUTER_BOUND('',#663,.T.);
#328=FACE_OUTER_BOUND('',#664,.T.);
#329=FACE_OUTER_BOUND('',#665,.T.);
#330=FACE_OUTER_BOUND('',#666,.T.);
#331=FACE_OUTER_BOUND('',#667,.T.);
#332=FACE_OUTER_BOUND('',#668,.T.);
#333=FACE_OUTER_BOUND('',#669,.T.);
#334=FACE_OUTER_BOUND('',#670,.T.);
#335=FACE_OUTER_BOUND('',#671,.T.);
#336=FACE_OUTER_BOUND('',#672,.T.);
#337=FACE_OUTER_BOUND('',#673,.T.);
#338=FACE_OUTER_BOUND('',#674,.T.);
#339=FACE_OUTER_BOUND('',#675,.T.);
#340=FACE_OUTER_BOUND('',#676,.T.);
#341=FACE_OUTER_BOUND('',#677,.T.);
#342=FACE_OUTER_BOUND('',#678,.T.);
#343=FACE_OUTER_BOUND('',#679,.T.);
#344=FACE_OUTER_BOUND('',#680,.T.);
#345=FACE_OUTER_BOUND('',#681,.T.);
#346=FACE_OUTER_BOUND('',#682,.T.);
#347=FACE_OUTER_BOUND('',#683,.T.);
#348=FACE_OUTER_BOUND('',#684,.T.);
#349=FACE_OUTER_BOUND('',#685,.T.);
#350=FACE_OUTER_BOUND('',#686,.T.);
#351=FACE_OUTER_BOUND('',#687,.T.);
#352=FACE_OUTER_BOUND('',#688,.T.);
#353=FACE_OUTER_BOUND('',#689,.T.);
#354=FACE_OUTER_BOUND('',#690,.T.);
#355=FACE_OUTER_BOUND('',#691,.T.);
#356=FACE_OUTER_BOUND('',#692,.T.);
#357=FACE_OUTER_BOUND('',#693,.T.);
#358=FACE_OUTER_BOUND('',#695,.T.);
#359=FACE_OUTER_BOUND('',#696,.T.);
#360=FACE_OUTER_BOUND('',#697,.T.);
#361=FACE_OUTER_BOUND('',#698,.T.);
#362=FACE_OUTER_BOUND('',#699,.T.);
#363=FACE_OUTER_BOUND('',#700,.T.);
#364=FACE_OUTER_BOUND('',#701,.T.);
#365=FACE_OUTER_BOUND('',#702,.T.);
#366=FACE_OUTER_BOUND('',#703,.T.);
#367=FACE_OUTER_BOUND('',#704,.T.);
#368=FACE_OUTER_BOUND('',#705,.T.);
#369=FACE_OUTER_BOUND('',#706,.T.);
#370=FACE_OUTER_BOUND('',#707,.T.);
#371=FACE_OUTER_BOUND('',#708,.T.);
#372=FACE_OUTER_BOUND('',#709,.T.);
#373=FACE_OUTER_BOUND('',#710,.T.);
#374=FACE_OUTER_BOUND('',#711,.T.);
#375=FACE_OUTER_BOUND('',#712,.T.);
#376=FACE_OUTER_BOUND('',#713,.T.);
#377=FACE_OUTER_BOUND('',#714,.T.);
#378=FACE_OUTER_BOUND('',#716,.T.);
#379=FACE_OUTER_BOUND('',#717,.T.);
#380=FACE_OUTER_BOUND('',#718,.T.);
#381=FACE_OUTER_BOUND('',#719,.T.);
#382=FACE_OUTER_BOUND('',#720,.T.);
#383=FACE_OUTER_BOUND('',#721,.T.);
#384=FACE_OUTER_BOUND('',#722,.T.);
#385=FACE_OUTER_BOUND('',#723,.T.);
#386=FACE_OUTER_BOUND('',#724,.T.);
#387=FACE_OUTER_BOUND('',#725,.T.);
#388=FACE_OUTER_BOUND('',#726,.T.);
#389=FACE_OUTER_BOUND('',#727,.T.);
#390=FACE_OUTER_BOUND('',#728,.T.);
#391=FACE_OUTER_BOUND('',#729,.T.);
#392=FACE_OUTER_BOUND('',#730,.T.);
#393=FACE_OUTER_BOUND('',#731,.T.);
#394=FACE_OUTER_BOUND('',#732,.T.);
#395=FACE_OUTER_BOUND('',#733,.T.);
#396=FACE_OUTER_BOUND('',#734,.T.);
#397=FACE_OUTER_BOUND('',#735,.T.);
#398=FACE_OUTER_BOUND('',#736,.T.);
#399=FACE_OUTER_BOUND('',#737,.T.);
#400=FACE_OUTER_BOUND('',#738,.T.);
#401=FACE_OUTER_BOUND('',#739,.T.);
#402=FACE_OUTER_BOUND('',#740,.T.);
#403=FACE_OUTER_BOUND('',#741,.T.);
#404=FACE_OUTER_BOUND('',#742,.T.);
#405=FACE_OUTER_BOUND('',#743,.T.);
#406=FACE_OUTER_BOUND('',#744,.T.);
#407=FACE_OUTER_BOUND('',#745,.T.);
#408=FACE_OUTER_BOUND('',#746,.T.);
#409=FACE_OUTER_BOUND('',#747,.T.);
#410=FACE_OUTER_BOUND('',#748,.T.);
#411=FACE_OUTER_BOUND('',#749,.T.);
#412=FACE_OUTER_BOUND('',#750,.T.);
#413=FACE_OUTER_BOUND('',#751,.T.);
#414=FACE_OUTER_BOUND('',#752,.T.);
#415=FACE_OUTER_BOUND('',#754,.T.);
#416=FACE_OUTER_BOUND('',#755,.T.);
#417=FACE_OUTER_BOUND('',#756,.T.);
#418=FACE_OUTER_BOUND('',#757,.T.);
#419=FACE_OUTER_BOUND('',#758,.T.);
#420=FACE_OUTER_BOUND('',#759,.T.);
#421=FACE_OUTER_BOUND('',#760,.T.);
#422=FACE_OUTER_BOUND('',#761,.T.);
#423=FACE_OUTER_BOUND('',#762,.T.);
#424=FACE_OUTER_BOUND('',#763,.T.);
#425=FACE_OUTER_BOUND('',#764,.T.);
#426=FACE_OUTER_BOUND('',#765,.T.);
#427=FACE_OUTER_BOUND('',#766,.T.);
#428=FACE_OUTER_BOUND('',#767,.T.);
#429=FACE_OUTER_BOUND('',#768,.T.);
#430=FACE_OUTER_BOUND('',#769,.T.);
#431=FACE_OUTER_BOUND('',#770,.T.);
#432=FACE_OUTER_BOUND('',#771,.T.);
#433=FACE_OUTER_BOUND('',#772,.T.);
#434=FACE_OUTER_BOUND('',#773,.T.);
#435=FACE_OUTER_BOUND('',#774,.T.);
#436=FACE_OUTER_BOUND('',#775,.T.);
#437=FACE_OUTER_BOUND('',#776,.T.);
#438=FACE_OUTER_BOUND('',#777,.T.);
#439=FACE_OUTER_BOUND('',#778,.T.);
#440=FACE_OUTER_BOUND('',#779,.T.);
#441=FACE_OUTER_BOUND('',#780,.T.);
#442=FACE_OUTER_BOUND('',#781,.T.);
#443=FACE_OUTER_BOUND('',#782,.T.);
#444=FACE_OUTER_BOUND('',#783,.T.);
#445=FACE_OUTER_BOUND('',#784,.T.);
#446=FACE_OUTER_BOUND('',#785,.T.);
#447=FACE_OUTER_BOUND('',#786,.T.);
#448=FACE_OUTER_BOUND('',#787,.T.);
#449=FACE_OUTER_BOUND('',#788,.T.);
#450=FACE_OUTER_BOUND('',#789,.T.);
#451=FACE_OUTER_BOUND('',#790,.T.);
#452=FACE_OUTER_BOUND('',#791,.T.);
#453=FACE_OUTER_BOUND('',#792,.T.);
#454=FACE_OUTER_BOUND('',#793,.T.);
#455=FACE_OUTER_BOUND('',#794,.T.);
#456=FACE_OUTER_BOUND('',#795,.T.);
#457=FACE_OUTER_BOUND('',#796,.T.);
#458=FACE_OUTER_BOUND('',#797,.T.);
#459=FACE_OUTER_BOUND('',#798,.T.);
#460=FACE_OUTER_BOUND('',#799,.T.);
#461=FACE_OUTER_BOUND('',#800,.T.);
#462=FACE_OUTER_BOUND('',#801,.T.);
#463=FACE_OUTER_BOUND('',#802,.T.);
#464=FACE_OUTER_BOUND('',#803,.T.);
#465=FACE_OUTER_BOUND('',#804,.T.);
#466=FACE_OUTER_BOUND('',#805,.T.);
#467=FACE_OUTER_BOUND('',#806,.T.);
#468=FACE_OUTER_BOUND('',#807,.T.);
#469=FACE_OUTER_BOUND('',#808,.T.);
#470=FACE_OUTER_BOUND('',#809,.T.);
#471=FACE_OUTER_BOUND('',#810,.T.);
#472=FACE_OUTER_BOUND('',#811,.T.);
#473=FACE_OUTER_BOUND('',#812,.T.);
#474=FACE_OUTER_BOUND('',#813,.T.);
#475=FACE_OUTER_BOUND('',#814,.T.);
#476=FACE_OUTER_BOUND('',#815,.T.);
#477=FACE_OUTER_BOUND('',#816,.T.);
#478=FACE_OUTER_BOUND('',#817,.T.);
#479=FACE_OUTER_BOUND('',#818,.T.);
#480=FACE_OUTER_BOUND('',#819,.T.);
#481=FACE_OUTER_BOUND('',#820,.T.);
#482=FACE_OUTER_BOUND('',#821,.T.);
#483=FACE_OUTER_BOUND('',#822,.T.);
#484=FACE_OUTER_BOUND('',#825,.T.);
#485=FACE_OUTER_BOUND('',#842,.T.);
#486=FACE_OUTER_BOUND('',#843,.T.);
#487=FACE_OUTER_BOUND('',#844,.T.);
#488=FACE_OUTER_BOUND('',#845,.T.);
#489=FACE_OUTER_BOUND('',#846,.T.);
#490=FACE_OUTER_BOUND('',#847,.T.);
#491=FACE_OUTER_BOUND('',#848,.T.);
#492=FACE_OUTER_BOUND('',#849,.T.);
#493=FACE_OUTER_BOUND('',#850,.T.);
#494=FACE_OUTER_BOUND('',#851,.T.);
#495=FACE_OUTER_BOUND('',#856,.T.);
#496=FACE_OUTER_BOUND('',#857,.T.);
#497=FACE_OUTER_BOUND('',#858,.T.);
#498=FACE_OUTER_BOUND('',#859,.T.);
#499=FACE_OUTER_BOUND('',#860,.T.);
#500=FACE_OUTER_BOUND('',#861,.T.);
#501=FACE_OUTER_BOUND('',#862,.T.);
#502=FACE_OUTER_BOUND('',#863,.T.);
#503=FACE_OUTER_BOUND('',#864,.T.);
#504=FACE_OUTER_BOUND('',#865,.T.);
#505=FACE_OUTER_BOUND('',#866,.T.);
#506=FACE_OUTER_BOUND('',#867,.T.);
#507=FACE_OUTER_BOUND('',#868,.T.);
#508=FACE_OUTER_BOUND('',#869,.T.);
#509=FACE_OUTER_BOUND('',#870,.T.);
#510=FACE_OUTER_BOUND('',#871,.T.);
#511=FACE_OUTER_BOUND('',#872,.T.);
#512=FACE_OUTER_BOUND('',#873,.T.);
#513=FACE_OUTER_BOUND('',#874,.T.);
#514=FACE_OUTER_BOUND('',#875,.T.);
#515=FACE_OUTER_BOUND('',#876,.T.);
#516=FACE_OUTER_BOUND('',#878,.T.);
#517=FACE_OUTER_BOUND('',#879,.T.);
#518=FACE_OUTER_BOUND('',#881,.T.);
#519=FACE_OUTER_BOUND('',#882,.T.);
#520=FACE_OUTER_BOUND('',#884,.T.);
#521=FACE_OUTER_BOUND('',#885,.T.);
#522=EDGE_LOOP('',(#3778,#3779,#3780,#3781));
#523=EDGE_LOOP('',(#3782,#3783,#3784,#3785));
#524=EDGE_LOOP('',(#3786,#3787,#3788,#3789));
#525=EDGE_LOOP('',(#3790,#3791,#3792,#3793));
#526=EDGE_LOOP('',(#3794,#3795,#3796,#3797));
#527=EDGE_LOOP('',(#3798,#3799,#3800,#3801));
#528=EDGE_LOOP('',(#3802,#3803,#3804,#3805));
#529=EDGE_LOOP('',(#3806,#3807,#3808,#3809));
#530=EDGE_LOOP('',(#3810,#3811,#3812,#3813));
#531=EDGE_LOOP('',(#3814,#3815,#3816,#3817));
#532=EDGE_LOOP('',(#3818,#3819,#3820,#3821));
#533=EDGE_LOOP('',(#3822,#3823,#3824,#3825));
#534=EDGE_LOOP('',(#3826,#3827,#3828,#3829));
#535=EDGE_LOOP('',(#3830,#3831,#3832,#3833));
#536=EDGE_LOOP('',(#3834,#3835,#3836,#3837));
#537=EDGE_LOOP('',(#3838,#3839,#3840,#3841));
#538=EDGE_LOOP('',(#3842,#3843,#3844,#3845));
#539=EDGE_LOOP('',(#3846,#3847,#3848,#3849));
#540=EDGE_LOOP('',(#3850,#3851,#3852,#3853));
#541=EDGE_LOOP('',(#3854,#3855,#3856,#3857));
#542=EDGE_LOOP('',(#3858,#3859,#3860,#3861,#3862,#3863,#3864,#3865,#3866,
#3867,#3868,#3869,#3870,#3871,#3872));
#543=EDGE_LOOP('',(#3873,#3874,#3875,#3876,#3877));
#544=EDGE_LOOP('',(#3878,#3879,#3880,#3881));
#545=EDGE_LOOP('',(#3882,#3883,#3884,#3885));
#546=EDGE_LOOP('',(#3886,#3887,#3888,#3889));
#547=EDGE_LOOP('',(#3890,#3891,#3892,#3893));
#548=EDGE_LOOP('',(#3894,#3895,#3896,#3897));
#549=EDGE_LOOP('',(#3898,#3899,#3900,#3901));
#550=EDGE_LOOP('',(#3902,#3903,#3904,#3905));
#551=EDGE_LOOP('',(#3906,#3907,#3908,#3909));
#552=EDGE_LOOP('',(#3910,#3911,#3912,#3913));
#553=EDGE_LOOP('',(#3914,#3915,#3916,#3917));
#554=EDGE_LOOP('',(#3918,#3919,#3920,#3921));
#555=EDGE_LOOP('',(#3922,#3923,#3924,#3925));
#556=EDGE_LOOP('',(#3926,#3927,#3928,#3929));
#557=EDGE_LOOP('',(#3930,#3931,#3932,#3933));
#558=EDGE_LOOP('',(#3934,#3935,#3936,#3937));
#559=EDGE_LOOP('',(#3938,#3939,#3940,#3941));
#560=EDGE_LOOP('',(#3942,#3943,#3944,#3945));
#561=EDGE_LOOP('',(#3946,#3947,#3948,#3949));
#562=EDGE_LOOP('',(#3950,#3951,#3952,#3953));
#563=EDGE_LOOP('',(#3954,#3955,#3956,#3957));
#564=EDGE_LOOP('',(#3958,#3959,#3960,#3961));
#565=EDGE_LOOP('',(#3962,#3963,#3964,#3965));
#566=EDGE_LOOP('',(#3966,#3967,#3968,#3969));
#567=EDGE_LOOP('',(#3970,#3971,#3972,#3973));
#568=EDGE_LOOP('',(#3974,#3975,#3976,#3977));
#569=EDGE_LOOP('',(#3978,#3979,#3980,#3981));
#570=EDGE_LOOP('',(#3982,#3983,#3984,#3985));
#571=EDGE_LOOP('',(#3986,#3987,#3988,#3989));
#572=EDGE_LOOP('',(#3990,#3991,#3992,#3993));
#573=EDGE_LOOP('',(#3994,#3995,#3996,#3997));
#574=EDGE_LOOP('',(#3998,#3999,#4000,#4001));
#575=EDGE_LOOP('',(#4002,#4003,#4004,#4005));
#576=EDGE_LOOP('',(#4006,#4007,#4008,#4009));
#577=EDGE_LOOP('',(#4010,#4011,#4012,#4013,#4014,#4015,#4016,#4017,#4018,
#4019,#4020,#4021,#4022,#4023,#4024,#4025,#4026,#4027,#4028,#4029,#4030,
#4031,#4032,#4033,#4034,#4035,#4036,#4037,#4038,#4039,#4040,#4041,#4042));
#578=EDGE_LOOP('',(#4043,#4044,#4045,#4046));
#579=EDGE_LOOP('',(#4047,#4048,#4049,#4050));
#580=EDGE_LOOP('',(#4051,#4052,#4053,#4054));
#581=EDGE_LOOP('',(#4055,#4056,#4057,#4058));
#582=EDGE_LOOP('',(#4059,#4060,#4061,#4062));
#583=EDGE_LOOP('',(#4063,#4064,#4065,#4066));
#584=EDGE_LOOP('',(#4067,#4068,#4069,#4070));
#585=EDGE_LOOP('',(#4071,#4072,#4073,#4074));
#586=EDGE_LOOP('',(#4075,#4076,#4077,#4078));
#587=EDGE_LOOP('',(#4079,#4080,#4081,#4082));
#588=EDGE_LOOP('',(#4083,#4084,#4085,#4086));
#589=EDGE_LOOP('',(#4087,#4088,#4089,#4090));
#590=EDGE_LOOP('',(#4091,#4092,#4093,#4094));
#591=EDGE_LOOP('',(#4095,#4096,#4097,#4098));
#592=EDGE_LOOP('',(#4099,#4100,#4101,#4102));
#593=EDGE_LOOP('',(#4103,#4104,#4105,#4106));
#594=EDGE_LOOP('',(#4107,#4108,#4109,#4110));
#595=EDGE_LOOP('',(#4111,#4112,#4113,#4114));
#596=EDGE_LOOP('',(#4115,#4116,#4117,#4118));
#597=EDGE_LOOP('',(#4119,#4120,#4121,#4122));
#598=EDGE_LOOP('',(#4123,#4124,#4125,#4126));
#599=EDGE_LOOP('',(#4127,#4128,#4129,#4130));
#600=EDGE_LOOP('',(#4131,#4132,#4133,#4134));
#601=EDGE_LOOP('',(#4135,#4136,#4137,#4138));
#602=EDGE_LOOP('',(#4139,#4140,#4141,#4142));
#603=EDGE_LOOP('',(#4143,#4144,#4145,#4146));
#604=EDGE_LOOP('',(#4147,#4148,#4149,#4150));
#605=EDGE_LOOP('',(#4151,#4152,#4153,#4154));
#606=EDGE_LOOP('',(#4155,#4156,#4157,#4158));
#607=EDGE_LOOP('',(#4159,#4160,#4161,#4162));
#608=EDGE_LOOP('',(#4163,#4164,#4165,#4166));
#609=EDGE_LOOP('',(#4167,#4168,#4169,#4170));
#610=EDGE_LOOP('',(#4171,#4172,#4173,#4174));
#611=EDGE_LOOP('',(#4175,#4176,#4177,#4178));
#612=EDGE_LOOP('',(#4179,#4180,#4181,#4182));
#613=EDGE_LOOP('',(#4183,#4184,#4185,#4186));
#614=EDGE_LOOP('',(#4187,#4188,#4189,#4190));
#615=EDGE_LOOP('',(#4191,#4192,#4193,#4194,#4195,#4196,#4197,#4198,#4199,
#4200,#4201,#4202,#4203,#4204,#4205,#4206,#4207,#4208,#4209,#4210,#4211,
#4212,#4213,#4214,#4215,#4216,#4217));
#616=EDGE_LOOP('',(#4218,#4219,#4220,#4221,#4222,#4223,#4224,#4225,#4226,
#4227));
#617=EDGE_LOOP('',(#4228,#4229,#4230,#4231));
#618=EDGE_LOOP('',(#4232,#4233,#4234,#4235));
#619=EDGE_LOOP('',(#4236,#4237,#4238,#4239));
#620=EDGE_LOOP('',(#4240,#4241,#4242,#4243));
#621=EDGE_LOOP('',(#4244,#4245,#4246,#4247));
#622=EDGE_LOOP('',(#4248,#4249,#4250,#4251));
#623=EDGE_LOOP('',(#4252,#4253,#4254,#4255));
#624=EDGE_LOOP('',(#4256,#4257,#4258,#4259));
#625=EDGE_LOOP('',(#4260,#4261,#4262,#4263));
#626=EDGE_LOOP('',(#4264,#4265,#4266,#4267));
#627=EDGE_LOOP('',(#4268,#4269,#4270,#4271));
#628=EDGE_LOOP('',(#4272,#4273,#4274,#4275));
#629=EDGE_LOOP('',(#4276,#4277,#4278,#4279));
#630=EDGE_LOOP('',(#4280,#4281,#4282,#4283));
#631=EDGE_LOOP('',(#4284,#4285,#4286,#4287));
#632=EDGE_LOOP('',(#4288,#4289,#4290,#4291));
#633=EDGE_LOOP('',(#4292,#4293,#4294,#4295));
#634=EDGE_LOOP('',(#4296,#4297,#4298,#4299));
#635=EDGE_LOOP('',(#4300,#4301,#4302,#4303));
#636=EDGE_LOOP('',(#4304,#4305,#4306,#4307,#4308,#4309,#4310,#4311,#4312,
#4313,#4314,#4315,#4316,#4317,#4318,#4319,#4320,#4321,#4322));
#637=EDGE_LOOP('',(#4323,#4324,#4325,#4326));
#638=EDGE_LOOP('',(#4327,#4328,#4329,#4330));
#639=EDGE_LOOP('',(#4331,#4332,#4333,#4334));
#640=EDGE_LOOP('',(#4335,#4336,#4337,#4338));
#641=EDGE_LOOP('',(#4339,#4340,#4341,#4342));
#642=EDGE_LOOP('',(#4343,#4344,#4345,#4346));
#643=EDGE_LOOP('',(#4347,#4348,#4349,#4350));
#644=EDGE_LOOP('',(#4351,#4352,#4353,#4354));
#645=EDGE_LOOP('',(#4355,#4356,#4357,#4358));
#646=EDGE_LOOP('',(#4359,#4360,#4361,#4362));
#647=EDGE_LOOP('',(#4363,#4364,#4365,#4366));
#648=EDGE_LOOP('',(#4367,#4368,#4369,#4370));
#649=EDGE_LOOP('',(#4371,#4372,#4373,#4374));
#650=EDGE_LOOP('',(#4375,#4376,#4377,#4378));
#651=EDGE_LOOP('',(#4379,#4380,#4381,#4382));
#652=EDGE_LOOP('',(#4383,#4384,#4385,#4386));
#653=EDGE_LOOP('',(#4387,#4388,#4389,#4390));
#654=EDGE_LOOP('',(#4391,#4392,#4393,#4394,#4395,#4396,#4397,#4398,#4399));
#655=EDGE_LOOP('',(#4400,#4401,#4402,#4403,#4404,#4405,#4406,#4407));
#656=EDGE_LOOP('',(#4408,#4409,#4410,#4411));
#657=EDGE_LOOP('',(#4412,#4413,#4414,#4415));
#658=EDGE_LOOP('',(#4416,#4417,#4418,#4419));
#659=EDGE_LOOP('',(#4420,#4421,#4422,#4423));
#660=EDGE_LOOP('',(#4424,#4425,#4426,#4427));
#661=EDGE_LOOP('',(#4428,#4429,#4430,#4431));
#662=EDGE_LOOP('',(#4432,#4433,#4434,#4435));
#663=EDGE_LOOP('',(#4436,#4437,#4438,#4439));
#664=EDGE_LOOP('',(#4440,#4441,#4442,#4443));
#665=EDGE_LOOP('',(#4444,#4445,#4446,#4447));
#666=EDGE_LOOP('',(#4448,#4449,#4450,#4451));
#667=EDGE_LOOP('',(#4452,#4453,#4454,#4455));
#668=EDGE_LOOP('',(#4456,#4457,#4458,#4459));
#669=EDGE_LOOP('',(#4460,#4461,#4462,#4463));
#670=EDGE_LOOP('',(#4464,#4465,#4466,#4467));
#671=EDGE_LOOP('',(#4468,#4469,#4470,#4471));
#672=EDGE_LOOP('',(#4472,#4473,#4474,#4475));
#673=EDGE_LOOP('',(#4476,#4477,#4478,#4479));
#674=EDGE_LOOP('',(#4480,#4481,#4482,#4483));
#675=EDGE_LOOP('',(#4484,#4485,#4486,#4487));
#676=EDGE_LOOP('',(#4488,#4489,#4490,#4491));
#677=EDGE_LOOP('',(#4492,#4493,#4494,#4495));
#678=EDGE_LOOP('',(#4496,#4497,#4498,#4499));
#679=EDGE_LOOP('',(#4500,#4501,#4502,#4503));
#680=EDGE_LOOP('',(#4504,#4505,#4506,#4507));
#681=EDGE_LOOP('',(#4508,#4509,#4510,#4511));
#682=EDGE_LOOP('',(#4512,#4513,#4514,#4515));
#683=EDGE_LOOP('',(#4516,#4517,#4518,#4519));
#684=EDGE_LOOP('',(#4520,#4521,#4522,#4523));
#685=EDGE_LOOP('',(#4524,#4525,#4526,#4527));
#686=EDGE_LOOP('',(#4528,#4529,#4530,#4531));
#687=EDGE_LOOP('',(#4532,#4533,#4534,#4535));
#688=EDGE_LOOP('',(#4536,#4537,#4538,#4539));
#689=EDGE_LOOP('',(#4540,#4541,#4542,#4543));
#690=EDGE_LOOP('',(#4544,#4545,#4546,#4547));
#691=EDGE_LOOP('',(#4548,#4549,#4550,#4551));
#692=EDGE_LOOP('',(#4552,#4553,#4554,#4555));
#693=EDGE_LOOP('',(#4556,#4557,#4558,#4559,#4560,#4561,#4562,#4563,#4564,
#4565,#4566,#4567,#4568,#4569,#4570,#4571,#4572,#4573,#4574,#4575,#4576,
#4577,#4578,#4579,#4580,#4581,#4582));
#694=EDGE_LOOP('',(#4583,#4584,#4585,#4586,#4587,#4588,#4589,#4590,#4591,
#4592));
#695=EDGE_LOOP('',(#4593,#4594,#4595,#4596));
#696=EDGE_LOOP('',(#4597,#4598,#4599,#4600));
#697=EDGE_LOOP('',(#4601,#4602,#4603,#4604));
#698=EDGE_LOOP('',(#4605,#4606,#4607,#4608));
#699=EDGE_LOOP('',(#4609,#4610,#4611,#4612));
#700=EDGE_LOOP('',(#4613,#4614,#4615,#4616));
#701=EDGE_LOOP('',(#4617,#4618,#4619,#4620));
#702=EDGE_LOOP('',(#4621,#4622,#4623,#4624));
#703=EDGE_LOOP('',(#4625,#4626,#4627,#4628));
#704=EDGE_LOOP('',(#4629,#4630,#4631,#4632));
#705=EDGE_LOOP('',(#4633,#4634,#4635,#4636));
#706=EDGE_LOOP('',(#4637,#4638,#4639,#4640));
#707=EDGE_LOOP('',(#4641,#4642,#4643,#4644));
#708=EDGE_LOOP('',(#4645,#4646,#4647,#4648));
#709=EDGE_LOOP('',(#4649,#4650,#4651,#4652));
#710=EDGE_LOOP('',(#4653,#4654,#4655,#4656));
#711=EDGE_LOOP('',(#4657,#4658,#4659,#4660));
#712=EDGE_LOOP('',(#4661,#4662,#4663,#4664));
#713=EDGE_LOOP('',(#4665,#4666,#4667,#4668));
#714=EDGE_LOOP('',(#4669,#4670,#4671,#4672,#4673,#4674,#4675,#4676,#4677,
#4678,#4679));
#715=EDGE_LOOP('',(#4680,#4681,#4682,#4683,#4684,#4685,#4686,#4687));
#716=EDGE_LOOP('',(#4688,#4689,#4690,#4691));
#717=EDGE_LOOP('',(#4692,#4693,#4694,#4695));
#718=EDGE_LOOP('',(#4696,#4697,#4698,#4699));
#719=EDGE_LOOP('',(#4700,#4701,#4702,#4703));
#720=EDGE_LOOP('',(#4704,#4705,#4706,#4707));
#721=EDGE_LOOP('',(#4708,#4709,#4710,#4711));
#722=EDGE_LOOP('',(#4712,#4713,#4714,#4715));
#723=EDGE_LOOP('',(#4716,#4717,#4718,#4719));
#724=EDGE_LOOP('',(#4720,#4721,#4722,#4723));
#725=EDGE_LOOP('',(#4724,#4725,#4726,#4727));
#726=EDGE_LOOP('',(#4728,#4729,#4730,#4731));
#727=EDGE_LOOP('',(#4732,#4733,#4734,#4735));
#728=EDGE_LOOP('',(#4736,#4737,#4738,#4739));
#729=EDGE_LOOP('',(#4740,#4741,#4742,#4743,#4744,#4745,#4746,#4747,#4748,
#4749,#4750,#4751,#4752));
#730=EDGE_LOOP('',(#4753,#4754,#4755,#4756));
#731=EDGE_LOOP('',(#4757,#4758,#4759,#4760));
#732=EDGE_LOOP('',(#4761,#4762,#4763,#4764));
#733=EDGE_LOOP('',(#4765,#4766,#4767,#4768));
#734=EDGE_LOOP('',(#4769,#4770,#4771,#4772));
#735=EDGE_LOOP('',(#4773,#4774,#4775,#4776));
#736=EDGE_LOOP('',(#4777,#4778,#4779,#4780));
#737=EDGE_LOOP('',(#4781,#4782,#4783,#4784));
#738=EDGE_LOOP('',(#4785,#4786,#4787,#4788));
#739=EDGE_LOOP('',(#4789,#4790,#4791,#4792));
#740=EDGE_LOOP('',(#4793,#4794,#4795,#4796));
#741=EDGE_LOOP('',(#4797,#4798,#4799,#4800));
#742=EDGE_LOOP('',(#4801,#4802,#4803,#4804));
#743=EDGE_LOOP('',(#4805,#4806,#4807,#4808));
#744=EDGE_LOOP('',(#4809,#4810,#4811,#4812));
#745=EDGE_LOOP('',(#4813,#4814,#4815,#4816));
#746=EDGE_LOOP('',(#4817,#4818,#4819,#4820));
#747=EDGE_LOOP('',(#4821,#4822,#4823,#4824));
#748=EDGE_LOOP('',(#4825,#4826,#4827,#4828));
#749=EDGE_LOOP('',(#4829,#4830,#4831,#4832));
#750=EDGE_LOOP('',(#4833,#4834,#4835,#4836));
#751=EDGE_LOOP('',(#4837,#4838,#4839,#4840));
#752=EDGE_LOOP('',(#4841,#4842,#4843,#4844,#4845,#4846,#4847,#4848,#4849,
#4850,#4851,#4852,#4853,#4854));
#753=EDGE_LOOP('',(#4855,#4856,#4857,#4858,#4859,#4860,#4861,#4862));
#754=EDGE_LOOP('',(#4863,#4864,#4865,#4866));
#755=EDGE_LOOP('',(#4867,#4868,#4869,#4870));
#756=EDGE_LOOP('',(#4871,#4872,#4873,#4874));
#757=EDGE_LOOP('',(#4875,#4876,#4877,#4878));
#758=EDGE_LOOP('',(#4879,#4880,#4881,#4882));
#759=EDGE_LOOP('',(#4883,#4884,#4885,#4886));
#760=EDGE_LOOP('',(#4887,#4888,#4889,#4890));
#761=EDGE_LOOP('',(#4891,#4892,#4893,#4894));
#762=EDGE_LOOP('',(#4895,#4896,#4897,#4898));
#763=EDGE_LOOP('',(#4899,#4900,#4901,#4902));
#764=EDGE_LOOP('',(#4903,#4904,#4905,#4906));
#765=EDGE_LOOP('',(#4907,#4908,#4909,#4910));
#766=EDGE_LOOP('',(#4911,#4912,#4913,#4914));
#767=EDGE_LOOP('',(#4915,#4916,#4917,#4918));
#768=EDGE_LOOP('',(#4919,#4920,#4921,#4922));
#769=EDGE_LOOP('',(#4923,#4924,#4925,#4926,#4927,#4928,#4929,#4930,#4931,
#4932,#4933,#4934,#4935,#4936,#4937));
#770=EDGE_LOOP('',(#4938,#4939,#4940,#4941));
#771=EDGE_LOOP('',(#4942,#4943,#4944,#4945));
#772=EDGE_LOOP('',(#4946,#4947,#4948,#4949));
#773=EDGE_LOOP('',(#4950,#4951,#4952,#4953));
#774=EDGE_LOOP('',(#4954,#4955,#4956,#4957));
#775=EDGE_LOOP('',(#4958,#4959,#4960,#4961));
#776=EDGE_LOOP('',(#4962,#4963,#4964,#4965));
#777=EDGE_LOOP('',(#4966,#4967,#4968,#4969));
#778=EDGE_LOOP('',(#4970,#4971,#4972,#4973));
#779=EDGE_LOOP('',(#4974,#4975,#4976,#4977));
#780=EDGE_LOOP('',(#4978,#4979,#4980,#4981));
#781=EDGE_LOOP('',(#4982,#4983,#4984,#4985));
#782=EDGE_LOOP('',(#4986,#4987,#4988,#4989));
#783=EDGE_LOOP('',(#4990,#4991,#4992,#4993));
#784=EDGE_LOOP('',(#4994,#4995,#4996,#4997));
#785=EDGE_LOOP('',(#4998,#4999,#5000,#5001));
#786=EDGE_LOOP('',(#5002,#5003,#5004,#5005));
#787=EDGE_LOOP('',(#5006,#5007,#5008,#5009));
#788=EDGE_LOOP('',(#5010,#5011,#5012,#5013,#5014,#5015,#5016,#5017,#5018,
#5019,#5020,#5021,#5022,#5023,#5024,#5025,#5026,#5027));
#789=EDGE_LOOP('',(#5028,#5029,#5030,#5031));
#790=EDGE_LOOP('',(#5032,#5033,#5034,#5035));
#791=EDGE_LOOP('',(#5036,#5037,#5038,#5039));
#792=EDGE_LOOP('',(#5040,#5041,#5042,#5043));
#793=EDGE_LOOP('',(#5044,#5045,#5046,#5047));
#794=EDGE_LOOP('',(#5048,#5049,#5050,#5051));
#795=EDGE_LOOP('',(#5052,#5053,#5054,#5055));
#796=EDGE_LOOP('',(#5056,#5057,#5058,#5059));
#797=EDGE_LOOP('',(#5060,#5061,#5062,#5063));
#798=EDGE_LOOP('',(#5064,#5065,#5066,#5067));
#799=EDGE_LOOP('',(#5068,#5069,#5070,#5071));
#800=EDGE_LOOP('',(#5072,#5073,#5074,#5075));
#801=EDGE_LOOP('',(#5076,#5077,#5078,#5079));
#802=EDGE_LOOP('',(#5080,#5081,#5082,#5083));
#803=EDGE_LOOP('',(#5084,#5085,#5086,#5087));
#804=EDGE_LOOP('',(#5088,#5089,#5090,#5091));
#805=EDGE_LOOP('',(#5092,#5093,#5094,#5095));
#806=EDGE_LOOP('',(#5096,#5097,#5098,#5099));
#807=EDGE_LOOP('',(#5100,#5101,#5102,#5103));
#808=EDGE_LOOP('',(#5104,#5105,#5106,#5107));
#809=EDGE_LOOP('',(#5108,#5109,#5110,#5111));
#810=EDGE_LOOP('',(#5112,#5113,#5114,#5115));
#811=EDGE_LOOP('',(#5116,#5117,#5118,#5119));
#812=EDGE_LOOP('',(#5120,#5121,#5122,#5123));
#813=EDGE_LOOP('',(#5124,#5125,#5126,#5127));
#814=EDGE_LOOP('',(#5128,#5129,#5130,#5131));
#815=EDGE_LOOP('',(#5132,#5133,#5134,#5135));
#816=EDGE_LOOP('',(#5136,#5137,#5138,#5139));
#817=EDGE_LOOP('',(#5140,#5141,#5142,#5143));
#818=EDGE_LOOP('',(#5144,#5145,#5146,#5147));
#819=EDGE_LOOP('',(#5148,#5149,#5150,#5151));
#820=EDGE_LOOP('',(#5152,#5153,#5154,#5155));
#821=EDGE_LOOP('',(#5156,#5157,#5158,#5159));
#822=EDGE_LOOP('',(#5160,#5161,#5162,#5163,#5164,#5165,#5166,#5167,#5168,
#5169,#5170,#5171,#5172,#5173));
#823=EDGE_LOOP('',(#5174,#5175,#5176,#5177,#5178,#5179,#5180,#5181,#5182,
#5183));
#824=EDGE_LOOP('',(#5184,#5185,#5186,#5187,#5188,#5189,#5190,#5191,#5192));
#825=EDGE_LOOP('',(#5193,#5194,#5195,#5196,#5197,#5198,#5199,#5200));
#826=EDGE_LOOP('',(#5201,#5202,#5203,#5204,#5205,#5206,#5207,#5208,#5209,
#5210,#5211,#5212,#5213,#5214,#5215));
#827=EDGE_LOOP('',(#5216,#5217,#5218,#5219,#5220,#5221,#5222,#5223,#5224,
#5225,#5226,#5227,#5228,#5229,#5230,#5231,#5232,#5233,#5234,#5235,#5236,
#5237,#5238,#5239,#5240,#5241,#5242,#5243,#5244,#5245,#5246,#5247,#5248));
#828=EDGE_LOOP('',(#5249,#5250,#5251,#5252,#5253,#5254,#5255,#5256,#5257,
#5258,#5259,#5260,#5261,#5262,#5263,#5264,#5265,#5266,#5267,#5268,#5269,
#5270,#5271,#5272,#5273,#5274,#5275));
#829=EDGE_LOOP('',(#5276,#5277,#5278,#5279,#5280,#5281,#5282,#5283,#5284,
#5285,#5286,#5287,#5288,#5289,#5290,#5291,#5292,#5293,#5294));
#830=EDGE_LOOP('',(#5295,#5296,#5297,#5298,#5299,#5300,#5301,#5302,#5303));
#831=EDGE_LOOP('',(#5304,#5305,#5306,#5307,#5308,#5309,#5310,#5311,#5312,
#5313,#5314,#5315,#5316,#5317,#5318,#5319,#5320,#5321,#5322,#5323,#5324,
#5325,#5326,#5327,#5328,#5329,#5330));
#832=EDGE_LOOP('',(#5331,#5332,#5333,#5334,#5335,#5336,#5337,#5338,#5339,
#5340,#5341));
#833=EDGE_LOOP('',(#5342,#5343,#5344,#5345,#5346,#5347,#5348,#5349,#5350,
#5351,#5352,#5353,#5354));
#834=EDGE_LOOP('',(#5355,#5356,#5357,#5358,#5359,#5360,#5361,#5362,#5363,
#5364,#5365,#5366,#5367,#5368));
#835=EDGE_LOOP('',(#5369,#5370,#5371,#5372,#5373,#5374,#5375,#5376,#5377,
#5378,#5379,#5380,#5381,#5382,#5383));
#836=EDGE_LOOP('',(#5384,#5385,#5386,#5387,#5388,#5389,#5390,#5391,#5392,
#5393,#5394,#5395,#5396,#5397,#5398,#5399,#5400,#5401));
#837=EDGE_LOOP('',(#5402,#5403,#5404,#5405,#5406,#5407,#5408,#5409,#5410,
#5411,#5412,#5413,#5414,#5415));
#838=EDGE_LOOP('',(#5416));
#839=EDGE_LOOP('',(#5417));
#840=EDGE_LOOP('',(#5418));
#841=EDGE_LOOP('',(#5419));
#842=EDGE_LOOP('',(#5420,#5421,#5422,#5423,#5424,#5425,#5426,#5427,#5428,
#5429));
#843=EDGE_LOOP('',(#5430,#5431,#5432,#5433,#5434,#5435,#5436,#5437,#5438));
#844=EDGE_LOOP('',(#5439,#5440,#5441,#5442,#5443,#5444,#5445,#5446));
#845=EDGE_LOOP('',(#5447,#5448,#5449,#5450,#5451,#5452,#5453,#5454));
#846=EDGE_LOOP('',(#5455,#5456,#5457,#5458,#5459,#5460,#5461,#5462,#5463,
#5464));
#847=EDGE_LOOP('',(#5465,#5466,#5467,#5468,#5469,#5470,#5471,#5472));
#848=EDGE_LOOP('',(#5473,#5474,#5475,#5476,#5477,#5478,#5479,#5480,#5481,
#5482));
#849=EDGE_LOOP('',(#5483,#5484,#5485,#5486));
#850=EDGE_LOOP('',(#5487,#5488,#5489,#5490,#5491,#5492,#5493,#5494));
#851=EDGE_LOOP('',(#5495,#5496,#5497,#5498,#5499,#5500,#5501,#5502,#5503,
#5504,#5505,#5506,#5507,#5508,#5509,#5510));
#852=EDGE_LOOP('',(#5511));
#853=EDGE_LOOP('',(#5512));
#854=EDGE_LOOP('',(#5513));
#855=EDGE_LOOP('',(#5514));
#856=EDGE_LOOP('',(#5515,#5516,#5517,#5518));
#857=EDGE_LOOP('',(#5519,#5520,#5521,#5522));
#858=EDGE_LOOP('',(#5523,#5524,#5525,#5526));
#859=EDGE_LOOP('',(#5527,#5528,#5529,#5530));
#860=EDGE_LOOP('',(#5531,#5532,#5533,#5534));
#861=EDGE_LOOP('',(#5535,#5536,#5537,#5538));
#862=EDGE_LOOP('',(#5539,#5540,#5541,#5542));
#863=EDGE_LOOP('',(#5543,#5544,#5545,#5546));
#864=EDGE_LOOP('',(#5547,#5548,#5549,#5550));
#865=EDGE_LOOP('',(#5551,#5552,#5553,#5554,#5555,#5556,#5557,#5558));
#866=EDGE_LOOP('',(#5559,#5560,#5561,#5562));
#867=EDGE_LOOP('',(#5563,#5564,#5565,#5566));
#868=EDGE_LOOP('',(#5567,#5568,#5569,#5570));
#869=EDGE_LOOP('',(#5571,#5572,#5573,#5574));
#870=EDGE_LOOP('',(#5575,#5576,#5577,#5578));
#871=EDGE_LOOP('',(#5579,#5580,#5581,#5582));
#872=EDGE_LOOP('',(#5583,#5584,#5585,#5586));
#873=EDGE_LOOP('',(#5587,#5588,#5589,#5590));
#874=EDGE_LOOP('',(#5591,#5592,#5593,#5594,#5595));
#875=EDGE_LOOP('',(#5596,#5597,#5598,#5599));
#876=EDGE_LOOP('',(#5600));
#877=EDGE_LOOP('',(#5601));
#878=EDGE_LOOP('',(#5602,#5603,#5604,#5605));
#879=EDGE_LOOP('',(#5606));
#880=EDGE_LOOP('',(#5607));
#881=EDGE_LOOP('',(#5608,#5609,#5610,#5611));
#882=EDGE_LOOP('',(#5612));
#883=EDGE_LOOP('',(#5613));
#884=EDGE_LOOP('',(#5614,#5615,#5616,#5617));
#885=EDGE_LOOP('',(#5618));
#886=EDGE_LOOP('',(#5619));
#887=LINE('',#7087,#1346);
#888=LINE('',#7094,#1347);
#889=LINE('',#7112,#1348);
#890=LINE('',#7135,#1349);
#891=LINE('',#7143,#1350);
#892=LINE('',#7145,#1351);
#893=LINE('',#7146,#1352);
#894=LINE('',#7185,#1353);
#895=LINE('',#7192,#1354);
#896=LINE('',#7210,#1355);
#897=LINE('',#7233,#1356);
#898=LINE('',#7241,#1357);
#899=LINE('',#7243,#1358);
#900=LINE('',#7244,#1359);
#901=LINE('',#7262,#1360);
#902=LINE('',#7285,#1361);
#903=LINE('',#7308,#1362);
#904=LINE('',#7331,#1363);
#905=LINE('',#7354,#1364);
#906=LINE('',#7377,#1365);
#907=LINE('',#7400,#1366);
#908=LINE('',#7423,#1367);
#909=LINE('',#7446,#1368);
#910=LINE('',#7454,#1369);
#911=LINE('',#7456,#1370);
#912=LINE('',#7457,#1371);
#913=LINE('',#7497,#1372);
#914=LINE('',#7504,#1373);
#915=LINE('',#7522,#1374);
#916=LINE('',#7545,#1375);
#917=LINE('',#7568,#1376);
#918=LINE('',#7591,#1377);
#919=LINE('',#7614,#1378);
#920=LINE('',#7637,#1379);
#921=LINE('',#7660,#1380);
#922=LINE('',#7683,#1381);
#923=LINE('',#7706,#1382);
#924=LINE('',#7729,#1383);
#925=LINE('',#7752,#1384);
#926=LINE('',#7775,#1385);
#927=LINE('',#7798,#1386);
#928=LINE('',#7806,#1387);
#929=LINE('',#7808,#1388);
#930=LINE('',#7809,#1389);
#931=LINE('',#7827,#1390);
#932=LINE('',#7850,#1391);
#933=LINE('',#7873,#1392);
#934=LINE('',#7896,#1393);
#935=LINE('',#7919,#1394);
#936=LINE('',#7942,#1395);
#937=LINE('',#7965,#1396);
#938=LINE('',#7988,#1397);
#939=LINE('',#8011,#1398);
#940=LINE('',#8034,#1399);
#941=LINE('',#8057,#1400);
#942=LINE('',#8080,#1401);
#943=LINE('',#8103,#1402);
#944=LINE('',#8126,#1403);
#945=LINE('',#8149,#1404);
#946=LINE('',#8172,#1405);
#947=LINE('',#8180,#1406);
#948=LINE('',#8182,#1407);
#949=LINE('',#8183,#1408);
#950=LINE('',#8223,#1409);
#951=LINE('',#8230,#1410);
#952=LINE('',#8248,#1411);
#953=LINE('',#8271,#1412);
#954=LINE('',#8294,#1413);
#955=LINE('',#8317,#1414);
#956=LINE('',#8340,#1415);
#957=LINE('',#8363,#1416);
#958=LINE('',#8386,#1417);
#959=LINE('',#8409,#1418);
#960=LINE('',#8416,#1419);
#961=LINE('',#8417,#1420);
#962=LINE('',#8421,#1421);
#963=LINE('',#8423,#1422);
#964=LINE('',#8425,#1423);
#965=LINE('',#8426,#1424);
#966=LINE('',#8444,#1425);
#967=LINE('',#8467,#1426);
#968=LINE('',#8475,#1427);
#969=LINE('',#8477,#1428);
#970=LINE('',#8478,#1429);
#971=LINE('',#8496,#1430);
#972=LINE('',#8519,#1431);
#973=LINE('',#8542,#1432);
#974=LINE('',#8565,#1433);
#975=LINE('',#8588,#1434);
#976=LINE('',#8611,#1435);
#977=LINE('',#8634,#1436);
#978=LINE('',#8642,#1437);
#979=LINE('',#8644,#1438);
#980=LINE('',#8645,#1439);
#981=LINE('',#8663,#1440);
#982=LINE('',#8686,#1441);
#983=LINE('',#8709,#1442);
#984=LINE('',#8732,#1443);
#985=LINE('',#8755,#1444);
#986=LINE('',#8778,#1445);
#987=LINE('',#8801,#1446);
#988=LINE('',#8824,#1447);
#989=LINE('',#8847,#1448);
#990=LINE('',#8870,#1449);
#991=LINE('',#8893,#1450);
#992=LINE('',#8916,#1451);
#993=LINE('',#8939,#1452);
#994=LINE('',#8962,#1453);
#995=LINE('',#9007,#1454);
#996=LINE('',#9014,#1455);
#997=LINE('',#9032,#1456);
#998=LINE('',#9055,#1457);
#999=LINE('',#9078,#1458);
#1000=LINE('',#9101,#1459);
#1001=LINE('',#9124,#1460);
#1002=LINE('',#9147,#1461);
#1003=LINE('',#9155,#1462);
#1004=LINE('',#9157,#1463);
#1005=LINE('',#9158,#1464);
#1006=LINE('',#9176,#1465);
#1007=LINE('',#9199,#1466);
#1008=LINE('',#9222,#1467);
#1009=LINE('',#9245,#1468);
#1010=LINE('',#9268,#1469);
#1011=LINE('',#9291,#1470);
#1012=LINE('',#9314,#1471);
#1013=LINE('',#9337,#1472);
#1014=LINE('',#9360,#1473);
#1015=LINE('',#9368,#1474);
#1016=LINE('',#9370,#1475);
#1017=LINE('',#9371,#1476);
#1018=LINE('',#9411,#1477);
#1019=LINE('',#9418,#1478);
#1020=LINE('',#9436,#1479);
#1021=LINE('',#9459,#1480);
#1022=LINE('',#9482,#1481);
#1023=LINE('',#9505,#1482);
#1024=LINE('',#9528,#1483);
#1025=LINE('',#9551,#1484);
#1026=LINE('',#9595,#1485);
#1027=LINE('',#9602,#1486);
#1028=LINE('',#9620,#1487);
#1029=LINE('',#9643,#1488);
#1030=LINE('',#9666,#1489);
#1031=LINE('',#9689,#1490);
#1032=LINE('',#9712,#1491);
#1033=LINE('',#9735,#1492);
#1034=LINE('',#9758,#1493);
#1035=LINE('',#9803,#1494);
#1036=LINE('',#9810,#1495);
#1037=LINE('',#9828,#1496);
#1038=LINE('',#9851,#1497);
#1039=LINE('',#9874,#1498);
#1040=LINE('',#9897,#1499);
#1041=LINE('',#9920,#1500);
#1042=LINE('',#9943,#1501);
#1043=LINE('',#9966,#1502);
#1044=LINE('',#9989,#1503);
#1045=LINE('',#9996,#1504);
#1046=LINE('',#9997,#1505);
#1047=LINE('',#10001,#1506);
#1048=LINE('',#10003,#1507);
#1049=LINE('',#10005,#1508);
#1050=LINE('',#10006,#1509);
#1051=LINE('',#10024,#1510);
#1052=LINE('',#10047,#1511);
#1053=LINE('',#10055,#1512);
#1054=LINE('',#10057,#1513);
#1055=LINE('',#10058,#1514);
#1056=LINE('',#10076,#1515);
#1057=LINE('',#10099,#1516);
#1058=LINE('',#10122,#1517);
#1059=LINE('',#10145,#1518);
#1060=LINE('',#10168,#1519);
#1061=LINE('',#10191,#1520);
#1062=LINE('',#10214,#1521);
#1063=LINE('',#10222,#1522);
#1064=LINE('',#10224,#1523);
#1065=LINE('',#10225,#1524);
#1066=LINE('',#10243,#1525);
#1067=LINE('',#10266,#1526);
#1068=LINE('',#10289,#1527);
#1069=LINE('',#10312,#1528);
#1070=LINE('',#10335,#1529);
#1071=LINE('',#10358,#1530);
#1072=LINE('',#10381,#1531);
#1073=LINE('',#10404,#1532);
#1074=LINE('',#10427,#1533);
#1075=LINE('',#10450,#1534);
#1076=LINE('',#10473,#1535);
#1077=LINE('',#10496,#1536);
#1078=LINE('',#10519,#1537);
#1079=LINE('',#10542,#1538);
#1080=LINE('',#10572,#1539);
#1081=LINE('',#10574,#1540);
#1082=LINE('',#10576,#1541);
#1083=LINE('',#10577,#1542);
#1084=LINE('',#10595,#1543);
#1085=LINE('',#10618,#1544);
#1086=LINE('',#10641,#1545);
#1087=LINE('',#10664,#1546);
#1088=LINE('',#10687,#1547);
#1089=LINE('',#10695,#1548);
#1090=LINE('',#10697,#1549);
#1091=LINE('',#10698,#1550);
#1092=LINE('',#10700,#1551);
#1093=LINE('',#10701,#1552);
#1094=LINE('',#10705,#1553);
#1095=LINE('',#10707,#1554);
#1096=LINE('',#10709,#1555);
#1097=LINE('',#10710,#1556);
#1098=LINE('',#10713,#1557);
#1099=LINE('',#10715,#1558);
#1100=LINE('',#10716,#1559);
#1101=LINE('',#10734,#1560);
#1102=LINE('',#10757,#1561);
#1103=LINE('',#10780,#1562);
#1104=LINE('',#10803,#1563);
#1105=LINE('',#10826,#1564);
#1106=LINE('',#10849,#1565);
#1107=LINE('',#10857,#1566);
#1108=LINE('',#10859,#1567);
#1109=LINE('',#10860,#1568);
#1110=LINE('',#10863,#1569);
#1111=LINE('',#10865,#1570);
#1112=LINE('',#10866,#1571);
#1113=LINE('',#10868,#1572);
#1114=LINE('',#10869,#1573);
#1115=LINE('',#10874,#1574);
#1116=LINE('',#10876,#1575);
#1117=LINE('',#10878,#1576);
#1118=LINE('',#10879,#1577);
#1119=LINE('',#10897,#1578);
#1120=LINE('',#10920,#1579);
#1121=LINE('',#10943,#1580);
#1122=LINE('',#10966,#1581);
#1123=LINE('',#10974,#1582);
#1124=LINE('',#10976,#1583);
#1125=LINE('',#10977,#1584);
#1126=LINE('',#10995,#1585);
#1127=LINE('',#11018,#1586);
#1128=LINE('',#11041,#1587);
#1129=LINE('',#11049,#1588);
#1130=LINE('',#11051,#1589);
#1131=LINE('',#11052,#1590);
#1132=LINE('',#11055,#1591);
#1133=LINE('',#11057,#1592);
#1134=LINE('',#11058,#1593);
#1135=LINE('',#11061,#1594);
#1136=LINE('',#11063,#1595);
#1137=LINE('',#11064,#1596);
#1138=LINE('',#11066,#1597);
#1139=LINE('',#11067,#1598);
#1140=LINE('',#11087,#1599);
#1141=LINE('',#11094,#1600);
#1142=LINE('',#11112,#1601);
#1143=LINE('',#11135,#1602);
#1144=LINE('',#11158,#1603);
#1145=LINE('',#11181,#1604);
#1146=LINE('',#11204,#1605);
#1147=LINE('',#11227,#1606);
#1148=LINE('',#11256,#1607);
#1149=LINE('',#11258,#1608);
#1150=LINE('',#11260,#1609);
#1151=LINE('',#11261,#1610);
#1152=LINE('',#11264,#1611);
#1153=LINE('',#11266,#1612);
#1154=LINE('',#11267,#1613);
#1155=LINE('',#11270,#1614);
#1156=LINE('',#11272,#1615);
#1157=LINE('',#11273,#1616);
#1158=LINE('',#11291,#1617);
#1159=LINE('',#11314,#1618);
#1160=LINE('',#11337,#1619);
#1161=LINE('',#11360,#1620);
#1162=LINE('',#11383,#1621);
#1163=LINE('',#11406,#1622);
#1164=LINE('',#11429,#1623);
#1165=LINE('',#11452,#1624);
#1166=LINE('',#11475,#1625);
#1167=LINE('',#11483,#1626);
#1168=LINE('',#11485,#1627);
#1169=LINE('',#11486,#1628);
#1170=LINE('',#11488,#1629);
#1171=LINE('',#11489,#1630);
#1172=LINE('',#11494,#1631);
#1173=LINE('',#11496,#1632);
#1174=LINE('',#11498,#1633);
#1175=LINE('',#11499,#1634);
#1176=LINE('',#11502,#1635);
#1177=LINE('',#11504,#1636);
#1178=LINE('',#11505,#1637);
#1179=LINE('',#11508,#1638);
#1180=LINE('',#11510,#1639);
#1181=LINE('',#11511,#1640);
#1182=LINE('',#11514,#1641);
#1183=LINE('',#11516,#1642);
#1184=LINE('',#11517,#1643);
#1185=LINE('',#11520,#1644);
#1186=LINE('',#11522,#1645);
#1187=LINE('',#11523,#1646);
#1188=LINE('',#11526,#1647);
#1189=LINE('',#11528,#1648);
#1190=LINE('',#11529,#1649);
#1191=LINE('',#11532,#1650);
#1192=LINE('',#11534,#1651);
#1193=LINE('',#11535,#1652);
#1194=LINE('',#11538,#1653);
#1195=LINE('',#11540,#1654);
#1196=LINE('',#11541,#1655);
#1197=LINE('',#11544,#1656);
#1198=LINE('',#11546,#1657);
#1199=LINE('',#11547,#1658);
#1200=LINE('',#11565,#1659);
#1201=LINE('',#11588,#1660);
#1202=LINE('',#11596,#1661);
#1203=LINE('',#11598,#1662);
#1204=LINE('',#11599,#1663);
#1205=LINE('',#11602,#1664);
#1206=LINE('',#11604,#1665);
#1207=LINE('',#11605,#1666);
#1208=LINE('',#11608,#1667);
#1209=LINE('',#11610,#1668);
#1210=LINE('',#11611,#1669);
#1211=LINE('',#11613,#1670);
#1212=LINE('',#11614,#1671);
#1213=LINE('',#11619,#1672);
#1214=LINE('',#11621,#1673);
#1215=LINE('',#11623,#1674);
#1216=LINE('',#11624,#1675);
#1217=LINE('',#11642,#1676);
#1218=LINE('',#11665,#1677);
#1219=LINE('',#11688,#1678);
#1220=LINE('',#11711,#1679);
#1221=LINE('',#11734,#1680);
#1222=LINE('',#11742,#1681);
#1223=LINE('',#11744,#1682);
#1224=LINE('',#11745,#1683);
#1225=LINE('',#11748,#1684);
#1226=LINE('',#11750,#1685);
#1227=LINE('',#11751,#1686);
#1228=LINE('',#11754,#1687);
#1229=LINE('',#11756,#1688);
#1230=LINE('',#11757,#1689);
#1231=LINE('',#11775,#1690);
#1232=LINE('',#11798,#1691);
#1233=LINE('',#11821,#1692);
#1234=LINE('',#11844,#1693);
#1235=LINE('',#11867,#1694);
#1236=LINE('',#11875,#1695);
#1237=LINE('',#11877,#1696);
#1238=LINE('',#11878,#1697);
#1239=LINE('',#11881,#1698);
#1240=LINE('',#11883,#1699);
#1241=LINE('',#11884,#1700);
#1242=LINE('',#11887,#1701);
#1243=LINE('',#11889,#1702);
#1244=LINE('',#11890,#1703);
#1245=LINE('',#11892,#1704);
#1246=LINE('',#11893,#1705);
#1247=LINE('',#11898,#1706);
#1248=LINE('',#11900,#1707);
#1249=LINE('',#11902,#1708);
#1250=LINE('',#11903,#1709);
#1251=LINE('',#11921,#1710);
#1252=LINE('',#11944,#1711);
#1253=LINE('',#11967,#1712);
#1254=LINE('',#11990,#1713);
#1255=LINE('',#12013,#1714);
#1256=LINE('',#12036,#1715);
#1257=LINE('',#12044,#1716);
#1258=LINE('',#12046,#1717);
#1259=LINE('',#12047,#1718);
#1260=LINE('',#12049,#1719);
#1261=LINE('',#12050,#1720);
#1262=LINE('',#12054,#1721);
#1263=LINE('',#12056,#1722);
#1264=LINE('',#12058,#1723);
#1265=LINE('',#12059,#1724);
#1266=LINE('',#12077,#1725);
#1267=LINE('',#12100,#1726);
#1268=LINE('',#12123,#1727);
#1269=LINE('',#12146,#1728);
#1270=LINE('',#12169,#1729);
#1271=LINE('',#12192,#1730);
#1272=LINE('',#12215,#1731);
#1273=LINE('',#12223,#1732);
#1274=LINE('',#12225,#1733);
#1275=LINE('',#12226,#1734);
#1276=LINE('',#12228,#1735);
#1277=LINE('',#12229,#1736);
#1278=LINE('',#12248,#1737);
#1279=LINE('',#12255,#1738);
#1280=LINE('',#12273,#1739);
#1281=LINE('',#12296,#1740);
#1282=LINE('',#12319,#1741);
#1283=LINE('',#12342,#1742);
#1284=LINE('',#12365,#1743);
#1285=LINE('',#12388,#1744);
#1286=LINE('',#12411,#1745);
#1287=LINE('',#12434,#1746);
#1288=LINE('',#12457,#1747);
#1289=LINE('',#12480,#1748);
#1290=LINE('',#12488,#1749);
#1291=LINE('',#12490,#1750);
#1292=LINE('',#12491,#1751);
#1293=LINE('',#12494,#1752);
#1294=LINE('',#12496,#1753);
#1295=LINE('',#12497,#1754);
#1296=LINE('',#12499,#1755);
#1297=LINE('',#12500,#1756);
#1298=LINE('',#12507,#1757);
#1299=LINE('',#12511,#1758);
#1300=LINE('',#12515,#1759);
#1301=LINE('',#12518,#1760);
#1302=LINE('',#12538,#1761);
#1303=LINE('',#12539,#1762);
#1304=LINE('',#12542,#1763);
#1305=LINE('',#12544,#1764);
#1306=LINE('',#12546,#1765);
#1307=LINE('',#12548,#1766);
#1308=LINE('',#12550,#1767);
#1309=LINE('',#12551,#1768);
#1310=LINE('',#12554,#1769);
#1311=LINE('',#12558,#1770);
#1312=LINE('',#12562,#1771);
#1313=LINE('',#12565,#1772);
#1314=LINE('',#12567,#1773);
#1315=LINE('',#12569,#1774);
#1316=LINE('',#12571,#1775);
#1317=LINE('',#12573,#1776);
#1318=LINE('',#12575,#1777);
#1319=LINE('',#12576,#1778);
#1320=LINE('',#12586,#1779);
#1321=LINE('',#12588,#1780);
#1322=LINE('',#12590,#1781);
#1323=LINE('',#12592,#1782);
#1324=LINE('',#12594,#1783);
#1325=LINE('',#12598,#1784);
#1326=LINE('',#12599,#1785);
#1327=LINE('',#12602,#1786);
#1328=LINE('',#12603,#1787);
#1329=LINE('',#12605,#1788);
#1330=LINE('',#12608,#1789);
#1331=LINE('',#12610,#1790);
#1332=LINE('',#12611,#1791);
#1333=LINE('',#12614,#1792);
#1334=LINE('',#12616,#1793);
#1335=LINE('',#12617,#1794);
#1336=LINE('',#12619,#1795);
#1337=LINE('',#12621,#1796);
#1338=LINE('',#12625,#1797);
#1339=LINE('',#12629,#1798);
#1340=LINE('',#12633,#1799);
#1341=LINE('',#12637,#1800);
#1342=LINE('',#12642,#1801);
#1343=LINE('',#12647,#1802);
#1344=LINE('',#12652,#1803);
#1345=LINE('',#12657,#1804);
#1346=VECTOR('',#6330,10.);
#1347=VECTOR('',#6331,10.);
#1348=VECTOR('',#6332,10.);
#1349=VECTOR('',#6333,10.);
#1350=VECTOR('',#6336,10.);
#1351=VECTOR('',#6337,10.);
#1352=VECTOR('',#6338,10.);
#1353=VECTOR('',#6339,10.);
#1354=VECTOR('',#6340,10.);
#1355=VECTOR('',#6341,10.);
#1356=VECTOR('',#6342,10.);
#1357=VECTOR('',#6345,10.);
#1358=VECTOR('',#6346,10.);
#1359=VECTOR('',#6347,10.);
#1360=VECTOR('',#6348,10.);
#1361=VECTOR('',#6349,10.);
#1362=VECTOR('',#6350,10.);
#1363=VECTOR('',#6351,10.);
#1364=VECTOR('',#6352,10.);
#1365=VECTOR('',#6353,10.);
#1366=VECTOR('',#6354,10.);
#1367=VECTOR('',#6355,10.);
#1368=VECTOR('',#6356,10.);
#1369=VECTOR('',#6359,10.);
#1370=VECTOR('',#6360,10.);
#1371=VECTOR('',#6361,10.);
#1372=VECTOR('',#6364,10.);
#1373=VECTOR('',#6365,10.);
#1374=VECTOR('',#6366,10.);
#1375=VECTOR('',#6367,10.);
#1376=VECTOR('',#6368,10.);
#1377=VECTOR('',#6369,10.);
#1378=VECTOR('',#6370,10.);
#1379=VECTOR('',#6371,10.);
#1380=VECTOR('',#6372,10.);
#1381=VECTOR('',#6373,10.);
#1382=VECTOR('',#6374,10.);
#1383=VECTOR('',#6375,10.);
#1384=VECTOR('',#6376,10.);
#1385=VECTOR('',#6377,10.);
#1386=VECTOR('',#6378,10.);
#1387=VECTOR('',#6381,10.);
#1388=VECTOR('',#6382,10.);
#1389=VECTOR('',#6383,10.);
#1390=VECTOR('',#6384,10.);
#1391=VECTOR('',#6385,10.);
#1392=VECTOR('',#6386,10.);
#1393=VECTOR('',#6387,10.);
#1394=VECTOR('',#6388,10.);
#1395=VECTOR('',#6389,10.);
#1396=VECTOR('',#6390,10.);
#1397=VECTOR('',#6391,10.);
#1398=VECTOR('',#6392,10.);
#1399=VECTOR('',#6393,10.);
#1400=VECTOR('',#6394,10.);
#1401=VECTOR('',#6395,10.);
#1402=VECTOR('',#6396,10.);
#1403=VECTOR('',#6397,10.);
#1404=VECTOR('',#6398,10.);
#1405=VECTOR('',#6399,10.);
#1406=VECTOR('',#6402,10.);
#1407=VECTOR('',#6403,10.);
#1408=VECTOR('',#6404,10.);
#1409=VECTOR('',#6407,10.);
#1410=VECTOR('',#6408,10.);
#1411=VECTOR('',#6409,10.);
#1412=VECTOR('',#6410,10.);
#1413=VECTOR('',#6411,10.);
#1414=VECTOR('',#6412,10.);
#1415=VECTOR('',#6413,10.);
#1416=VECTOR('',#6414,10.);
#1417=VECTOR('',#6415,10.);
#1418=VECTOR('',#6416,10.);
#1419=VECTOR('',#6419,10.);
#1420=VECTOR('',#6420,10.);
#1421=VECTOR('',#6423,10.);
#1422=VECTOR('',#6424,10.);
#1423=VECTOR('',#6425,10.);
#1424=VECTOR('',#6426,10.);
#1425=VECTOR('',#6427,10.);
#1426=VECTOR('',#6428,10.);
#1427=VECTOR('',#6431,10.);
#1428=VECTOR('',#6432,10.);
#1429=VECTOR('',#6433,10.);
#1430=VECTOR('',#6434,10.);
#1431=VECTOR('',#6435,10.);
#1432=VECTOR('',#6436,10.);
#1433=VECTOR('',#6437,10.);
#1434=VECTOR('',#6438,10.);
#1435=VECTOR('',#6439,10.);
#1436=VECTOR('',#6440,10.);
#1437=VECTOR('',#6443,10.);
#1438=VECTOR('',#6444,10.);
#1439=VECTOR('',#6445,10.);
#1440=VECTOR('',#6446,10.);
#1441=VECTOR('',#6447,10.);
#1442=VECTOR('',#6448,10.);
#1443=VECTOR('',#6449,10.);
#1444=VECTOR('',#6450,10.);
#1445=VECTOR('',#6451,10.);
#1446=VECTOR('',#6452,10.);
#1447=VECTOR('',#6453,10.);
#1448=VECTOR('',#6454,10.);
#1449=VECTOR('',#6455,10.);
#1450=VECTOR('',#6456,10.);
#1451=VECTOR('',#6457,10.);
#1452=VECTOR('',#6458,10.);
#1453=VECTOR('',#6459,10.);
#1454=VECTOR('',#6462,10.);
#1455=VECTOR('',#6463,10.);
#1456=VECTOR('',#6464,10.);
#1457=VECTOR('',#6465,10.);
#1458=VECTOR('',#6466,10.);
#1459=VECTOR('',#6467,10.);
#1460=VECTOR('',#6468,10.);
#1461=VECTOR('',#6469,10.);
#1462=VECTOR('',#6472,10.);
#1463=VECTOR('',#6473,10.);
#1464=VECTOR('',#6474,10.);
#1465=VECTOR('',#6475,10.);
#1466=VECTOR('',#6476,10.);
#1467=VECTOR('',#6477,10.);
#1468=VECTOR('',#6478,10.);
#1469=VECTOR('',#6479,10.);
#1470=VECTOR('',#6480,10.);
#1471=VECTOR('',#6481,10.);
#1472=VECTOR('',#6482,10.);
#1473=VECTOR('',#6483,10.);
#1474=VECTOR('',#6486,10.);
#1475=VECTOR('',#6487,10.);
#1476=VECTOR('',#6488,10.);
#1477=VECTOR('',#6491,10.);
#1478=VECTOR('',#6492,10.);
#1479=VECTOR('',#6493,10.);
#1480=VECTOR('',#6494,10.);
#1481=VECTOR('',#6495,10.);
#1482=VECTOR('',#6496,10.);
#1483=VECTOR('',#6497,10.);
#1484=VECTOR('',#6498,10.);
#1485=VECTOR('',#6499,10.);
#1486=VECTOR('',#6500,10.);
#1487=VECTOR('',#6501,10.);
#1488=VECTOR('',#6502,10.);
#1489=VECTOR('',#6503,10.);
#1490=VECTOR('',#6504,10.);
#1491=VECTOR('',#6505,10.);
#1492=VECTOR('',#6506,10.);
#1493=VECTOR('',#6507,10.);
#1494=VECTOR('',#6510,10.);
#1495=VECTOR('',#6511,10.);
#1496=VECTOR('',#6512,10.);
#1497=VECTOR('',#6513,10.);
#1498=VECTOR('',#6514,10.);
#1499=VECTOR('',#6515,10.);
#1500=VECTOR('',#6516,10.);
#1501=VECTOR('',#6517,10.);
#1502=VECTOR('',#6518,10.);
#1503=VECTOR('',#6519,10.);
#1504=VECTOR('',#6522,10.);
#1505=VECTOR('',#6523,10.);
#1506=VECTOR('',#6526,10.);
#1507=VECTOR('',#6527,10.);
#1508=VECTOR('',#6528,10.);
#1509=VECTOR('',#6529,10.);
#1510=VECTOR('',#6530,10.);
#1511=VECTOR('',#6531,10.);
#1512=VECTOR('',#6534,10.);
#1513=VECTOR('',#6535,10.);
#1514=VECTOR('',#6536,10.);
#1515=VECTOR('',#6537,10.);
#1516=VECTOR('',#6538,10.);
#1517=VECTOR('',#6539,10.);
#1518=VECTOR('',#6540,10.);
#1519=VECTOR('',#6541,10.);
#1520=VECTOR('',#6542,10.);
#1521=VECTOR('',#6543,10.);
#1522=VECTOR('',#6546,10.);
#1523=VECTOR('',#6547,10.);
#1524=VECTOR('',#6548,10.);
#1525=VECTOR('',#6549,10.);
#1526=VECTOR('',#6550,10.);
#1527=VECTOR('',#6551,10.);
#1528=VECTOR('',#6552,10.);
#1529=VECTOR('',#6553,10.);
#1530=VECTOR('',#6554,10.);
#1531=VECTOR('',#6555,10.);
#1532=VECTOR('',#6556,10.);
#1533=VECTOR('',#6557,10.);
#1534=VECTOR('',#6558,10.);
#1535=VECTOR('',#6559,10.);
#1536=VECTOR('',#6560,10.);
#1537=VECTOR('',#6561,10.);
#1538=VECTOR('',#6562,10.);
#1539=VECTOR('',#6567,10.);
#1540=VECTOR('',#6568,10.);
#1541=VECTOR('',#6569,10.);
#1542=VECTOR('',#6570,10.);
#1543=VECTOR('',#6571,10.);
#1544=VECTOR('',#6572,10.);
#1545=VECTOR('',#6573,10.);
#1546=VECTOR('',#6574,10.);
#1547=VECTOR('',#6575,10.);
#1548=VECTOR('',#6578,10.);
#1549=VECTOR('',#6579,10.);
#1550=VECTOR('',#6580,10.);
#1551=VECTOR('',#6583,10.);
#1552=VECTOR('',#6584,10.);
#1553=VECTOR('',#6587,10.);
#1554=VECTOR('',#6588,10.);
#1555=VECTOR('',#6589,10.);
#1556=VECTOR('',#6590,10.);
#1557=VECTOR('',#6593,10.);
#1558=VECTOR('',#6594,10.);
#1559=VECTOR('',#6595,10.);
#1560=VECTOR('',#6596,10.);
#1561=VECTOR('',#6597,10.);
#1562=VECTOR('',#6598,10.);
#1563=VECTOR('',#6599,10.);
#1564=VECTOR('',#6600,10.);
#1565=VECTOR('',#6601,10.);
#1566=VECTOR('',#6604,10.);
#1567=VECTOR('',#6605,10.);
#1568=VECTOR('',#6606,10.);
#1569=VECTOR('',#6609,10.);
#1570=VECTOR('',#6610,10.);
#1571=VECTOR('',#6611,10.);
#1572=VECTOR('',#6614,10.);
#1573=VECTOR('',#6615,10.);
#1574=VECTOR('',#6620,10.);
#1575=VECTOR('',#6621,10.);
#1576=VECTOR('',#6622,10.);
#1577=VECTOR('',#6623,10.);
#1578=VECTOR('',#6624,10.);
#1579=VECTOR('',#6625,10.);
#1580=VECTOR('',#6626,10.);
#1581=VECTOR('',#6627,10.);
#1582=VECTOR('',#6630,10.);
#1583=VECTOR('',#6631,10.);
#1584=VECTOR('',#6632,10.);
#1585=VECTOR('',#6633,10.);
#1586=VECTOR('',#6634,10.);
#1587=VECTOR('',#6635,10.);
#1588=VECTOR('',#6638,10.);
#1589=VECTOR('',#6639,10.);
#1590=VECTOR('',#6640,10.);
#1591=VECTOR('',#6643,10.);
#1592=VECTOR('',#6644,10.);
#1593=VECTOR('',#6645,10.);
#1594=VECTOR('',#6648,10.);
#1595=VECTOR('',#6649,10.);
#1596=VECTOR('',#6650,10.);
#1597=VECTOR('',#6653,10.);
#1598=VECTOR('',#6654,10.);
#1599=VECTOR('',#6657,10.);
#1600=VECTOR('',#6658,10.);
#1601=VECTOR('',#6659,10.);
#1602=VECTOR('',#6660,10.);
#1603=VECTOR('',#6661,10.);
#1604=VECTOR('',#6662,10.);
#1605=VECTOR('',#6663,10.);
#1606=VECTOR('',#6664,10.);
#1607=VECTOR('',#6667,10.);
#1608=VECTOR('',#6668,10.);
#1609=VECTOR('',#6669,10.);
#1610=VECTOR('',#6670,10.);
#1611=VECTOR('',#6673,10.);
#1612=VECTOR('',#6674,10.);
#1613=VECTOR('',#6675,10.);
#1614=VECTOR('',#6678,10.);
#1615=VECTOR('',#6679,10.);
#1616=VECTOR('',#6680,10.);
#1617=VECTOR('',#6681,10.);
#1618=VECTOR('',#6682,10.);
#1619=VECTOR('',#6683,10.);
#1620=VECTOR('',#6684,10.);
#1621=VECTOR('',#6685,10.);
#1622=VECTOR('',#6686,10.);
#1623=VECTOR('',#6687,10.);
#1624=VECTOR('',#6688,10.);
#1625=VECTOR('',#6689,10.);
#1626=VECTOR('',#6692,10.);
#1627=VECTOR('',#6693,10.);
#1628=VECTOR('',#6694,10.);
#1629=VECTOR('',#6697,10.);
#1630=VECTOR('',#6698,10.);
#1631=VECTOR('',#6703,10.);
#1632=VECTOR('',#6704,10.);
#1633=VECTOR('',#6705,10.);
#1634=VECTOR('',#6706,10.);
#1635=VECTOR('',#6709,10.);
#1636=VECTOR('',#6710,10.);
#1637=VECTOR('',#6711,10.);
#1638=VECTOR('',#6714,10.);
#1639=VECTOR('',#6715,10.);
#1640=VECTOR('',#6716,10.);
#1641=VECTOR('',#6719,10.);
#1642=VECTOR('',#6720,10.);
#1643=VECTOR('',#6721,10.);
#1644=VECTOR('',#6724,10.);
#1645=VECTOR('',#6725,10.);
#1646=VECTOR('',#6726,10.);
#1647=VECTOR('',#6729,10.);
#1648=VECTOR('',#6730,10.);
#1649=VECTOR('',#6731,10.);
#1650=VECTOR('',#6734,10.);
#1651=VECTOR('',#6735,10.);
#1652=VECTOR('',#6736,10.);
#1653=VECTOR('',#6739,10.);
#1654=VECTOR('',#6740,10.);
#1655=VECTOR('',#6741,10.);
#1656=VECTOR('',#6744,10.);
#1657=VECTOR('',#6745,10.);
#1658=VECTOR('',#6746,10.);
#1659=VECTOR('',#6747,10.);
#1660=VECTOR('',#6748,10.);
#1661=VECTOR('',#6751,10.);
#1662=VECTOR('',#6752,10.);
#1663=VECTOR('',#6753,10.);
#1664=VECTOR('',#6756,10.);
#1665=VECTOR('',#6757,10.);
#1666=VECTOR('',#6758,10.);
#1667=VECTOR('',#6761,10.);
#1668=VECTOR('',#6762,10.);
#1669=VECTOR('',#6763,10.);
#1670=VECTOR('',#6766,10.);
#1671=VECTOR('',#6767,10.);
#1672=VECTOR('',#6772,10.);
#1673=VECTOR('',#6773,10.);
#1674=VECTOR('',#6774,10.);
#1675=VECTOR('',#6775,10.);
#1676=VECTOR('',#6776,10.);
#1677=VECTOR('',#6777,10.);
#1678=VECTOR('',#6778,10.);
#1679=VECTOR('',#6779,10.);
#1680=VECTOR('',#6780,10.);
#1681=VECTOR('',#6783,10.);
#1682=VECTOR('',#6784,10.);
#1683=VECTOR('',#6785,10.);
#1684=VECTOR('',#6788,10.);
#1685=VECTOR('',#6789,10.);
#1686=VECTOR('',#6790,10.);
#1687=VECTOR('',#6793,10.);
#1688=VECTOR('',#6794,10.);
#1689=VECTOR('',#6795,10.);
#1690=VECTOR('',#6796,10.);
#1691=VECTOR('',#6797,10.);
#1692=VECTOR('',#6798,10.);
#1693=VECTOR('',#6799,10.);
#1694=VECTOR('',#6800,10.);
#1695=VECTOR('',#6803,10.);
#1696=VECTOR('',#6804,10.);
#1697=VECTOR('',#6805,10.);
#1698=VECTOR('',#6808,10.);
#1699=VECTOR('',#6809,10.);
#1700=VECTOR('',#6810,10.);
#1701=VECTOR('',#6813,10.);
#1702=VECTOR('',#6814,10.);
#1703=VECTOR('',#6815,10.);
#1704=VECTOR('',#6818,10.);
#1705=VECTOR('',#6819,10.);
#1706=VECTOR('',#6824,10.);
#1707=VECTOR('',#6825,10.);
#1708=VECTOR('',#6826,10.);
#1709=VECTOR('',#6827,10.);
#1710=VECTOR('',#6828,10.);
#1711=VECTOR('',#6829,10.);
#1712=VECTOR('',#6830,10.);
#1713=VECTOR('',#6831,10.);
#1714=VECTOR('',#6832,10.);
#1715=VECTOR('',#6833,10.);
#1716=VECTOR('',#6836,10.);
#1717=VECTOR('',#6837,10.);
#1718=VECTOR('',#6838,10.);
#1719=VECTOR('',#6841,10.);
#1720=VECTOR('',#6842,10.);
#1721=VECTOR('',#6845,10.);
#1722=VECTOR('',#6846,10.);
#1723=VECTOR('',#6847,10.);
#1724=VECTOR('',#6848,10.);
#1725=VECTOR('',#6849,10.);
#1726=VECTOR('',#6850,10.);
#1727=VECTOR('',#6851,10.);
#1728=VECTOR('',#6852,10.);
#1729=VECTOR('',#6853,10.);
#1730=VECTOR('',#6854,10.);
#1731=VECTOR('',#6855,10.);
#1732=VECTOR('',#6858,10.);
#1733=VECTOR('',#6859,10.);
#1734=VECTOR('',#6860,10.);
#1735=VECTOR('',#6863,10.);
#1736=VECTOR('',#6864,10.);
#1737=VECTOR('',#6865,10.);
#1738=VECTOR('',#6866,10.);
#1739=VECTOR('',#6867,10.);
#1740=VECTOR('',#6868,10.);
#1741=VECTOR('',#6869,10.);
#1742=VECTOR('',#6870,10.);
#1743=VECTOR('',#6871,10.);
#1744=VECTOR('',#6872,10.);
#1745=VECTOR('',#6873,10.);
#1746=VECTOR('',#6874,10.);
#1747=VECTOR('',#6875,10.);
#1748=VECTOR('',#6876,10.);
#1749=VECTOR('',#6879,10.);
#1750=VECTOR('',#6880,10.);
#1751=VECTOR('',#6881,10.);
#1752=VECTOR('',#6884,10.);
#1753=VECTOR('',#6885,10.);
#1754=VECTOR('',#6886,10.);
#1755=VECTOR('',#6889,10.);
#1756=VECTOR('',#6890,10.);
#1757=VECTOR('',#6897,10.);
#1758=VECTOR('',#6900,10.);
#1759=VECTOR('',#6903,10.);
#1760=VECTOR('',#6906,10.);
#1761=VECTOR('',#6933,10.);
#1762=VECTOR('',#6934,10.);
#1763=VECTOR('',#6937,10.);
#1764=VECTOR('',#6938,10.);
#1765=VECTOR('',#6939,10.);
#1766=VECTOR('',#6940,10.);
#1767=VECTOR('',#6941,10.);
#1768=VECTOR('',#6942,10.);
#1769=VECTOR('',#6945,10.);
#1770=VECTOR('',#6948,10.);
#1771=VECTOR('',#6951,10.);
#1772=VECTOR('',#6954,10.);
#1773=VECTOR('',#6955,10.);
#1774=VECTOR('',#6956,10.);
#1775=VECTOR('',#6957,10.);
#1776=VECTOR('',#6958,10.);
#1777=VECTOR('',#6959,10.);
#1778=VECTOR('',#6960,10.);
#1779=VECTOR('',#6971,10.);
#1780=VECTOR('',#6974,10.);
#1781=VECTOR('',#6977,10.);
#1782=VECTOR('',#6980,10.);
#1783=VECTOR('',#6983,10.);
#1784=VECTOR('',#6988,10.);
#1785=VECTOR('',#6989,10.);
#1786=VECTOR('',#6992,10.);
#1787=VECTOR('',#6993,10.);
#1788=VECTOR('',#6996,10.);
#1789=VECTOR('',#6999,10.);
#1790=VECTOR('',#7000,10.);
#1791=VECTOR('',#7001,10.);
#1792=VECTOR('',#7004,10.);
#1793=VECTOR('',#7005,10.);
#1794=VECTOR('',#7006,10.);
#1795=VECTOR('',#7009,10.);
#1796=VECTOR('',#7012,10.);
#1797=VECTOR('',#7017,3.);
#1798=VECTOR('',#7022,3.00000000000001);
#1799=VECTOR('',#7027,3.);
#1800=VECTOR('',#7032,3.);
#1801=VECTOR('',#7039,1.7);
#1802=VECTOR('',#7046,1.7);
#1803=VECTOR('',#7053,1.7);
#1804=VECTOR('',#7060,1.7);
#1805=B_SPLINE_CURVE_WITH_KNOTS('',3,(#7081,#7082,#7083,#7084,#7085),
 .UNSPECIFIED.,.F.,.F.,(4,1,4),(0.,0.0792079865442166,0.15654050178015),
 .UNSPECIFIED.);
#1806=B_SPLINE_CURVE_WITH_KNOTS('',3,(#7089,#7090,#7091,#7092,#7093),
 .UNSPECIFIED.,.F.,.F.,(4,1,4),(0.,0.0792079865442166,0.15654050178015),
 .UNSPECIFIED.);
#1807=B_SPLINE_CURVE_WITH_KNOTS('',3,(#7106,#7107,#7108,#7109,#7110),
 .UNSPECIFIED.,.F.,.F.,(4,1,4),(0.,0.0858386069476378,0.17242880700158),
 .UNSPECIFIED.);
#1808=B_SPLINE_CURVE_WITH_KNOTS('',3,(#7113,#7114,#7115,#7116,#7117),
 .UNSPECIFIED.,.F.,.F.,(4,1,4),(0.,0.0858386069476378,0.17242880700158),
 .UNSPECIFIED.);
#1809=B_SPLINE_CURVE_WITH_KNOTS('',3,(#7129,#7130,#7131,#7132,#7133),
 .UNSPECIFIED.,.F.,.F.,(4,1,4),(0.,0.0815038149372333,0.146356429309531),
 .UNSPECIFIED.);
#1810=B_SPLINE_CURVE_WITH_KNOTS('',3,(#7136,#7137,#7138,#7139,#7140),
 .UNSPECIFIED.,.F.,.F.,(4,1,4),(0.,0.0815038149372333,0.146356429309531),
 .UNSPECIFIED.);
#1811=B_SPLINE_CURVE_WITH_KNOTS('',3,(#7157,#7158,#7159,#7160,#7161),
 .UNSPECIFIED.,.F.,.F.,(4,1,4),(0.,0.0797436248526814,0.16708546455649),
 .UNSPECIFIED.);
#1812=B_SPLINE_CURVE_WITH_KNOTS('',3,(#7162,#7163,#7164,#7165,#7166),
 .UNSPECIFIED.,.F.,.F.,(4,1,4),(0.,0.0797436248526814,0.16708546455649),
 .UNSPECIFIED.);
#1813=B_SPLINE_CURVE_WITH_KNOTS('',3,(#7179,#7180,#7181,#7182,#7183),
 .UNSPECIFIED.,.F.,.F.,(4,1,4),(0.,0.0632104685997126,0.122239361199419),
 .UNSPECIFIED.);
#1814=B_SPLINE_CURVE_WITH_KNOTS('',3,(#7187,#7188,#7189,#7190,#7191),
 .UNSPECIFIED.,.F.,.F.,(4,1,4),(0.,0.0632104685997126,0.122239361199419),
 .UNSPECIFIED.);
#1815=B_SPLINE_CURVE_WITH_KNOTS('',3,(#7204,#7205,#7206,#7207,#7208),
 .UNSPECIFIED.,.F.,.F.,(4,1,4),(0.,0.0831666292348243,0.167884000350273),
 .UNSPECIFIED.);
#1816=B_SPLINE_CURVE_WITH_KNOTS('',3,(#7211,#7212,#7213,#7214,#7215),
 .UNSPECIFIED.,.F.,.F.,(4,1,4),(0.,0.0831666292348243,0.167884000350273),
 .UNSPECIFIED.);
#1817=B_SPLINE_CURVE_WITH_KNOTS('',3,(#7227,#7228,#7229,#7230,#7231),
 .UNSPECIFIED.,.F.,.F.,(4,1,4),(0.,0.107324909676707,0.198019272157821),
 .UNSPECIFIED.);
#1818=B_SPLINE_CURVE_WITH_KNOTS('',3,(#7234,#7235,#7236,#7237,#7238),
 .UNSPECIFIED.,.F.,.F.,(4,1,4),(0.,0.107324909676707,0.198019272157821),
 .UNSPECIFIED.);
#1819=B_SPLINE_CURVE_WITH_KNOTS('',3,(#7256,#7257,#7258,#7259,#7260),
 .UNSPECIFIED.,.F.,.F.,(4,1,4),(0.,0.0136436145152145,0.032750062716829),
 .UNSPECIFIED.);
#1820=B_SPLINE_CURVE_WITH_KNOTS('',3,(#7263,#7264,#7265,#7266,#7267),
 .UNSPECIFIED.,.F.,.F.,(4,1,4),(0.,0.0136436145152145,0.032750062716829),
 .UNSPECIFIED.);
#1821=B_SPLINE_CURVE_WITH_KNOTS('',3,(#7279,#7280,#7281,#7282,#7283),
 .UNSPECIFIED.,.F.,.F.,(4,1,4),(0.,0.137617235755945,0.298549337222101),
 .UNSPECIFIED.);
#1822=B_SPLINE_CURVE_WITH_KNOTS('',3,(#7286,#7287,#7288,#7289,#7290),
 .UNSPECIFIED.,.F.,.F.,(4,1,4),(0.,0.137617235755945,0.298549337222101),
 .UNSPECIFIED.);
#1823=B_SPLINE_CURVE_WITH_KNOTS('',3,(#7302,#7303,#7304,#7305,#7306),
 .UNSPECIFIED.,.F.,.F.,(4,1,4),(0.,0.134287948895676,0.263166580362941),
 .UNSPECIFIED.);
#1824=B_SPLINE_CURVE_WITH_KNOTS('',3,(#7309,#7310,#7311,#7312,#7313),
 .UNSPECIFIED.,.F.,.F.,(4,1,4),(0.,0.134287948895676,0.263166580362941),
 .UNSPECIFIED.);
#1825=B_SPLINE_CURVE_WITH_KNOTS('',3,(#7325,#7326,#7327,#7328,#7329),
 .UNSPECIFIED.,.F.,.F.,(4,1,4),(0.,0.131993568792442,0.270398775198888),
 .UNSPECIFIED.);
#1826=B_SPLINE_CURVE_WITH_KNOTS('',3,(#7332,#7333,#7334,#7335,#7336),
 .UNSPECIFIED.,.F.,.F.,(4,1,4),(0.,0.131993568792442,0.270398775198888),
 .UNSPECIFIED.);
#1827=B_SPLINE_CURVE_WITH_KNOTS('',3,(#7348,#7349,#7350,#7351,#7352),
 .UNSPECIFIED.,.F.,.F.,(4,1,4),(0.,0.164043350242465,0.304495945384122),
 .UNSPECIFIED.);
#1828=B_SPLINE_CURVE_WITH_KNOTS('',3,(#7355,#7356,#7357,#7358,#7359),
 .UNSPECIFIED.,.F.,.F.,(4,1,4),(0.,0.164043350242465,0.304495945384122),
 .UNSPECIFIED.);
#1829=B_SPLINE_CURVE_WITH_KNOTS('',3,(#7371,#7372,#7373,#7374,#7375),
 .UNSPECIFIED.,.F.,.F.,(4,1,4),(0.,0.136845491064997,0.295608579703848),
 .UNSPECIFIED.);
#1830=B_SPLINE_CURVE_WITH_KNOTS('',3,(#7378,#7379,#7380,#7381,#7382),
 .UNSPECIFIED.,.F.,.F.,(4,1,4),(0.,0.136845491064997,0.295608579703848),
 .UNSPECIFIED.);
#1831=B_SPLINE_CURVE_WITH_KNOTS('',3,(#7394,#7395,#7396,#7397,#7398),
 .UNSPECIFIED.,.F.,.F.,(4,1,4),(0.,0.14463552059164,0.276594285685466),
 .UNSPECIFIED.);
#1832=B_SPLINE_CURVE_WITH_KNOTS('',3,(#7401,#7402,#7403,#7404,#7405),
 .UNSPECIFIED.,.F.,.F.,(4,1,4),(0.,0.14463552059164,0.276594285685466),
 .UNSPECIFIED.);
#1833=B_SPLINE_CURVE_WITH_KNOTS('',3,(#7417,#7418,#7419,#7420,#7421),
 .UNSPECIFIED.,.F.,.F.,(4,1,4),(0.,0.103261967180955,0.219220776349721),
 .UNSPECIFIED.);
#1834=B_SPLINE_CURVE_WITH_KNOTS('',3,(#7424,#7425,#7426,#7427,#7428),
 .UNSPECIFIED.,.F.,.F.,(4,1,4),(0.,0.103261967180955,0.219220776349721),
 .UNSPECIFIED.);
#1835=B_SPLINE_CURVE_WITH_KNOTS('',3,(#7440,#7441,#7442,#7443,#7444),
 .UNSPECIFIED.,.F.,.F.,(4,1,4),(0.,0.107616724321804,0.208257998281777),
 .UNSPECIFIED.);
#1836=B_SPLINE_CURVE_WITH_KNOTS('',3,(#7447,#7448,#7449,#7450,#7451),
 .UNSPECIFIED.,.F.,.F.,(4,1,4),(0.,0.107616724321804,0.208257998281777),
 .UNSPECIFIED.);
#1837=B_SPLINE_CURVE_WITH_KNOTS('',3,(#7468,#7469,#7470,#7471,#7472),
 .UNSPECIFIED.,.F.,.F.,(4,1,4),(0.,0.0628661920406909,0.137683882194052),
 .UNSPECIFIED.);
#1838=B_SPLINE_CURVE_WITH_KNOTS('',3,(#7473,#7474,#7475,#7476,#7477),
 .UNSPECIFIED.,.F.,.F.,(4,1,4),(0.,0.0628661920406909,0.137683882194052),
 .UNSPECIFIED.);
#1839=B_SPLINE_CURVE_WITH_KNOTS('',3,(#7491,#7492,#7493,#7494,#7495),
 .UNSPECIFIED.,.F.,.F.,(4,1,4),(0.,0.125349497398943,0.226485095022779),
 .UNSPECIFIED.);
#1840=B_SPLINE_CURVE_WITH_KNOTS('',3,(#7499,#7500,#7501,#7502,#7503),
 .UNSPECIFIED.,.F.,.F.,(4,1,4),(0.,0.125349497398943,0.226485095022779),
 .UNSPECIFIED.);
#1841=B_SPLINE_CURVE_WITH_KNOTS('',3,(#7516,#7517,#7518,#7519,#7520),
 .UNSPECIFIED.,.F.,.F.,(4,1,4),(0.,0.0752520049169187,0.15641594204364),
 .UNSPECIFIED.);
#1842=B_SPLINE_CURVE_WITH_KNOTS('',3,(#7523,#7524,#7525,#7526,#7527),
 .UNSPECIFIED.,.F.,.F.,(4,1,4),(0.,0.0752520049169187,0.15641594204364),
 .UNSPECIFIED.);
#1843=B_SPLINE_CURVE_WITH_KNOTS('',3,(#7539,#7540,#7541,#7542,#7543),
 .UNSPECIFIED.,.F.,.F.,(4,1,4),(0.,0.0647093606921351,0.134256569906956),
 .UNSPECIFIED.);
#1844=B_SPLINE_CURVE_WITH_KNOTS('',3,(#7546,#7547,#7548,#7549,#7550),
 .UNSPECIFIED.,.F.,.F.,(4,1,4),(0.,0.0647093606921351,0.134256569906956),
 .UNSPECIFIED.);
#1845=B_SPLINE_CURVE_WITH_KNOTS('',3,(#7562,#7563,#7564,#7565,#7566),
 .UNSPECIFIED.,.F.,.F.,(4,1,4),(0.,0.0603666281195982,0.12283379545086),
 .UNSPECIFIED.);
#1846=B_SPLINE_CURVE_WITH_KNOTS('',3,(#7569,#7570,#7571,#7572,#7573),
 .UNSPECIFIED.,.F.,.F.,(4,1,4),(0.,0.0603666281195982,0.12283379545086),
 .UNSPECIFIED.);
#1847=B_SPLINE_CURVE_WITH_KNOTS('',3,(#7585,#7586,#7587,#7588,#7589),
 .UNSPECIFIED.,.F.,.F.,(4,1,4),(0.,0.0522632920640799,0.11036768796019),
 .UNSPECIFIED.);
#1848=B_SPLINE_CURVE_WITH_KNOTS('',3,(#7592,#7593,#7594,#7595,#7596),
 .UNSPECIFIED.,.F.,.F.,(4,1,4),(0.,0.0522632920640799,0.11036768796019),
 .UNSPECIFIED.);
#1849=B_SPLINE_CURVE_WITH_KNOTS('',3,(#7608,#7609,#7610,#7611,#7612),
 .UNSPECIFIED.,.F.,.F.,(4,1,4),(0.,0.0534953267895068,0.104526578326208),
 .UNSPECIFIED.);
#1850=B_SPLINE_CURVE_WITH_KNOTS('',3,(#7615,#7616,#7617,#7618,#7619),
 .UNSPECIFIED.,.F.,.F.,(4,1,4),(0.,0.0534953267895068,0.104526578326208),
 .UNSPECIFIED.);
#1851=B_SPLINE_CURVE_WITH_KNOTS('',3,(#7631,#7632,#7633,#7634,#7635),
 .UNSPECIFIED.,.F.,.F.,(4,1,4),(0.,0.114966802404287,0.190379107509596),
 .UNSPECIFIED.);
#1852=B_SPLINE_CURVE_WITH_KNOTS('',3,(#7638,#7639,#7640,#7641,#7642),
 .UNSPECIFIED.,.F.,.F.,(4,1,4),(0.,0.114966802404287,0.190379107509596),
 .UNSPECIFIED.);
#1853=B_SPLINE_CURVE_WITH_KNOTS('',3,(#7654,#7655,#7656,#7657,#7658),
 .UNSPECIFIED.,.F.,.F.,(4,1,4),(0.,0.0380270919423356,0.112916225070249),
 .UNSPECIFIED.);
#1854=B_SPLINE_CURVE_WITH_KNOTS('',3,(#7661,#7662,#7663,#7664,#7665),
 .UNSPECIFIED.,.F.,.F.,(4,1,4),(0.,0.0380270919423356,0.112916225070249),
 .UNSPECIFIED.);
#1855=B_SPLINE_CURVE_WITH_KNOTS('',3,(#7677,#7678,#7679,#7680,#7681),
 .UNSPECIFIED.,.F.,.F.,(4,1,4),(0.,0.0264215225702992,0.0578498931280283),
 .UNSPECIFIED.);
#1856=B_SPLINE_CURVE_WITH_KNOTS('',3,(#7684,#7685,#7686,#7687,#7688),
 .UNSPECIFIED.,.F.,.F.,(4,1,4),(0.,0.0264215225702992,0.0578498931280283),
 .UNSPECIFIED.);
#1857=B_SPLINE_CURVE_WITH_KNOTS('',3,(#7700,#7701,#7702,#7703,#7704),
 .UNSPECIFIED.,.F.,.F.,(4,1,4),(0.,0.022988926098971,0.0461945553887733),
 .UNSPECIFIED.);
#1858=B_SPLINE_CURVE_WITH_KNOTS('',3,(#7707,#7708,#7709,#7710,#7711),
 .UNSPECIFIED.,.F.,.F.,(4,1,4),(0.,0.022988926098971,0.0461945553887733),
 .UNSPECIFIED.);
#1859=B_SPLINE_CURVE_WITH_KNOTS('',3,(#7723,#7724,#7725,#7726,#7727),
 .UNSPECIFIED.,.F.,.F.,(4,1,4),(0.,0.0407015144629629,0.0769751180786286),
 .UNSPECIFIED.);
#1860=B_SPLINE_CURVE_WITH_KNOTS('',3,(#7730,#7731,#7732,#7733,#7734),
 .UNSPECIFIED.,.F.,.F.,(4,1,4),(0.,0.0407015144629629,0.0769751180786286),
 .UNSPECIFIED.);
#1861=B_SPLINE_CURVE_WITH_KNOTS('',3,(#7746,#7747,#7748,#7749,#7750),
 .UNSPECIFIED.,.F.,.F.,(4,1,4),(0.,0.072812381334673,0.125434282157279),
 .UNSPECIFIED.);
#1862=B_SPLINE_CURVE_WITH_KNOTS('',3,(#7753,#7754,#7755,#7756,#7757),
 .UNSPECIFIED.,.F.,.F.,(4,1,4),(0.,0.072812381334673,0.125434282157279),
 .UNSPECIFIED.);
#1863=B_SPLINE_CURVE_WITH_KNOTS('',3,(#7769,#7770,#7771,#7772,#7773),
 .UNSPECIFIED.,.F.,.F.,(4,1,4),(0.,0.0526224240830142,0.116543527257867),
 .UNSPECIFIED.);
#1864=B_SPLINE_CURVE_WITH_KNOTS('',3,(#7776,#7777,#7778,#7779,#7780),
 .UNSPECIFIED.,.F.,.F.,(4,1,4),(0.,0.0526224240830142,0.116543527257867),
 .UNSPECIFIED.);
#1865=B_SPLINE_CURVE_WITH_KNOTS('',3,(#7792,#7793,#7794,#7795,#7796),
 .UNSPECIFIED.,.F.,.F.,(4,1,4),(0.,0.0523118576336937,0.101440501167745),
 .UNSPECIFIED.);
#1866=B_SPLINE_CURVE_WITH_KNOTS('',3,(#7799,#7800,#7801,#7802,#7803),
 .UNSPECIFIED.,.F.,.F.,(4,1,4),(0.,0.0523118576336937,0.101440501167745),
 .UNSPECIFIED.);
#1867=B_SPLINE_CURVE_WITH_KNOTS('',3,(#7821,#7822,#7823,#7824,#7825),
 .UNSPECIFIED.,.F.,.F.,(4,1,4),(0.,0.0552323692944648,0.120418459882233),
 .UNSPECIFIED.);
#1868=B_SPLINE_CURVE_WITH_KNOTS('',3,(#7828,#7829,#7830,#7831,#7832),
 .UNSPECIFIED.,.F.,.F.,(4,1,4),(0.,0.0552323692944648,0.120418459882233),
 .UNSPECIFIED.);
#1869=B_SPLINE_CURVE_WITH_KNOTS('',3,(#7844,#7845,#7846,#7847,#7848),
 .UNSPECIFIED.,.F.,.F.,(4,1,4),(0.,0.0633037365515965,0.117816665736911),
 .UNSPECIFIED.);
#1870=B_SPLINE_CURVE_WITH_KNOTS('',3,(#7851,#7852,#7853,#7854,#7855),
 .UNSPECIFIED.,.F.,.F.,(4,1,4),(0.,0.0633037365515965,0.117816665736911),
 .UNSPECIFIED.);
#1871=B_SPLINE_CURVE_WITH_KNOTS('',3,(#7867,#7868,#7869,#7870,#7871),
 .UNSPECIFIED.,.F.,.F.,(4,1,4),(0.,0.0802149254064235,0.152023469664346),
 .UNSPECIFIED.);
#1872=B_SPLINE_CURVE_WITH_KNOTS('',3,(#7874,#7875,#7876,#7877,#7878),
 .UNSPECIFIED.,.F.,.F.,(4,1,4),(0.,0.0802149254064235,0.152023469664346),
 .UNSPECIFIED.);
#1873=B_SPLINE_CURVE_WITH_KNOTS('',3,(#7890,#7891,#7892,#7893,#7894),
 .UNSPECIFIED.,.F.,.F.,(4,1,4),(0.,0.0527163074249538,0.107755458419814),
 .UNSPECIFIED.);
#1874=B_SPLINE_CURVE_WITH_KNOTS('',3,(#7897,#7898,#7899,#7900,#7901),
 .UNSPECIFIED.,.F.,.F.,(4,1,4),(0.,0.0527163074249538,0.107755458419814),
 .UNSPECIFIED.);
#1875=B_SPLINE_CURVE_WITH_KNOTS('',3,(#7913,#7914,#7915,#7916,#7917),
 .UNSPECIFIED.,.F.,.F.,(4,1,4),(0.,0.0389619747214062,0.0857885118032969),
 .UNSPECIFIED.);
#1876=B_SPLINE_CURVE_WITH_KNOTS('',3,(#7920,#7921,#7922,#7923,#7924),
 .UNSPECIFIED.,.F.,.F.,(4,1,4),(0.,0.0389619747214062,0.0857885118032969),
 .UNSPECIFIED.);
#1877=B_SPLINE_CURVE_WITH_KNOTS('',3,(#7936,#7937,#7938,#7939,#7940),
 .UNSPECIFIED.,.F.,.F.,(4,1,4),(0.,0.0463125964814435,0.0924389065066789),
 .UNSPECIFIED.);
#1878=B_SPLINE_CURVE_WITH_KNOTS('',3,(#7943,#7944,#7945,#7946,#7947),
 .UNSPECIFIED.,.F.,.F.,(4,1,4),(0.,0.0463125964814435,0.0924389065066789),
 .UNSPECIFIED.);
#1879=B_SPLINE_CURVE_WITH_KNOTS('',3,(#7959,#7960,#7961,#7962,#7963),
 .UNSPECIFIED.,.F.,.F.,(4,1,4),(0.,0.046873944086321,0.0927014135709161),
 .UNSPECIFIED.);
#1880=B_SPLINE_CURVE_WITH_KNOTS('',3,(#7966,#7967,#7968,#7969,#7970),
 .UNSPECIFIED.,.F.,.F.,(4,1,4),(0.,0.046873944086321,0.0927014135709161),
 .UNSPECIFIED.);
#1881=B_SPLINE_CURVE_WITH_KNOTS('',3,(#7982,#7983,#7984,#7985,#7986),
 .UNSPECIFIED.,.F.,.F.,(4,1,4),(0.,0.0506505950000999,0.102071593329636),
 .UNSPECIFIED.);
#1882=B_SPLINE_CURVE_WITH_KNOTS('',3,(#7989,#7990,#7991,#7992,#7993),
 .UNSPECIFIED.,.F.,.F.,(4,1,4),(0.,0.0506505950000999,0.102071593329636),
 .UNSPECIFIED.);
#1883=B_SPLINE_CURVE_WITH_KNOTS('',3,(#8005,#8006,#8007,#8008,#8009),
 .UNSPECIFIED.,.F.,.F.,(4,1,4),(0.,0.0545833907489979,0.105985951104879),
 .UNSPECIFIED.);
#1884=B_SPLINE_CURVE_WITH_KNOTS('',3,(#8012,#8013,#8014,#8015,#8016),
 .UNSPECIFIED.,.F.,.F.,(4,1,4),(0.,0.0545833907489979,0.105985951104879),
 .UNSPECIFIED.);
#1885=B_SPLINE_CURVE_WITH_KNOTS('',3,(#8028,#8029,#8030,#8031,#8032),
 .UNSPECIFIED.,.F.,.F.,(4,1,4),(0.,0.118741725221056,0.196703978741103),
 .UNSPECIFIED.);
#1886=B_SPLINE_CURVE_WITH_KNOTS('',3,(#8035,#8036,#8037,#8038,#8039),
 .UNSPECIFIED.,.F.,.F.,(4,1,4),(0.,0.118741725221056,0.196703978741103),
 .UNSPECIFIED.);
#1887=B_SPLINE_CURVE_WITH_KNOTS('',3,(#8051,#8052,#8053,#8054,#8055),
 .UNSPECIFIED.,.F.,.F.,(4,1,4),(0.,0.0477626979439927,0.132465677304449),
 .UNSPECIFIED.);
#1888=B_SPLINE_CURVE_WITH_KNOTS('',3,(#8058,#8059,#8060,#8061,#8062),
 .UNSPECIFIED.,.F.,.F.,(4,1,4),(0.,0.0477626979439927,0.132465677304449),
 .UNSPECIFIED.);
#1889=B_SPLINE_CURVE_WITH_KNOTS('',3,(#8074,#8075,#8076,#8077,#8078),
 .UNSPECIFIED.,.F.,.F.,(4,1,4),(0.,0.0382589792117733,0.0774578551618362),
 .UNSPECIFIED.);
#1890=B_SPLINE_CURVE_WITH_KNOTS('',3,(#8081,#8082,#8083,#8084,#8085),
 .UNSPECIFIED.,.F.,.F.,(4,1,4),(0.,0.0382589792117733,0.0774578551618362),
 .UNSPECIFIED.);
#1891=B_SPLINE_CURVE_WITH_KNOTS('',3,(#8097,#8098,#8099,#8100,#8101),
 .UNSPECIFIED.,.F.,.F.,(4,1,4),(0.,0.0486063293180678,0.0932795233004313),
 .UNSPECIFIED.);
#1892=B_SPLINE_CURVE_WITH_KNOTS('',3,(#8104,#8105,#8106,#8107,#8108),
 .UNSPECIFIED.,.F.,.F.,(4,1,4),(0.,0.0486063293180678,0.0932795233004313),
 .UNSPECIFIED.);
#1893=B_SPLINE_CURVE_WITH_KNOTS('',3,(#8120,#8121,#8122,#8123,#8124),
 .UNSPECIFIED.,.F.,.F.,(4,1,4),(0.,0.0741617016422911,0.131970856285233),
 .UNSPECIFIED.);
#1894=B_SPLINE_CURVE_WITH_KNOTS('',3,(#8127,#8128,#8129,#8130,#8131),
 .UNSPECIFIED.,.F.,.F.,(4,1,4),(0.,0.0741617016422911,0.131970856285233),
 .UNSPECIFIED.);
#1895=B_SPLINE_CURVE_WITH_KNOTS('',3,(#8143,#8144,#8145,#8146,#8147),
 .UNSPECIFIED.,.F.,.F.,(4,1,4),(0.,0.0633822245849468,0.138705021141383),
 .UNSPECIFIED.);
#1896=B_SPLINE_CURVE_WITH_KNOTS('',3,(#8150,#8151,#8152,#8153,#8154),
 .UNSPECIFIED.,.F.,.F.,(4,1,4),(0.,0.0633822245849468,0.138705021141383),
 .UNSPECIFIED.);
#1897=B_SPLINE_CURVE_WITH_KNOTS('',3,(#8166,#8167,#8168,#8169,#8170),
 .UNSPECIFIED.,.F.,.F.,(4,1,4),(0.,0.0672799393055322,0.127631197421158),
 .UNSPECIFIED.);
#1898=B_SPLINE_CURVE_WITH_KNOTS('',3,(#8173,#8174,#8175,#8176,#8177),
 .UNSPECIFIED.,.F.,.F.,(4,1,4),(0.,0.0672799393055322,0.127631197421158),
 .UNSPECIFIED.);
#1899=B_SPLINE_CURVE_WITH_KNOTS('',3,(#8194,#8195,#8196,#8197,#8198),
 .UNSPECIFIED.,.F.,.F.,(4,1,4),(0.,0.0945868760875877,0.201200472858959),
 .UNSPECIFIED.);
#1900=B_SPLINE_CURVE_WITH_KNOTS('',3,(#8199,#8200,#8201,#8202,#8203),
 .UNSPECIFIED.,.F.,.F.,(4,1,4),(0.,0.0945868760875877,0.201200472858959),
 .UNSPECIFIED.);
#1901=B_SPLINE_CURVE_WITH_KNOTS('',3,(#8217,#8218,#8219,#8220,#8221),
 .UNSPECIFIED.,.F.,.F.,(4,1,4),(0.,0.0535951930360633,0.125048931911844),
 .UNSPECIFIED.);
#1902=B_SPLINE_CURVE_WITH_KNOTS('',3,(#8225,#8226,#8227,#8228,#8229),
 .UNSPECIFIED.,.F.,.F.,(4,1,4),(0.,0.0535951930360633,0.125048931911844),
 .UNSPECIFIED.);
#1903=B_SPLINE_CURVE_WITH_KNOTS('',3,(#8242,#8243,#8244,#8245,#8246),
 .UNSPECIFIED.,.F.,.F.,(4,1,4),(0.,0.0605447737478365,0.119152670388622),
 .UNSPECIFIED.);
#1904=B_SPLINE_CURVE_WITH_KNOTS('',3,(#8249,#8250,#8251,#8252,#8253),
 .UNSPECIFIED.,.F.,.F.,(4,1,4),(0.,0.0605447737478365,0.119152670388622),
 .UNSPECIFIED.);
#1905=B_SPLINE_CURVE_WITH_KNOTS('',3,(#8265,#8266,#8267,#8268,#8269),
 .UNSPECIFIED.,.F.,.F.,(4,1,4),(0.,0.0674570261723944,0.130952298215393),
 .UNSPECIFIED.);
#1906=B_SPLINE_CURVE_WITH_KNOTS('',3,(#8272,#8273,#8274,#8275,#8276),
 .UNSPECIFIED.,.F.,.F.,(4,1,4),(0.,0.0674570261723944,0.130952298215393),
 .UNSPECIFIED.);
#1907=B_SPLINE_CURVE_WITH_KNOTS('',3,(#8288,#8289,#8290,#8291,#8292),
 .UNSPECIFIED.,.F.,.F.,(4,1,4),(0.,0.0521829128270827,0.115808512515085),
 .UNSPECIFIED.);
#1908=B_SPLINE_CURVE_WITH_KNOTS('',3,(#8295,#8296,#8297,#8298,#8299),
 .UNSPECIFIED.,.F.,.F.,(4,1,4),(0.,0.0521829128270827,0.115808512515085),
 .UNSPECIFIED.);
#1909=B_SPLINE_CURVE_WITH_KNOTS('',3,(#8311,#8312,#8313,#8314,#8315),
 .UNSPECIFIED.,.F.,.F.,(4,1,4),(0.,0.0459527433123886,0.0919962108341549),
 .UNSPECIFIED.);
#1910=B_SPLINE_CURVE_WITH_KNOTS('',3,(#8318,#8319,#8320,#8321,#8322),
 .UNSPECIFIED.,.F.,.F.,(4,1,4),(0.,0.0459527433123886,0.0919962108341549),
 .UNSPECIFIED.);
#1911=B_SPLINE_CURVE_WITH_KNOTS('',3,(#8334,#8335,#8336,#8337,#8338),
 .UNSPECIFIED.,.F.,.F.,(4,1,4),(0.,0.0302886359939591,0.0611101363219087),
 .UNSPECIFIED.);
#1912=B_SPLINE_CURVE_WITH_KNOTS('',3,(#8341,#8342,#8343,#8344,#8345),
 .UNSPECIFIED.,.F.,.F.,(4,1,4),(0.,0.0302886359939591,0.0611101363219087),
 .UNSPECIFIED.);
#1913=B_SPLINE_CURVE_WITH_KNOTS('',3,(#8357,#8358,#8359,#8360,#8361),
 .UNSPECIFIED.,.F.,.F.,(4,1,4),(0.,0.0325220416117296,0.0636925083730188),
 .UNSPECIFIED.);
#1914=B_SPLINE_CURVE_WITH_KNOTS('',3,(#8364,#8365,#8366,#8367,#8368),
 .UNSPECIFIED.,.F.,.F.,(4,1,4),(0.,0.0325220416117296,0.0636925083730188),
 .UNSPECIFIED.);
#1915=B_SPLINE_CURVE_WITH_KNOTS('',3,(#8380,#8381,#8382,#8383,#8384),
 .UNSPECIFIED.,.F.,.F.,(4,1,4),(0.,0.0656637543253772,0.110060083560902),
 .UNSPECIFIED.);
#1916=B_SPLINE_CURVE_WITH_KNOTS('',3,(#8387,#8388,#8389,#8390,#8391),
 .UNSPECIFIED.,.F.,.F.,(4,1,4),(0.,0.0656637543253772,0.110060083560902),
 .UNSPECIFIED.);
#1917=B_SPLINE_CURVE_WITH_KNOTS('',3,(#8403,#8404,#8405,#8406,#8407),
 .UNSPECIFIED.,.F.,.F.,(4,1,4),(0.,0.08728909480543,0.206169822407864),
 .UNSPECIFIED.);
#1918=B_SPLINE_CURVE_WITH_KNOTS('',3,(#8410,#8411,#8412,#8413,#8414),
 .UNSPECIFIED.,.F.,.F.,(4,1,4),(0.,0.08728909480543,0.206169822407864),
 .UNSPECIFIED.);
#1919=B_SPLINE_CURVE_WITH_KNOTS('',3,(#8438,#8439,#8440,#8441,#8442),
 .UNSPECIFIED.,.F.,.F.,(4,1,4),(0.,0.0457527049869235,0.0924537754917858),
 .UNSPECIFIED.);
#1920=B_SPLINE_CURVE_WITH_KNOTS('',3,(#8445,#8446,#8447,#8448,#8449),
 .UNSPECIFIED.,.F.,.F.,(4,1,4),(0.,0.0457527049869235,0.0924537754917858),
 .UNSPECIFIED.);
#1921=B_SPLINE_CURVE_WITH_KNOTS('',3,(#8461,#8462,#8463,#8464,#8465),
 .UNSPECIFIED.,.F.,.F.,(4,1,4),(0.,0.139848893042514,0.217134535717672),
 .UNSPECIFIED.);
#1922=B_SPLINE_CURVE_WITH_KNOTS('',3,(#8468,#8469,#8470,#8471,#8472),
 .UNSPECIFIED.,.F.,.F.,(4,1,4),(0.,0.139848893042514,0.217134535717672),
 .UNSPECIFIED.);
#1923=B_SPLINE_CURVE_WITH_KNOTS('',3,(#8490,#8491,#8492,#8493,#8494),
 .UNSPECIFIED.,.F.,.F.,(4,1,4),(0.,0.0442375674093935,0.113490376319169),
 .UNSPECIFIED.);
#1924=B_SPLINE_CURVE_WITH_KNOTS('',3,(#8497,#8498,#8499,#8500,#8501),
 .UNSPECIFIED.,.F.,.F.,(4,1,4),(0.,0.0442375674093935,0.113490376319169),
 .UNSPECIFIED.);
#1925=B_SPLINE_CURVE_WITH_KNOTS('',3,(#8513,#8514,#8515,#8516,#8517),
 .UNSPECIFIED.,.F.,.F.,(4,1,4),(0.,0.0438170601568879,0.092244755644008),
 .UNSPECIFIED.);
#1926=B_SPLINE_CURVE_WITH_KNOTS('',3,(#8520,#8521,#8522,#8523,#8524),
 .UNSPECIFIED.,.F.,.F.,(4,1,4),(0.,0.0438170601568879,0.092244755644008),
 .UNSPECIFIED.);
#1927=B_SPLINE_CURVE_WITH_KNOTS('',3,(#8536,#8537,#8538,#8539,#8540),
 .UNSPECIFIED.,.F.,.F.,(4,1,4),(0.,0.0560554689309255,0.102465870967428),
 .UNSPECIFIED.);
#1928=B_SPLINE_CURVE_WITH_KNOTS('',3,(#8543,#8544,#8545,#8546,#8547),
 .UNSPECIFIED.,.F.,.F.,(4,1,4),(0.,0.0560554689309255,0.102465870967428),
 .UNSPECIFIED.);
#1929=B_SPLINE_CURVE_WITH_KNOTS('',3,(#8559,#8560,#8561,#8562,#8563),
 .UNSPECIFIED.,.F.,.F.,(4,1,4),(0.,0.0842492629262479,0.152907691449776),
 .UNSPECIFIED.);
#1930=B_SPLINE_CURVE_WITH_KNOTS('',3,(#8566,#8567,#8568,#8569,#8570),
 .UNSPECIFIED.,.F.,.F.,(4,1,4),(0.,0.0842492629262479,0.152907691449776),
 .UNSPECIFIED.);
#1931=B_SPLINE_CURVE_WITH_KNOTS('',3,(#8582,#8583,#8584,#8585,#8586),
 .UNSPECIFIED.,.F.,.F.,(4,1,4),(0.,0.0789982687412438,0.167061126092243),
 .UNSPECIFIED.);
#1932=B_SPLINE_CURVE_WITH_KNOTS('',3,(#8589,#8590,#8591,#8592,#8593),
 .UNSPECIFIED.,.F.,.F.,(4,1,4),(0.,0.0789982687412438,0.167061126092243),
 .UNSPECIFIED.);
#1933=B_SPLINE_CURVE_WITH_KNOTS('',3,(#8605,#8606,#8607,#8608,#8609),
 .UNSPECIFIED.,.F.,.F.,(4,1,4),(0.,0.0622782512259168,0.132060989560707),
 .UNSPECIFIED.);
#1934=B_SPLINE_CURVE_WITH_KNOTS('',3,(#8612,#8613,#8614,#8615,#8616),
 .UNSPECIFIED.,.F.,.F.,(4,1,4),(0.,0.0622782512259168,0.132060989560707),
 .UNSPECIFIED.);
#1935=B_SPLINE_CURVE_WITH_KNOTS('',3,(#8628,#8629,#8630,#8631,#8632),
 .UNSPECIFIED.,.F.,.F.,(4,1,4),(0.,0.0728697948281749,0.136247325663798),
 .UNSPECIFIED.);
#1936=B_SPLINE_CURVE_WITH_KNOTS('',3,(#8635,#8636,#8637,#8638,#8639),
 .UNSPECIFIED.,.F.,.F.,(4,1,4),(0.,0.0728697948281749,0.136247325663798),
 .UNSPECIFIED.);
#1937=B_SPLINE_CURVE_WITH_KNOTS('',3,(#8657,#8658,#8659,#8660,#8661),
 .UNSPECIFIED.,.F.,.F.,(4,1,4),(0.,0.0549171557231866,0.124876525262444),
 .UNSPECIFIED.);
#1938=B_SPLINE_CURVE_WITH_KNOTS('',3,(#8664,#8665,#8666,#8667,#8668),
 .UNSPECIFIED.,.F.,.F.,(4,1,4),(0.,0.0549171557231866,0.124876525262444),
 .UNSPECIFIED.);
#1939=B_SPLINE_CURVE_WITH_KNOTS('',3,(#8680,#8681,#8682,#8683,#8684),
 .UNSPECIFIED.,.F.,.F.,(4,1,4),(0.,0.0757648376420481,0.133425024950825),
 .UNSPECIFIED.);
#1940=B_SPLINE_CURVE_WITH_KNOTS('',3,(#8687,#8688,#8689,#8690,#8691),
 .UNSPECIFIED.,.F.,.F.,(4,1,4),(0.,0.0757648376420481,0.133425024950825),
 .UNSPECIFIED.);
#1941=B_SPLINE_CURVE_WITH_KNOTS('',3,(#8703,#8704,#8705,#8706,#8707),
 .UNSPECIFIED.,.F.,.F.,(4,1,4),(0.,0.066296977937214,0.14830319539361),
 .UNSPECIFIED.);
#1942=B_SPLINE_CURVE_WITH_KNOTS('',3,(#8710,#8711,#8712,#8713,#8714),
 .UNSPECIFIED.,.F.,.F.,(4,1,4),(0.,0.066296977937214,0.14830319539361),
 .UNSPECIFIED.);
#1943=B_SPLINE_CURVE_WITH_KNOTS('',3,(#8726,#8727,#8728,#8729,#8730),
 .UNSPECIFIED.,.F.,.F.,(4,1,4),(0.,0.0645382822205816,0.11379623364616),
 .UNSPECIFIED.);
#1944=B_SPLINE_CURVE_WITH_KNOTS('',3,(#8733,#8734,#8735,#8736,#8737),
 .UNSPECIFIED.,.F.,.F.,(4,1,4),(0.,0.0645382822205816,0.11379623364616),
 .UNSPECIFIED.);
#1945=B_SPLINE_CURVE_WITH_KNOTS('',3,(#8749,#8750,#8751,#8752,#8753),
 .UNSPECIFIED.,.F.,.F.,(4,1,4),(0.,0.0206407521692345,0.0320675207327565),
 .UNSPECIFIED.);
#1946=B_SPLINE_CURVE_WITH_KNOTS('',3,(#8756,#8757,#8758,#8759,#8760),
 .UNSPECIFIED.,.F.,.F.,(4,1,4),(0.,0.0206407521692345,0.0320675207327565),
 .UNSPECIFIED.);
#1947=B_SPLINE_CURVE_WITH_KNOTS('',3,(#8772,#8773,#8774,#8775,#8776),
 .UNSPECIFIED.,.F.,.F.,(4,1,4),(0.,0.130548314350922,0.223278444054),
 .UNSPECIFIED.);
#1948=B_SPLINE_CURVE_WITH_KNOTS('',3,(#8779,#8780,#8781,#8782,#8783),
 .UNSPECIFIED.,.F.,.F.,(4,1,4),(0.,0.130548314350922,0.223278444054),
 .UNSPECIFIED.);
#1949=B_SPLINE_CURVE_WITH_KNOTS('',3,(#8795,#8796,#8797,#8798,#8799),
 .UNSPECIFIED.,.F.,.F.,(4,1,4),(0.,0.0463211734196308,0.110737277173272),
 .UNSPECIFIED.);
#1950=B_SPLINE_CURVE_WITH_KNOTS('',3,(#8802,#8803,#8804,#8805,#8806),
 .UNSPECIFIED.,.F.,.F.,(4,1,4),(0.,0.0463211734196308,0.110737277173272),
 .UNSPECIFIED.);
#1951=B_SPLINE_CURVE_WITH_KNOTS('',3,(#8818,#8819,#8820,#8821,#8822),
 .UNSPECIFIED.,.F.,.F.,(4,1,4),(0.,0.0480176569989483,0.0976999575879652),
 .UNSPECIFIED.);
#1952=B_SPLINE_CURVE_WITH_KNOTS('',3,(#8825,#8826,#8827,#8828,#8829),
 .UNSPECIFIED.,.F.,.F.,(4,1,4),(0.,0.0480176569989483,0.0976999575879652),
 .UNSPECIFIED.);
#1953=B_SPLINE_CURVE_WITH_KNOTS('',3,(#8841,#8842,#8843,#8844,#8845),
 .UNSPECIFIED.,.F.,.F.,(4,1,4),(0.,0.0488273757023114,0.095831480496036),
 .UNSPECIFIED.);
#1954=B_SPLINE_CURVE_WITH_KNOTS('',3,(#8848,#8849,#8850,#8851,#8852),
 .UNSPECIFIED.,.F.,.F.,(4,1,4),(0.,0.0488273757023114,0.095831480496036),
 .UNSPECIFIED.);
#1955=B_SPLINE_CURVE_WITH_KNOTS('',3,(#8864,#8865,#8866,#8867,#8868),
 .UNSPECIFIED.,.F.,.F.,(4,1,4),(0.,0.0511679806886746,0.100570542471656),
 .UNSPECIFIED.);
#1956=B_SPLINE_CURVE_WITH_KNOTS('',3,(#8871,#8872,#8873,#8874,#8875),
 .UNSPECIFIED.,.F.,.F.,(4,1,4),(0.,0.0511679806886746,0.100570542471656),
 .UNSPECIFIED.);
#1957=B_SPLINE_CURVE_WITH_KNOTS('',3,(#8887,#8888,#8889,#8890,#8891),
 .UNSPECIFIED.,.F.,.F.,(4,1,4),(0.,0.0822107551111781,0.166457988993863),
 .UNSPECIFIED.);
#1958=B_SPLINE_CURVE_WITH_KNOTS('',3,(#8894,#8895,#8896,#8897,#8898),
 .UNSPECIFIED.,.F.,.F.,(4,1,4),(0.,0.0822107551111781,0.166457988993863),
 .UNSPECIFIED.);
#1959=B_SPLINE_CURVE_WITH_KNOTS('',3,(#8910,#8911,#8912,#8913,#8914),
 .UNSPECIFIED.,.F.,.F.,(4,1,4),(0.,0.106549800218571,0.195794315286129),
 .UNSPECIFIED.);
#1960=B_SPLINE_CURVE_WITH_KNOTS('',3,(#8917,#8918,#8919,#8920,#8921),
 .UNSPECIFIED.,.F.,.F.,(4,1,4),(0.,0.106549800218571,0.195794315286129),
 .UNSPECIFIED.);
#1961=B_SPLINE_CURVE_WITH_KNOTS('',3,(#8933,#8934,#8935,#8936,#8937),
 .UNSPECIFIED.,.F.,.F.,(4,1,4),(0.,0.0675593306963692,0.137731777772331),
 .UNSPECIFIED.);
#1962=B_SPLINE_CURVE_WITH_KNOTS('',3,(#8940,#8941,#8942,#8943,#8944),
 .UNSPECIFIED.,.F.,.F.,(4,1,4),(0.,0.0675593306963692,0.137731777772331),
 .UNSPECIFIED.);
#1963=B_SPLINE_CURVE_WITH_KNOTS('',3,(#8956,#8957,#8958,#8959,#8960),
 .UNSPECIFIED.,.F.,.F.,(4,1,4),(0.,0.083290332767508,0.155588928979661),
 .UNSPECIFIED.);
#1964=B_SPLINE_CURVE_WITH_KNOTS('',3,(#8963,#8964,#8965,#8966,#8967),
 .UNSPECIFIED.,.F.,.F.,(4,1,4),(0.,0.083290332767508,0.155588928979661),
 .UNSPECIFIED.);
#1965=B_SPLINE_CURVE_WITH_KNOTS('',3,(#8978,#8979,#8980,#8981,#8982),
 .UNSPECIFIED.,.F.,.F.,(4,1,4),(0.,0.044309780162978,0.0930428945163197),
 .UNSPECIFIED.);
#1966=B_SPLINE_CURVE_WITH_KNOTS('',3,(#8983,#8984,#8985,#8986,#8987),
 .UNSPECIFIED.,.F.,.F.,(4,1,4),(0.,0.044309780162978,0.0930428945163197),
 .UNSPECIFIED.);
#1967=B_SPLINE_CURVE_WITH_KNOTS('',3,(#9001,#9002,#9003,#9004,#9005),
 .UNSPECIFIED.,.F.,.F.,(4,1,4),(0.,0.0672565814001346,0.13101500862267),
 .UNSPECIFIED.);
#1968=B_SPLINE_CURVE_WITH_KNOTS('',3,(#9009,#9010,#9011,#9012,#9013),
 .UNSPECIFIED.,.F.,.F.,(4,1,4),(0.,0.0672565814001346,0.13101500862267),
 .UNSPECIFIED.);
#1969=B_SPLINE_CURVE_WITH_KNOTS('',3,(#9026,#9027,#9028,#9029,#9030),
 .UNSPECIFIED.,.F.,.F.,(4,1,4),(0.,0.0813503718868511,0.164526157060668),
 .UNSPECIFIED.);
#1970=B_SPLINE_CURVE_WITH_KNOTS('',3,(#9033,#9034,#9035,#9036,#9037),
 .UNSPECIFIED.,.F.,.F.,(4,1,4),(0.,0.0813503718868511,0.164526157060668),
 .UNSPECIFIED.);
#1971=B_SPLINE_CURVE_WITH_KNOTS('',3,(#9049,#9050,#9051,#9052,#9053),
 .UNSPECIFIED.,.F.,.F.,(4,1,4),(0.,0.126796509326312,0.222589471594835),
 .UNSPECIFIED.);
#1972=B_SPLINE_CURVE_WITH_KNOTS('',3,(#9056,#9057,#9058,#9059,#9060),
 .UNSPECIFIED.,.F.,.F.,(4,1,4),(0.,0.126796509326312,0.222589471594835),
 .UNSPECIFIED.);
#1973=B_SPLINE_CURVE_WITH_KNOTS('',3,(#9072,#9073,#9074,#9075,#9076),
 .UNSPECIFIED.,.F.,.F.,(4,1,4),(0.,0.0960187958782186,0.221348198390751),
 .UNSPECIFIED.);
#1974=B_SPLINE_CURVE_WITH_KNOTS('',3,(#9079,#9080,#9081,#9082,#9083),
 .UNSPECIFIED.,.F.,.F.,(4,1,4),(0.,0.0960187958782186,0.221348198390751),
 .UNSPECIFIED.);
#1975=B_SPLINE_CURVE_WITH_KNOTS('',3,(#9095,#9096,#9097,#9098,#9099),
 .UNSPECIFIED.,.F.,.F.,(4,1,4),(0.,0.0857173117352918,0.169141608767802),
 .UNSPECIFIED.);
#1976=B_SPLINE_CURVE_WITH_KNOTS('',3,(#9102,#9103,#9104,#9105,#9106),
 .UNSPECIFIED.,.F.,.F.,(4,1,4),(0.,0.0857173117352918,0.169141608767802),
 .UNSPECIFIED.);
#1977=B_SPLINE_CURVE_WITH_KNOTS('',3,(#9118,#9119,#9120,#9121,#9122),
 .UNSPECIFIED.,.F.,.F.,(4,1,4),(0.,0.0550175586230018,0.112546375162975),
 .UNSPECIFIED.);
#1978=B_SPLINE_CURVE_WITH_KNOTS('',3,(#9125,#9126,#9127,#9128,#9129),
 .UNSPECIFIED.,.F.,.F.,(4,1,4),(0.,0.0550175586230018,0.112546375162975),
 .UNSPECIFIED.);
#1979=B_SPLINE_CURVE_WITH_KNOTS('',3,(#9141,#9142,#9143,#9144,#9145),
 .UNSPECIFIED.,.F.,.F.,(4,1,4),(0.,0.0682010974995508,0.127139763645877),
 .UNSPECIFIED.);
#1980=B_SPLINE_CURVE_WITH_KNOTS('',3,(#9148,#9149,#9150,#9151,#9152),
 .UNSPECIFIED.,.F.,.F.,(4,1,4),(0.,0.0682010974995508,0.127139763645877),
 .UNSPECIFIED.);
#1981=B_SPLINE_CURVE_WITH_KNOTS('',3,(#9170,#9171,#9172,#9173,#9174),
 .UNSPECIFIED.,.F.,.F.,(4,1,4),(0.,0.0947036271162792,0.197887306946788),
 .UNSPECIFIED.);
#1982=B_SPLINE_CURVE_WITH_KNOTS('',3,(#9177,#9178,#9179,#9180,#9181),
 .UNSPECIFIED.,.F.,.F.,(4,1,4),(0.,0.0947036271162792,0.197887306946788),
 .UNSPECIFIED.);
#1983=B_SPLINE_CURVE_WITH_KNOTS('',3,(#9193,#9194,#9195,#9196,#9197),
 .UNSPECIFIED.,.F.,.F.,(4,1,4),(0.,0.108309189105814,0.205183730052168),
 .UNSPECIFIED.);
#1984=B_SPLINE_CURVE_WITH_KNOTS('',3,(#9200,#9201,#9202,#9203,#9204),
 .UNSPECIFIED.,.F.,.F.,(4,1,4),(0.,0.108309189105814,0.205183730052168),
 .UNSPECIFIED.);
#1985=B_SPLINE_CURVE_WITH_KNOTS('',3,(#9216,#9217,#9218,#9219,#9220),
 .UNSPECIFIED.,.F.,.F.,(4,1,4),(0.,0.0896178105261202,0.180338453485012),
 .UNSPECIFIED.);
#1986=B_SPLINE_CURVE_WITH_KNOTS('',3,(#9223,#9224,#9225,#9226,#9227),
 .UNSPECIFIED.,.F.,.F.,(4,1,4),(0.,0.0896178105261202,0.180338453485012),
 .UNSPECIFIED.);
#1987=B_SPLINE_CURVE_WITH_KNOTS('',3,(#9239,#9240,#9241,#9242,#9243),
 .UNSPECIFIED.,.F.,.F.,(4,1,4),(0.,0.0911622131518238,0.17929030630294),
 .UNSPECIFIED.);
#1988=B_SPLINE_CURVE_WITH_KNOTS('',3,(#9246,#9247,#9248,#9249,#9250),
 .UNSPECIFIED.,.F.,.F.,(4,1,4),(0.,0.0911622131518238,0.17929030630294),
 .UNSPECIFIED.);
#1989=B_SPLINE_CURVE_WITH_KNOTS('',3,(#9262,#9263,#9264,#9265,#9266),
 .UNSPECIFIED.,.F.,.F.,(4,1,4),(0.,0.11042188657985,0.210109756512769),
 .UNSPECIFIED.);
#1990=B_SPLINE_CURVE_WITH_KNOTS('',3,(#9269,#9270,#9271,#9272,#9273),
 .UNSPECIFIED.,.F.,.F.,(4,1,4),(0.,0.11042188657985,0.210109756512769),
 .UNSPECIFIED.);
#1991=B_SPLINE_CURVE_WITH_KNOTS('',3,(#9285,#9286,#9287,#9288,#9289),
 .UNSPECIFIED.,.F.,.F.,(4,1,4),(0.,0.13640866991509,0.298450536287649),
 .UNSPECIFIED.);
#1992=B_SPLINE_CURVE_WITH_KNOTS('',3,(#9292,#9293,#9294,#9295,#9296),
 .UNSPECIFIED.,.F.,.F.,(4,1,4),(0.,0.13640866991509,0.298450536287649),
 .UNSPECIFIED.);
#1993=B_SPLINE_CURVE_WITH_KNOTS('',3,(#9308,#9309,#9310,#9311,#9312),
 .UNSPECIFIED.,.F.,.F.,(4,1,4),(0.,0.136375797218083,0.264236835056903),
 .UNSPECIFIED.);
#1994=B_SPLINE_CURVE_WITH_KNOTS('',3,(#9315,#9316,#9317,#9318,#9319),
 .UNSPECIFIED.,.F.,.F.,(4,1,4),(0.,0.136375797218083,0.264236835056903),
 .UNSPECIFIED.);
#1995=B_SPLINE_CURVE_WITH_KNOTS('',3,(#9331,#9332,#9333,#9334,#9335),
 .UNSPECIFIED.,.F.,.F.,(4,1,4),(0.,0.104768391718661,0.215481709294826),
 .UNSPECIFIED.);
#1996=B_SPLINE_CURVE_WITH_KNOTS('',3,(#9338,#9339,#9340,#9341,#9342),
 .UNSPECIFIED.,.F.,.F.,(4,1,4),(0.,0.104768391718661,0.215481709294826),
 .UNSPECIFIED.);
#1997=B_SPLINE_CURVE_WITH_KNOTS('',3,(#9354,#9355,#9356,#9357,#9358),
 .UNSPECIFIED.,.F.,.F.,(4,1,4),(0.,0.116818547057547,0.224178948338007),
 .UNSPECIFIED.);
#1998=B_SPLINE_CURVE_WITH_KNOTS('',3,(#9361,#9362,#9363,#9364,#9365),
 .UNSPECIFIED.,.F.,.F.,(4,1,4),(0.,0.116818547057547,0.224178948338007),
 .UNSPECIFIED.);
#1999=B_SPLINE_CURVE_WITH_KNOTS('',3,(#9382,#9383,#9384,#9385,#9386),
 .UNSPECIFIED.,.F.,.F.,(4,1,4),(0.,0.0687910448188491,0.151860366050936),
 .UNSPECIFIED.);
#2000=B_SPLINE_CURVE_WITH_KNOTS('',3,(#9387,#9388,#9389,#9390,#9391),
 .UNSPECIFIED.,.F.,.F.,(4,1,4),(0.,0.0687910448188491,0.151860366050936),
 .UNSPECIFIED.);
#2001=B_SPLINE_CURVE_WITH_KNOTS('',3,(#9405,#9406,#9407,#9408,#9409),
 .UNSPECIFIED.,.F.,.F.,(4,1,4),(0.,0.0859854936898904,0.171831780732307),
 .UNSPECIFIED.);
#2002=B_SPLINE_CURVE_WITH_KNOTS('',3,(#9413,#9414,#9415,#9416,#9417),
 .UNSPECIFIED.,.F.,.F.,(4,1,4),(0.,0.0859854936898904,0.171831780732307),
 .UNSPECIFIED.);
#2003=B_SPLINE_CURVE_WITH_KNOTS('',3,(#9430,#9431,#9432,#9433,#9434),
 .UNSPECIFIED.,.F.,.F.,(4,1,4),(0.,0.085883892356895,0.170901841607434),
 .UNSPECIFIED.);
#2004=B_SPLINE_CURVE_WITH_KNOTS('',3,(#9437,#9438,#9439,#9440,#9441),
 .UNSPECIFIED.,.F.,.F.,(4,1,4),(0.,0.085883892356895,0.170901841607434),
 .UNSPECIFIED.);
#2005=B_SPLINE_CURVE_WITH_KNOTS('',3,(#9453,#9454,#9455,#9456,#9457),
 .UNSPECIFIED.,.F.,.F.,(4,1,4),(0.,0.119001986636551,0.215905796157001),
 .UNSPECIFIED.);
#2006=B_SPLINE_CURVE_WITH_KNOTS('',3,(#9460,#9461,#9462,#9463,#9464),
 .UNSPECIFIED.,.F.,.F.,(4,1,4),(0.,0.119001986636551,0.215905796157001),
 .UNSPECIFIED.);
#2007=B_SPLINE_CURVE_WITH_KNOTS('',3,(#9476,#9477,#9478,#9479,#9480),
 .UNSPECIFIED.,.F.,.F.,(4,1,4),(0.,0.0989253021765076,0.224166447920048),
 .UNSPECIFIED.);
#2008=B_SPLINE_CURVE_WITH_KNOTS('',3,(#9483,#9484,#9485,#9486,#9487),
 .UNSPECIFIED.,.F.,.F.,(4,1,4),(0.,0.0989253021765076,0.224166447920048),
 .UNSPECIFIED.);
#2009=B_SPLINE_CURVE_WITH_KNOTS('',3,(#9499,#9500,#9501,#9502,#9503),
 .UNSPECIFIED.,.F.,.F.,(4,1,4),(0.,0.0855188365167947,0.171538185874475),
 .UNSPECIFIED.);
#2010=B_SPLINE_CURVE_WITH_KNOTS('',3,(#9506,#9507,#9508,#9509,#9510),
 .UNSPECIFIED.,.F.,.F.,(4,1,4),(0.,0.0855188365167947,0.171538185874475),
 .UNSPECIFIED.);
#2011=B_SPLINE_CURVE_WITH_KNOTS('',3,(#9522,#9523,#9524,#9525,#9526),
 .UNSPECIFIED.,.F.,.F.,(4,1,4),(0.,0.0858461435367498,0.17183163722664),
 .UNSPECIFIED.);
#2012=B_SPLINE_CURVE_WITH_KNOTS('',3,(#9529,#9530,#9531,#9532,#9533),
 .UNSPECIFIED.,.F.,.F.,(4,1,4),(0.,0.0858461435367498,0.17183163722664),
 .UNSPECIFIED.);
#2013=B_SPLINE_CURVE_WITH_KNOTS('',3,(#9545,#9546,#9547,#9548,#9549),
 .UNSPECIFIED.,.F.,.F.,(4,1,4),(0.,0.122702160108585,0.220871228576559),
 .UNSPECIFIED.);
#2014=B_SPLINE_CURVE_WITH_KNOTS('',3,(#9552,#9553,#9554,#9555,#9556),
 .UNSPECIFIED.,.F.,.F.,(4,1,4),(0.,0.122702160108585,0.220871228576559),
 .UNSPECIFIED.);
#2015=B_SPLINE_CURVE_WITH_KNOTS('',3,(#9567,#9568,#9569,#9570,#9571),
 .UNSPECIFIED.,.F.,.F.,(4,1,4),(0.,0.0977160719666898,0.220249073692855),
 .UNSPECIFIED.);
#2016=B_SPLINE_CURVE_WITH_KNOTS('',3,(#9572,#9573,#9574,#9575,#9576),
 .UNSPECIFIED.,.F.,.F.,(4,1,4),(0.,0.0977160719666898,0.220249073692855),
 .UNSPECIFIED.);
#2017=B_SPLINE_CURVE_WITH_KNOTS('',3,(#9589,#9590,#9591,#9592,#9593),
 .UNSPECIFIED.,.F.,.F.,(4,1,4),(0.,0.139763409655476,0.270730207065418),
 .UNSPECIFIED.);
#2018=B_SPLINE_CURVE_WITH_KNOTS('',3,(#9597,#9598,#9599,#9600,#9601),
 .UNSPECIFIED.,.F.,.F.,(4,1,4),(0.,0.139763409655476,0.270730207065418),
 .UNSPECIFIED.);
#2019=B_SPLINE_CURVE_WITH_KNOTS('',3,(#9614,#9615,#9616,#9617,#9618),
 .UNSPECIFIED.,.F.,.F.,(4,1,4),(0.,0.0899344094443224,0.181670763168804),
 .UNSPECIFIED.);
#2020=B_SPLINE_CURVE_WITH_KNOTS('',3,(#9621,#9622,#9623,#9624,#9625),
 .UNSPECIFIED.,.F.,.F.,(4,1,4),(0.,0.0899344094443224,0.181670763168804),
 .UNSPECIFIED.);
#2021=B_SPLINE_CURVE_WITH_KNOTS('',3,(#9637,#9638,#9639,#9640,#9641),
 .UNSPECIFIED.,.F.,.F.,(4,1,4),(0.,0.0875640746513091,0.176104306361104),
 .UNSPECIFIED.);
#2022=B_SPLINE_CURVE_WITH_KNOTS('',3,(#9644,#9645,#9646,#9647,#9648),
 .UNSPECIFIED.,.F.,.F.,(4,1,4),(0.,0.0875640746513091,0.176104306361104),
 .UNSPECIFIED.);
#2023=B_SPLINE_CURVE_WITH_KNOTS('',3,(#9660,#9661,#9662,#9663,#9664),
 .UNSPECIFIED.,.F.,.F.,(4,1,4),(0.,0.125446348820517,0.225912348082645),
 .UNSPECIFIED.);
#2024=B_SPLINE_CURVE_WITH_KNOTS('',3,(#9667,#9668,#9669,#9670,#9671),
 .UNSPECIFIED.,.F.,.F.,(4,1,4),(0.,0.125446348820517,0.225912348082645),
 .UNSPECIFIED.);
#2025=B_SPLINE_CURVE_WITH_KNOTS('',3,(#9683,#9684,#9685,#9686,#9687),
 .UNSPECIFIED.,.F.,.F.,(4,1,4),(0.,0.136320319476011,0.291956067688035),
 .UNSPECIFIED.);
#2026=B_SPLINE_CURVE_WITH_KNOTS('',3,(#9690,#9691,#9692,#9693,#9694),
 .UNSPECIFIED.,.F.,.F.,(4,1,4),(0.,0.136320319476011,0.291956067688035),
 .UNSPECIFIED.);
#2027=B_SPLINE_CURVE_WITH_KNOTS('',3,(#9706,#9707,#9708,#9709,#9710),
 .UNSPECIFIED.,.F.,.F.,(4,1,4),(0.,0.137946705342078,0.269059275458953),
 .UNSPECIFIED.);
#2028=B_SPLINE_CURVE_WITH_KNOTS('',3,(#9713,#9714,#9715,#9716,#9717),
 .UNSPECIFIED.,.F.,.F.,(4,1,4),(0.,0.137946705342078,0.269059275458953),
 .UNSPECIFIED.);
#2029=B_SPLINE_CURVE_WITH_KNOTS('',3,(#9729,#9730,#9731,#9732,#9733),
 .UNSPECIFIED.,.F.,.F.,(4,1,4),(0.,0.1199774723945,0.245745140825591),
 .UNSPECIFIED.);
#2030=B_SPLINE_CURVE_WITH_KNOTS('',3,(#9736,#9737,#9738,#9739,#9740),
 .UNSPECIFIED.,.F.,.F.,(4,1,4),(0.,0.1199774723945,0.245745140825591),
 .UNSPECIFIED.);
#2031=B_SPLINE_CURVE_WITH_KNOTS('',3,(#9752,#9753,#9754,#9755,#9756),
 .UNSPECIFIED.,.F.,.F.,(4,1,4),(0.,0.17735528857944,0.32620805248376),
 .UNSPECIFIED.);
#2032=B_SPLINE_CURVE_WITH_KNOTS('',3,(#9759,#9760,#9761,#9762,#9763),
 .UNSPECIFIED.,.F.,.F.,(4,1,4),(0.,0.17735528857944,0.32620805248376),
 .UNSPECIFIED.);
#2033=B_SPLINE_CURVE_WITH_KNOTS('',3,(#9774,#9775,#9776,#9777,#9778),
 .UNSPECIFIED.,.F.,.F.,(4,1,4),(0.,0.138133618308425,0.30181495962386),
 .UNSPECIFIED.);
#2034=B_SPLINE_CURVE_WITH_KNOTS('',3,(#9779,#9780,#9781,#9782,#9783),
 .UNSPECIFIED.,.F.,.F.,(4,1,4),(0.,0.138133618308425,0.30181495962386),
 .UNSPECIFIED.);
#2035=B_SPLINE_CURVE_WITH_KNOTS('',3,(#9797,#9798,#9799,#9800,#9801),
 .UNSPECIFIED.,.F.,.F.,(4,1,4),(0.,0.0535951930360633,0.125048931911844),
 .UNSPECIFIED.);
#2036=B_SPLINE_CURVE_WITH_KNOTS('',3,(#9805,#9806,#9807,#9808,#9809),
 .UNSPECIFIED.,.F.,.F.,(4,1,4),(0.,0.0535951930360633,0.125048931911844),
 .UNSPECIFIED.);
#2037=B_SPLINE_CURVE_WITH_KNOTS('',3,(#9822,#9823,#9824,#9825,#9826),
 .UNSPECIFIED.,.F.,.F.,(4,1,4),(0.,0.0605451595457036,0.11915285986177),
 .UNSPECIFIED.);
#2038=B_SPLINE_CURVE_WITH_KNOTS('',3,(#9829,#9830,#9831,#9832,#9833),
 .UNSPECIFIED.,.F.,.F.,(4,1,4),(0.,0.0605451595457036,0.11915285986177),
 .UNSPECIFIED.);
#2039=B_SPLINE_CURVE_WITH_KNOTS('',3,(#9845,#9846,#9847,#9848,#9849),
 .UNSPECIFIED.,.F.,.F.,(4,1,4),(0.,0.0674569990500742,0.130952184648327),
 .UNSPECIFIED.);
#2040=B_SPLINE_CURVE_WITH_KNOTS('',3,(#9852,#9853,#9854,#9855,#9856),
 .UNSPECIFIED.,.F.,.F.,(4,1,4),(0.,0.0674569990500742,0.130952184648327),
 .UNSPECIFIED.);
#2041=B_SPLINE_CURVE_WITH_KNOTS('',3,(#9868,#9869,#9870,#9871,#9872),
 .UNSPECIFIED.,.F.,.F.,(4,1,4),(0.,0.0521828006295672,0.11580840031757),
 .UNSPECIFIED.);
#2042=B_SPLINE_CURVE_WITH_KNOTS('',3,(#9875,#9876,#9877,#9878,#9879),
 .UNSPECIFIED.,.F.,.F.,(4,1,4),(0.,0.0521828006295672,0.11580840031757),
 .UNSPECIFIED.);
#2043=B_SPLINE_CURVE_WITH_KNOTS('',3,(#9891,#9892,#9893,#9894,#9895),
 .UNSPECIFIED.,.F.,.F.,(4,1,4),(0.,0.0459527194233362,0.0919961869451024),
 .UNSPECIFIED.);
#2044=B_SPLINE_CURVE_WITH_KNOTS('',3,(#9898,#9899,#9900,#9901,#9902),
 .UNSPECIFIED.,.F.,.F.,(4,1,4),(0.,0.0459527194233362,0.0919961869451024),
 .UNSPECIFIED.);
#2045=B_SPLINE_CURVE_WITH_KNOTS('',3,(#9914,#9915,#9916,#9917,#9918),
 .UNSPECIFIED.,.F.,.F.,(4,1,4),(0.,0.0302886359939591,0.0611101198324441),
 .UNSPECIFIED.);
#2046=B_SPLINE_CURVE_WITH_KNOTS('',3,(#9921,#9922,#9923,#9924,#9925),
 .UNSPECIFIED.,.F.,.F.,(4,1,4),(0.,0.0302886359939591,0.0611101198324441),
 .UNSPECIFIED.);
#2047=B_SPLINE_CURVE_WITH_KNOTS('',3,(#9937,#9938,#9939,#9940,#9941),
 .UNSPECIFIED.,.F.,.F.,(4,1,4),(0.,0.0325221653788702,0.0636925323561729),
 .UNSPECIFIED.);
#2048=B_SPLINE_CURVE_WITH_KNOTS('',3,(#9944,#9945,#9946,#9947,#9948),
 .UNSPECIFIED.,.F.,.F.,(4,1,4),(0.,0.0325221653788702,0.0636925323561729),
 .UNSPECIFIED.);
#2049=B_SPLINE_CURVE_WITH_KNOTS('',3,(#9960,#9961,#9962,#9963,#9964),
 .UNSPECIFIED.,.F.,.F.,(4,1,4),(0.,0.0656637543253772,0.110060083560902),
 .UNSPECIFIED.);
#2050=B_SPLINE_CURVE_WITH_KNOTS('',3,(#9967,#9968,#9969,#9970,#9971),
 .UNSPECIFIED.,.F.,.F.,(4,1,4),(0.,0.0656637543253772,0.110060083560902),
 .UNSPECIFIED.);
#2051=B_SPLINE_CURVE_WITH_KNOTS('',3,(#9983,#9984,#9985,#9986,#9987),
 .UNSPECIFIED.,.F.,.F.,(4,1,4),(0.,0.0872891637420312,0.206169891344466),
 .UNSPECIFIED.);
#2052=B_SPLINE_CURVE_WITH_KNOTS('',3,(#9990,#9991,#9992,#9993,#9994),
 .UNSPECIFIED.,.F.,.F.,(4,1,4),(0.,0.0872891637420312,0.206169891344466),
 .UNSPECIFIED.);
#2053=B_SPLINE_CURVE_WITH_KNOTS('',3,(#10018,#10019,#10020,#10021,#10022),
 .UNSPECIFIED.,.F.,.F.,(4,1,4),(0.,0.0457527049869235,0.0924537754917858),
 .UNSPECIFIED.);
#2054=B_SPLINE_CURVE_WITH_KNOTS('',3,(#10025,#10026,#10027,#10028,#10029),
 .UNSPECIFIED.,.F.,.F.,(4,1,4),(0.,0.0457527049869235,0.0924537754917858),
 .UNSPECIFIED.);
#2055=B_SPLINE_CURVE_WITH_KNOTS('',3,(#10041,#10042,#10043,#10044,#10045),
 .UNSPECIFIED.,.F.,.F.,(4,1,4),(0.,0.139848893042514,0.217134297931976),
 .UNSPECIFIED.);
#2056=B_SPLINE_CURVE_WITH_KNOTS('',3,(#10048,#10049,#10050,#10051,#10052),
 .UNSPECIFIED.,.F.,.F.,(4,1,4),(0.,0.139848893042514,0.217134297931976),
 .UNSPECIFIED.);
#2057=B_SPLINE_CURVE_WITH_KNOTS('',3,(#10070,#10071,#10072,#10073,#10074),
 .UNSPECIFIED.,.F.,.F.,(4,1,4),(0.,0.0442375550016761,0.113490366553332),
 .UNSPECIFIED.);
#2058=B_SPLINE_CURVE_WITH_KNOTS('',3,(#10077,#10078,#10079,#10080,#10081),
 .UNSPECIFIED.,.F.,.F.,(4,1,4),(0.,0.0442375550016761,0.113490366553332),
 .UNSPECIFIED.);
#2059=B_SPLINE_CURVE_WITH_KNOTS('',3,(#10093,#10094,#10095,#10096,#10097),
 .UNSPECIFIED.,.F.,.F.,(4,1,4),(0.,0.0438172624395536,0.0922447312441546),
 .UNSPECIFIED.);
#2060=B_SPLINE_CURVE_WITH_KNOTS('',3,(#10100,#10101,#10102,#10103,#10104),
 .UNSPECIFIED.,.F.,.F.,(4,1,4),(0.,0.0438172624395536,0.0922447312441546),
 .UNSPECIFIED.);
#2061=B_SPLINE_CURVE_WITH_KNOTS('',3,(#10116,#10117,#10118,#10119,#10120),
 .UNSPECIFIED.,.F.,.F.,(4,1,4),(0.,0.0560555741021872,0.102465819325559),
 .UNSPECIFIED.);
#2062=B_SPLINE_CURVE_WITH_KNOTS('',3,(#10123,#10124,#10125,#10126,#10127),
 .UNSPECIFIED.,.F.,.F.,(4,1,4),(0.,0.0560555741021872,0.102465819325559),
 .UNSPECIFIED.);
#2063=B_SPLINE_CURVE_WITH_KNOTS('',3,(#10139,#10140,#10141,#10142,#10143),
 .UNSPECIFIED.,.F.,.F.,(4,1,4),(0.,0.0842492629262479,0.152907691449776),
 .UNSPECIFIED.);
#2064=B_SPLINE_CURVE_WITH_KNOTS('',3,(#10146,#10147,#10148,#10149,#10150),
 .UNSPECIFIED.,.F.,.F.,(4,1,4),(0.,0.0842492629262479,0.152907691449776),
 .UNSPECIFIED.);
#2065=B_SPLINE_CURVE_WITH_KNOTS('',3,(#10162,#10163,#10164,#10165,#10166),
 .UNSPECIFIED.,.F.,.F.,(4,1,4),(0.,0.0789982687412438,0.167061007206148),
 .UNSPECIFIED.);
#2066=B_SPLINE_CURVE_WITH_KNOTS('',3,(#10169,#10170,#10171,#10172,#10173),
 .UNSPECIFIED.,.F.,.F.,(4,1,4),(0.,0.0789982687412438,0.167061007206148),
 .UNSPECIFIED.);
#2067=B_SPLINE_CURVE_WITH_KNOTS('',3,(#10185,#10186,#10187,#10188,#10189),
 .UNSPECIFIED.,.F.,.F.,(4,1,4),(0.,0.0622780899727018,0.132060933764596),
 .UNSPECIFIED.);
#2068=B_SPLINE_CURVE_WITH_KNOTS('',3,(#10192,#10193,#10194,#10195,#10196),
 .UNSPECIFIED.,.F.,.F.,(4,1,4),(0.,0.0622780899727018,0.132060933764596),
 .UNSPECIFIED.);
#2069=B_SPLINE_CURVE_WITH_KNOTS('',3,(#10208,#10209,#10210,#10211,#10212),
 .UNSPECIFIED.,.F.,.F.,(4,1,4),(0.,0.0728697948281749,0.136247386287489),
 .UNSPECIFIED.);
#2070=B_SPLINE_CURVE_WITH_KNOTS('',3,(#10215,#10216,#10217,#10218,#10219),
 .UNSPECIFIED.,.F.,.F.,(4,1,4),(0.,0.0728697948281749,0.136247386287489),
 .UNSPECIFIED.);
#2071=B_SPLINE_CURVE_WITH_KNOTS('',3,(#10237,#10238,#10239,#10240,#10241),
 .UNSPECIFIED.,.F.,.F.,(4,1,4),(0.,0.0549173104564499,0.124876637279971),
 .UNSPECIFIED.);
#2072=B_SPLINE_CURVE_WITH_KNOTS('',3,(#10244,#10245,#10246,#10247,#10248),
 .UNSPECIFIED.,.F.,.F.,(4,1,4),(0.,0.0549173104564499,0.124876637279971),
 .UNSPECIFIED.);
#2073=B_SPLINE_CURVE_WITH_KNOTS('',3,(#10260,#10261,#10262,#10263,#10264),
 .UNSPECIFIED.,.F.,.F.,(4,1,4),(0.,0.0757648376420481,0.133425024950825),
 .UNSPECIFIED.);
#2074=B_SPLINE_CURVE_WITH_KNOTS('',3,(#10267,#10268,#10269,#10270,#10271),
 .UNSPECIFIED.,.F.,.F.,(4,1,4),(0.,0.0757648376420481,0.133425024950825),
 .UNSPECIFIED.);
#2075=B_SPLINE_CURVE_WITH_KNOTS('',3,(#10283,#10284,#10285,#10286,#10287),
 .UNSPECIFIED.,.F.,.F.,(4,1,4),(0.,0.066296977937214,0.14830319539361),
 .UNSPECIFIED.);
#2076=B_SPLINE_CURVE_WITH_KNOTS('',3,(#10290,#10291,#10292,#10293,#10294),
 .UNSPECIFIED.,.F.,.F.,(4,1,4),(0.,0.066296977937214,0.14830319539361),
 .UNSPECIFIED.);
#2077=B_SPLINE_CURVE_WITH_KNOTS('',3,(#10306,#10307,#10308,#10309,#10310),
 .UNSPECIFIED.,.F.,.F.,(4,1,4),(0.,0.0645380459767874,0.113796199627419),
 .UNSPECIFIED.);
#2078=B_SPLINE_CURVE_WITH_KNOTS('',3,(#10313,#10314,#10315,#10316,#10317),
 .UNSPECIFIED.,.F.,.F.,(4,1,4),(0.,0.0645380459767874,0.113796199627419),
 .UNSPECIFIED.);
#2079=B_SPLINE_CURVE_WITH_KNOTS('',3,(#10329,#10330,#10331,#10332,#10333),
 .UNSPECIFIED.,.F.,.F.,(4,1,4),(0.,0.020640755123869,0.0320675219083553),
 .UNSPECIFIED.);
#2080=B_SPLINE_CURVE_WITH_KNOTS('',3,(#10336,#10337,#10338,#10339,#10340),
 .UNSPECIFIED.,.F.,.F.,(4,1,4),(0.,0.020640755123869,0.0320675219083553),
 .UNSPECIFIED.);
#2081=B_SPLINE_CURVE_WITH_KNOTS('',3,(#10352,#10353,#10354,#10355,#10356),
 .UNSPECIFIED.,.F.,.F.,(4,1,4),(0.,0.130548278846943,0.223278467303139),
 .UNSPECIFIED.);
#2082=B_SPLINE_CURVE_WITH_KNOTS('',3,(#10359,#10360,#10361,#10362,#10363),
 .UNSPECIFIED.,.F.,.F.,(4,1,4),(0.,0.130548278846943,0.223278467303139),
 .UNSPECIFIED.);
#2083=B_SPLINE_CURVE_WITH_KNOTS('',3,(#10375,#10376,#10377,#10378,#10379),
 .UNSPECIFIED.,.F.,.F.,(4,1,4),(0.,0.0463209399398778,0.110737279753588),
 .UNSPECIFIED.);
#2084=B_SPLINE_CURVE_WITH_KNOTS('',3,(#10382,#10383,#10384,#10385,#10386),
 .UNSPECIFIED.,.F.,.F.,(4,1,4),(0.,0.0463209399398778,0.110737279753588),
 .UNSPECIFIED.);
#2085=B_SPLINE_CURVE_WITH_KNOTS('',3,(#10398,#10399,#10400,#10401,#10402),
 .UNSPECIFIED.,.F.,.F.,(4,1,4),(0.,0.0480177730013836,0.0976999925733351),
 .UNSPECIFIED.);
#2086=B_SPLINE_CURVE_WITH_KNOTS('',3,(#10405,#10406,#10407,#10408,#10409),
 .UNSPECIFIED.,.F.,.F.,(4,1,4),(0.,0.0480177730013836,0.0976999925733351),
 .UNSPECIFIED.);
#2087=B_SPLINE_CURVE_WITH_KNOTS('',3,(#10421,#10422,#10423,#10424,#10425),
 .UNSPECIFIED.,.F.,.F.,(4,1,4),(0.,0.0488273757023114,0.095831480496036),
 .UNSPECIFIED.);
#2088=B_SPLINE_CURVE_WITH_KNOTS('',3,(#10428,#10429,#10430,#10431,#10432),
 .UNSPECIFIED.,.F.,.F.,(4,1,4),(0.,0.0488273757023114,0.095831480496036),
 .UNSPECIFIED.);
#2089=B_SPLINE_CURVE_WITH_KNOTS('',3,(#10444,#10445,#10446,#10447,#10448),
 .UNSPECIFIED.,.F.,.F.,(4,1,4),(0.,0.0511682313851236,0.100570793168105),
 .UNSPECIFIED.);
#2090=B_SPLINE_CURVE_WITH_KNOTS('',3,(#10451,#10452,#10453,#10454,#10455),
 .UNSPECIFIED.,.F.,.F.,(4,1,4),(0.,0.0511682313851236,0.100570793168105),
 .UNSPECIFIED.);
#2091=B_SPLINE_CURVE_WITH_KNOTS('',3,(#10467,#10468,#10469,#10470,#10471),
 .UNSPECIFIED.,.F.,.F.,(4,1,4),(0.,0.0822108248438687,0.166457801981227),
 .UNSPECIFIED.);
#2092=B_SPLINE_CURVE_WITH_KNOTS('',3,(#10474,#10475,#10476,#10477,#10478),
 .UNSPECIFIED.,.F.,.F.,(4,1,4),(0.,0.0822108248438687,0.166457801981227),
 .UNSPECIFIED.);
#2093=B_SPLINE_CURVE_WITH_KNOTS('',3,(#10490,#10491,#10492,#10493,#10494),
 .UNSPECIFIED.,.F.,.F.,(4,1,4),(0.,0.106549950754511,0.195794465822069),
 .UNSPECIFIED.);
#2094=B_SPLINE_CURVE_WITH_KNOTS('',3,(#10497,#10498,#10499,#10500,#10501),
 .UNSPECIFIED.,.F.,.F.,(4,1,4),(0.,0.106549950754511,0.195794465822069),
 .UNSPECIFIED.);
#2095=B_SPLINE_CURVE_WITH_KNOTS('',3,(#10513,#10514,#10515,#10516,#10517),
 .UNSPECIFIED.,.F.,.F.,(4,1,4),(0.,0.0675593938873107,0.137731840963272),
 .UNSPECIFIED.);
#2096=B_SPLINE_CURVE_WITH_KNOTS('',3,(#10520,#10521,#10522,#10523,#10524),
 .UNSPECIFIED.,.F.,.F.,(4,1,4),(0.,0.0675593938873107,0.137731840963272),
 .UNSPECIFIED.);
#2097=B_SPLINE_CURVE_WITH_KNOTS('',3,(#10536,#10537,#10538,#10539,#10540),
 .UNSPECIFIED.,.F.,.F.,(4,1,4),(0.,0.0832902368464434,0.155588833058596),
 .UNSPECIFIED.);
#2098=B_SPLINE_CURVE_WITH_KNOTS('',3,(#10543,#10544,#10545,#10546,#10547),
 .UNSPECIFIED.,.F.,.F.,(4,1,4),(0.,0.0832902368464434,0.155588833058596),
 .UNSPECIFIED.);
#2099=B_SPLINE_CURVE_WITH_KNOTS('',3,(#10558,#10559,#10560,#10561,#10562),
 .UNSPECIFIED.,.F.,.F.,(4,1,4),(0.,0.0443095993989028,0.0930429264987084),
 .UNSPECIFIED.);
#2100=B_SPLINE_CURVE_WITH_KNOTS('',3,(#10563,#10564,#10565,#10566,#10567),
 .UNSPECIFIED.,.F.,.F.,(4,1,4),(0.,0.0443095993989028,0.0930429264987084),
 .UNSPECIFIED.);
#2101=B_SPLINE_CURVE_WITH_KNOTS('',3,(#10589,#10590,#10591,#10592,#10593),
 .UNSPECIFIED.,.F.,.F.,(4,1,4),(0.,0.0480410076294441,0.123960165685477),
 .UNSPECIFIED.);
#2102=B_SPLINE_CURVE_WITH_KNOTS('',3,(#10596,#10597,#10598,#10599,#10600),
 .UNSPECIFIED.,.F.,.F.,(4,1,4),(0.,0.0480410076294441,0.123960165685477),
 .UNSPECIFIED.);
#2103=B_SPLINE_CURVE_WITH_KNOTS('',3,(#10612,#10613,#10614,#10615,#10616),
 .UNSPECIFIED.,.F.,.F.,(4,1,4),(0.,0.0522165988244002,0.103861889437921),
 .UNSPECIFIED.);
#2104=B_SPLINE_CURVE_WITH_KNOTS('',3,(#10619,#10620,#10621,#10622,#10623),
 .UNSPECIFIED.,.F.,.F.,(4,1,4),(0.,0.0522165988244002,0.103861889437921),
 .UNSPECIFIED.);
#2105=B_SPLINE_CURVE_WITH_KNOTS('',3,(#10635,#10636,#10637,#10638,#10639),
 .UNSPECIFIED.,.F.,.F.,(4,1,4),(0.,0.0587012341724878,0.113231401924583),
 .UNSPECIFIED.);
#2106=B_SPLINE_CURVE_WITH_KNOTS('',3,(#10642,#10643,#10644,#10645,#10646),
 .UNSPECIFIED.,.F.,.F.,(4,1,4),(0.,0.0587012341724878,0.113231401924583),
 .UNSPECIFIED.);
#2107=B_SPLINE_CURVE_WITH_KNOTS('',3,(#10658,#10659,#10660,#10661,#10662),
 .UNSPECIFIED.,.F.,.F.,(4,1,4),(0.,0.0702580325076576,0.148338821929026),
 .UNSPECIFIED.);
#2108=B_SPLINE_CURVE_WITH_KNOTS('',3,(#10665,#10666,#10667,#10668,#10669),
 .UNSPECIFIED.,.F.,.F.,(4,1,4),(0.,0.0702580325076576,0.148338821929026),
 .UNSPECIFIED.);
#2109=B_SPLINE_CURVE_WITH_KNOTS('',3,(#10681,#10682,#10683,#10684,#10685),
 .UNSPECIFIED.,.F.,.F.,(4,1,4),(0.,0.110300004735972,0.191140951417158),
 .UNSPECIFIED.);
#2110=B_SPLINE_CURVE_WITH_KNOTS('',3,(#10688,#10689,#10690,#10691,#10692),
 .UNSPECIFIED.,.F.,.F.,(4,1,4),(0.,0.110300004735972,0.191140951417158),
 .UNSPECIFIED.);
#2111=B_SPLINE_CURVE_WITH_KNOTS('',3,(#10728,#10729,#10730,#10731,#10732),
 .UNSPECIFIED.,.F.,.F.,(4,1,4),(0.,0.131651780241547,0.312395253199485),
 .UNSPECIFIED.);
#2112=B_SPLINE_CURVE_WITH_KNOTS('',3,(#10735,#10736,#10737,#10738,#10739),
 .UNSPECIFIED.,.F.,.F.,(4,1,4),(0.,0.131651780241547,0.312395253199485),
 .UNSPECIFIED.);
#2113=B_SPLINE_CURVE_WITH_KNOTS('',3,(#10751,#10752,#10753,#10754,#10755),
 .UNSPECIFIED.,.F.,.F.,(4,1,4),(0.,0.119572294914673,0.235280292288261),
 .UNSPECIFIED.);
#2114=B_SPLINE_CURVE_WITH_KNOTS('',3,(#10758,#10759,#10760,#10761,#10762),
 .UNSPECIFIED.,.F.,.F.,(4,1,4),(0.,0.119572294914673,0.235280292288261),
 .UNSPECIFIED.);
#2115=B_SPLINE_CURVE_WITH_KNOTS('',3,(#10774,#10775,#10776,#10777,#10778),
 .UNSPECIFIED.,.F.,.F.,(4,1,4),(0.,0.0690914711073704,0.140785736574873),
 .UNSPECIFIED.);
#2116=B_SPLINE_CURVE_WITH_KNOTS('',3,(#10781,#10782,#10783,#10784,#10785),
 .UNSPECIFIED.,.F.,.F.,(4,1,4),(0.,0.0690914711073704,0.140785736574873),
 .UNSPECIFIED.);
#2117=B_SPLINE_CURVE_WITH_KNOTS('',3,(#10797,#10798,#10799,#10800,#10801),
 .UNSPECIFIED.,.F.,.F.,(4,1,4),(0.,0.060832324522568,0.126071474561908),
 .UNSPECIFIED.);
#2118=B_SPLINE_CURVE_WITH_KNOTS('',3,(#10804,#10805,#10806,#10807,#10808),
 .UNSPECIFIED.,.F.,.F.,(4,1,4),(0.,0.060832324522568,0.126071474561908),
 .UNSPECIFIED.);
#2119=B_SPLINE_CURVE_WITH_KNOTS('',3,(#10820,#10821,#10822,#10823,#10824),
 .UNSPECIFIED.,.F.,.F.,(4,1,4),(0.,0.0700291248255506,0.132957510846452),
 .UNSPECIFIED.);
#2120=B_SPLINE_CURVE_WITH_KNOTS('',3,(#10827,#10828,#10829,#10830,#10831),
 .UNSPECIFIED.,.F.,.F.,(4,1,4),(0.,0.0700291248255506,0.132957510846452),
 .UNSPECIFIED.);
#2121=B_SPLINE_CURVE_WITH_KNOTS('',3,(#10843,#10844,#10845,#10846,#10847),
 .UNSPECIFIED.,.F.,.F.,(4,1,4),(0.,0.0878564636081694,0.152544778526783),
 .UNSPECIFIED.);
#2122=B_SPLINE_CURVE_WITH_KNOTS('',3,(#10850,#10851,#10852,#10853,#10854),
 .UNSPECIFIED.,.F.,.F.,(4,1,4),(0.,0.0878564636081694,0.152544778526783),
 .UNSPECIFIED.);
#2123=B_SPLINE_CURVE_WITH_KNOTS('',3,(#10891,#10892,#10893,#10894,#10895),
 .UNSPECIFIED.,.F.,.F.,(4,1,4),(0.,0.0702509813133225,0.145118946861118),
 .UNSPECIFIED.);
#2124=B_SPLINE_CURVE_WITH_KNOTS('',3,(#10898,#10899,#10900,#10901,#10902),
 .UNSPECIFIED.,.F.,.F.,(4,1,4),(0.,0.0702509813133225,0.145118946861118),
 .UNSPECIFIED.);
#2125=B_SPLINE_CURVE_WITH_KNOTS('',3,(#10914,#10915,#10916,#10917,#10918),
 .UNSPECIFIED.,.F.,.F.,(4,1,4),(0.,0.0396811334118025,0.0820146520259),
 .UNSPECIFIED.);
#2126=B_SPLINE_CURVE_WITH_KNOTS('',3,(#10921,#10922,#10923,#10924,#10925),
 .UNSPECIFIED.,.F.,.F.,(4,1,4),(0.,0.0396811334118025,0.0820146520259),
 .UNSPECIFIED.);
#2127=B_SPLINE_CURVE_WITH_KNOTS('',3,(#10937,#10938,#10939,#10940,#10941),
 .UNSPECIFIED.,.F.,.F.,(4,1,4),(0.,0.0386893858224198,0.0774508609604665),
 .UNSPECIFIED.);
#2128=B_SPLINE_CURVE_WITH_KNOTS('',3,(#10944,#10945,#10946,#10947,#10948),
 .UNSPECIFIED.,.F.,.F.,(4,1,4),(0.,0.0386893858224198,0.0774508609604665),
 .UNSPECIFIED.);
#2129=B_SPLINE_CURVE_WITH_KNOTS('',3,(#10960,#10961,#10962,#10963,#10964),
 .UNSPECIFIED.,.F.,.F.,(4,1,4),(0.,0.0492436523812939,0.0947526183276968),
 .UNSPECIFIED.);
#2130=B_SPLINE_CURVE_WITH_KNOTS('',3,(#10967,#10968,#10969,#10970,#10971),
 .UNSPECIFIED.,.F.,.F.,(4,1,4),(0.,0.0492436523812939,0.0947526183276968),
 .UNSPECIFIED.);
#2131=B_SPLINE_CURVE_WITH_KNOTS('',3,(#10989,#10990,#10991,#10992,#10993),
 .UNSPECIFIED.,.F.,.F.,(4,1,4),(0.,0.0633620891192915,0.133551077584483),
 .UNSPECIFIED.);
#2132=B_SPLINE_CURVE_WITH_KNOTS('',3,(#10996,#10997,#10998,#10999,#11000),
 .UNSPECIFIED.,.F.,.F.,(4,1,4),(0.,0.0633620891192915,0.133551077584483),
 .UNSPECIFIED.);
#2133=B_SPLINE_CURVE_WITH_KNOTS('',3,(#11012,#11013,#11014,#11015,#11016),
 .UNSPECIFIED.,.F.,.F.,(4,1,4),(0.,0.0421004277128358,0.0838231675758212),
 .UNSPECIFIED.);
#2134=B_SPLINE_CURVE_WITH_KNOTS('',3,(#11019,#11020,#11021,#11022,#11023),
 .UNSPECIFIED.,.F.,.F.,(4,1,4),(0.,0.0421004277128358,0.0838231675758212),
 .UNSPECIFIED.);
#2135=B_SPLINE_CURVE_WITH_KNOTS('',3,(#11035,#11036,#11037,#11038,#11039),
 .UNSPECIFIED.,.F.,.F.,(4,1,4),(0.,0.075741739418721,0.128679584868434),
 .UNSPECIFIED.);
#2136=B_SPLINE_CURVE_WITH_KNOTS('',3,(#11042,#11043,#11044,#11045,#11046),
 .UNSPECIFIED.,.F.,.F.,(4,1,4),(0.,0.075741739418721,0.128679584868434),
 .UNSPECIFIED.);
#2137=B_SPLINE_CURVE_WITH_KNOTS('',3,(#11081,#11082,#11083,#11084,#11085),
 .UNSPECIFIED.,.F.,.F.,(4,1,4),(0.,0.0770391507034811,0.156698723338119),
 .UNSPECIFIED.);
#2138=B_SPLINE_CURVE_WITH_KNOTS('',3,(#11089,#11090,#11091,#11092,#11093),
 .UNSPECIFIED.,.F.,.F.,(4,1,4),(0.,0.0770391507034811,0.156698723338119),
 .UNSPECIFIED.);
#2139=B_SPLINE_CURVE_WITH_KNOTS('',3,(#11106,#11107,#11108,#11109,#11110),
 .UNSPECIFIED.,.F.,.F.,(4,1,4),(0.,0.0825383263354468,0.161723557257561),
 .UNSPECIFIED.);
#2140=B_SPLINE_CURVE_WITH_KNOTS('',3,(#11113,#11114,#11115,#11116,#11117),
 .UNSPECIFIED.,.F.,.F.,(4,1,4),(0.,0.0825383263354468,0.161723557257561),
 .UNSPECIFIED.);
#2141=B_SPLINE_CURVE_WITH_KNOTS('',3,(#11129,#11130,#11131,#11132,#11133),
 .UNSPECIFIED.,.F.,.F.,(4,1,4),(0.,0.129715833100578,0.22887117120518),
 .UNSPECIFIED.);
#2142=B_SPLINE_CURVE_WITH_KNOTS('',3,(#11136,#11137,#11138,#11139,#11140),
 .UNSPECIFIED.,.F.,.F.,(4,1,4),(0.,0.129715833100578,0.22887117120518),
 .UNSPECIFIED.);
#2143=B_SPLINE_CURVE_WITH_KNOTS('',3,(#11152,#11153,#11154,#11155,#11156),
 .UNSPECIFIED.,.F.,.F.,(4,1,4),(0.,0.0935788585558637,0.212263318122627),
 .UNSPECIFIED.);
#2144=B_SPLINE_CURVE_WITH_KNOTS('',3,(#11159,#11160,#11161,#11162,#11163),
 .UNSPECIFIED.,.F.,.F.,(4,1,4),(0.,0.0935788585558637,0.212263318122627),
 .UNSPECIFIED.);
#2145=B_SPLINE_CURVE_WITH_KNOTS('',3,(#11175,#11176,#11177,#11178,#11179),
 .UNSPECIFIED.,.F.,.F.,(4,1,4),(0.,0.0761328191123088,0.155286207027989),
 .UNSPECIFIED.);
#2146=B_SPLINE_CURVE_WITH_KNOTS('',3,(#11182,#11183,#11184,#11185,#11186),
 .UNSPECIFIED.,.F.,.F.,(4,1,4),(0.,0.0761328191123088,0.155286207027989),
 .UNSPECIFIED.);
#2147=B_SPLINE_CURVE_WITH_KNOTS('',3,(#11198,#11199,#11200,#11201,#11202),
 .UNSPECIFIED.,.F.,.F.,(4,1,4),(0.,0.0822158413289811,0.158702851945468),
 .UNSPECIFIED.);
#2148=B_SPLINE_CURVE_WITH_KNOTS('',3,(#11205,#11206,#11207,#11208,#11209),
 .UNSPECIFIED.,.F.,.F.,(4,1,4),(0.,0.0822158413289811,0.158702851945468),
 .UNSPECIFIED.);
#2149=B_SPLINE_CURVE_WITH_KNOTS('',3,(#11221,#11222,#11223,#11224,#11225),
 .UNSPECIFIED.,.F.,.F.,(4,1,4),(0.,0.122470457848282,0.219481346722682),
 .UNSPECIFIED.);
#2150=B_SPLINE_CURVE_WITH_KNOTS('',3,(#11228,#11229,#11230,#11231,#11232),
 .UNSPECIFIED.,.F.,.F.,(4,1,4),(0.,0.122470457848282,0.219481346722682),
 .UNSPECIFIED.);
#2151=B_SPLINE_CURVE_WITH_KNOTS('',3,(#11243,#11244,#11245,#11246,#11247),
 .UNSPECIFIED.,.F.,.F.,(4,1,4),(0.,0.0953493711634773,0.220752723408708),
 .UNSPECIFIED.);
#2152=B_SPLINE_CURVE_WITH_KNOTS('',3,(#11248,#11249,#11250,#11251,#11252),
 .UNSPECIFIED.,.F.,.F.,(4,1,4),(0.,0.0953493711634773,0.220752723408708),
 .UNSPECIFIED.);
#2153=B_SPLINE_CURVE_WITH_KNOTS('',3,(#11285,#11286,#11287,#11288,#11289),
 .UNSPECIFIED.,.F.,.F.,(4,1,4),(0.,0.056096536644043,0.110528708476411),
 .UNSPECIFIED.);
#2154=B_SPLINE_CURVE_WITH_KNOTS('',3,(#11292,#11293,#11294,#11295,#11296),
 .UNSPECIFIED.,.F.,.F.,(4,1,4),(0.,0.056096536644043,0.110528708476411),
 .UNSPECIFIED.);
#2155=B_SPLINE_CURVE_WITH_KNOTS('',3,(#11308,#11309,#11310,#11311,#11312),
 .UNSPECIFIED.,.F.,.F.,(4,1,4),(0.,0.0622966094230168,0.120918551792595),
 .UNSPECIFIED.);
#2156=B_SPLINE_CURVE_WITH_KNOTS('',3,(#11315,#11316,#11317,#11318,#11319),
 .UNSPECIFIED.,.F.,.F.,(4,1,4),(0.,0.0622966094230168,0.120918551792595),
 .UNSPECIFIED.);
#2157=B_SPLINE_CURVE_WITH_KNOTS('',3,(#11331,#11332,#11333,#11334,#11335),
 .UNSPECIFIED.,.F.,.F.,(4,1,4),(0.,0.0843142749993138,0.170219354148961),
 .UNSPECIFIED.);
#2158=B_SPLINE_CURVE_WITH_KNOTS('',3,(#11338,#11339,#11340,#11341,#11342),
 .UNSPECIFIED.,.F.,.F.,(4,1,4),(0.,0.0843142749993138,0.170219354148961),
 .UNSPECIFIED.);
#2159=B_SPLINE_CURVE_WITH_KNOTS('',3,(#11354,#11355,#11356,#11357,#11358),
 .UNSPECIFIED.,.F.,.F.,(4,1,4),(0.,0.0903829541740659,0.175855089148337),
 .UNSPECIFIED.);
#2160=B_SPLINE_CURVE_WITH_KNOTS('',3,(#11361,#11362,#11363,#11364,#11365),
 .UNSPECIFIED.,.F.,.F.,(4,1,4),(0.,0.0903829541740659,0.175855089148337),
 .UNSPECIFIED.);
#2161=B_SPLINE_CURVE_WITH_KNOTS('',3,(#11377,#11378,#11379,#11380,#11381),
 .UNSPECIFIED.,.F.,.F.,(4,1,4),(0.,0.103737015517061,0.200715259391805),
 .UNSPECIFIED.);
#2162=B_SPLINE_CURVE_WITH_KNOTS('',3,(#11384,#11385,#11386,#11387,#11388),
 .UNSPECIFIED.,.F.,.F.,(4,1,4),(0.,0.103737015517061,0.200715259391805),
 .UNSPECIFIED.);
#2163=B_SPLINE_CURVE_WITH_KNOTS('',3,(#11400,#11401,#11402,#11403,#11404),
 .UNSPECIFIED.,.F.,.F.,(4,1,4),(0.,0.0969118712371686,0.202254701738345),
 .UNSPECIFIED.);
#2164=B_SPLINE_CURVE_WITH_KNOTS('',3,(#11407,#11408,#11409,#11410,#11411),
 .UNSPECIFIED.,.F.,.F.,(4,1,4),(0.,0.0969118712371686,0.202254701738345),
 .UNSPECIFIED.);
#2165=B_SPLINE_CURVE_WITH_KNOTS('',3,(#11423,#11424,#11425,#11426,#11427),
 .UNSPECIFIED.,.F.,.F.,(4,1,4),(0.,0.0860054893067135,0.175938118624655),
 .UNSPECIFIED.);
#2166=B_SPLINE_CURVE_WITH_KNOTS('',3,(#11430,#11431,#11432,#11433,#11434),
 .UNSPECIFIED.,.F.,.F.,(4,1,4),(0.,0.0860054893067135,0.175938118624655),
 .UNSPECIFIED.);
#2167=B_SPLINE_CURVE_WITH_KNOTS('',3,(#11446,#11447,#11448,#11449,#11450),
 .UNSPECIFIED.,.F.,.F.,(4,1,4),(0.,0.0840714960271952,0.168446666846512),
 .UNSPECIFIED.);
#2168=B_SPLINE_CURVE_WITH_KNOTS('',3,(#11453,#11454,#11455,#11456,#11457),
 .UNSPECIFIED.,.F.,.F.,(4,1,4),(0.,0.0840714960271952,0.168446666846512),
 .UNSPECIFIED.);
#2169=B_SPLINE_CURVE_WITH_KNOTS('',3,(#11469,#11470,#11471,#11472,#11473),
 .UNSPECIFIED.,.F.,.F.,(4,1,4),(0.,0.11736762191523,0.23791393275774),
 .UNSPECIFIED.);
#2170=B_SPLINE_CURVE_WITH_KNOTS('',3,(#11476,#11477,#11478,#11479,#11480),
 .UNSPECIFIED.,.F.,.F.,(4,1,4),(0.,0.11736762191523,0.23791393275774),
 .UNSPECIFIED.);
#2171=B_SPLINE_CURVE_WITH_KNOTS('',3,(#11559,#11560,#11561,#11562,#11563),
 .UNSPECIFIED.,.F.,.F.,(4,1,4),(0.,0.070808602073082,0.16890260826842),
 .UNSPECIFIED.);
#2172=B_SPLINE_CURVE_WITH_KNOTS('',3,(#11566,#11567,#11568,#11569,#11570),
 .UNSPECIFIED.,.F.,.F.,(4,1,4),(0.,0.070808602073082,0.16890260826842),
 .UNSPECIFIED.);
#2173=B_SPLINE_CURVE_WITH_KNOTS('',3,(#11582,#11583,#11584,#11585,#11586),
 .UNSPECIFIED.,.F.,.F.,(4,1,4),(0.,0.0909762148157713,0.155534919121868),
 .UNSPECIFIED.);
#2174=B_SPLINE_CURVE_WITH_KNOTS('',3,(#11589,#11590,#11591,#11592,#11593),
 .UNSPECIFIED.,.F.,.F.,(4,1,4),(0.,0.0909762148157713,0.155534919121868),
 .UNSPECIFIED.);
#2175=B_SPLINE_CURVE_WITH_KNOTS('',3,(#11636,#11637,#11638,#11639,#11640),
 .UNSPECIFIED.,.F.,.F.,(4,1,4),(0.,0.0837050328828202,0.201373802941622),
 .UNSPECIFIED.);
#2176=B_SPLINE_CURVE_WITH_KNOTS('',3,(#11643,#11644,#11645,#11646,#11647),
 .UNSPECIFIED.,.F.,.F.,(4,1,4),(0.,0.0837050328828202,0.201373802941622),
 .UNSPECIFIED.);
#2177=B_SPLINE_CURVE_WITH_KNOTS('',3,(#11659,#11660,#11661,#11662,#11663),
 .UNSPECIFIED.,.F.,.F.,(4,1,4),(0.,0.0742098740995623,0.14709111850242),
 .UNSPECIFIED.);
#2178=B_SPLINE_CURVE_WITH_KNOTS('',3,(#11666,#11667,#11668,#11669,#11670),
 .UNSPECIFIED.,.F.,.F.,(4,1,4),(0.,0.0742098740995623,0.14709111850242),
 .UNSPECIFIED.);
#2179=B_SPLINE_CURVE_WITH_KNOTS('',3,(#11682,#11683,#11684,#11685,#11686),
 .UNSPECIFIED.,.F.,.F.,(4,1,4),(0.,0.0428582373098137,0.0890752996542976),
 .UNSPECIFIED.);
#2180=B_SPLINE_CURVE_WITH_KNOTS('',3,(#11689,#11690,#11691,#11692,#11693),
 .UNSPECIFIED.,.F.,.F.,(4,1,4),(0.,0.0428582373098137,0.0890752996542976),
 .UNSPECIFIED.);
#2181=B_SPLINE_CURVE_WITH_KNOTS('',3,(#11705,#11706,#11707,#11708,#11709),
 .UNSPECIFIED.,.F.,.F.,(4,1,4),(0.,0.0390731095574853,0.0795326816472768),
 .UNSPECIFIED.);
#2182=B_SPLINE_CURVE_WITH_KNOTS('',3,(#11712,#11713,#11714,#11715,#11716),
 .UNSPECIFIED.,.F.,.F.,(4,1,4),(0.,0.0390731095574853,0.0795326816472768),
 .UNSPECIFIED.);
#2183=B_SPLINE_CURVE_WITH_KNOTS('',3,(#11728,#11729,#11730,#11731,#11732),
 .UNSPECIFIED.,.F.,.F.,(4,1,4),(0.,0.0655821281023795,0.113194783959098),
 .UNSPECIFIED.);
#2184=B_SPLINE_CURVE_WITH_KNOTS('',3,(#11735,#11736,#11737,#11738,#11739),
 .UNSPECIFIED.,.F.,.F.,(4,1,4),(0.,0.0655821281023795,0.113194783959098),
 .UNSPECIFIED.);
#2185=B_SPLINE_CURVE_WITH_KNOTS('',3,(#11769,#11770,#11771,#11772,#11773),
 .UNSPECIFIED.,.F.,.F.,(4,1,4),(0.,0.047174534674116,0.119670739542331),
 .UNSPECIFIED.);
#2186=B_SPLINE_CURVE_WITH_KNOTS('',3,(#11776,#11777,#11778,#11779,#11780),
 .UNSPECIFIED.,.F.,.F.,(4,1,4),(0.,0.047174534674116,0.119670739542331),
 .UNSPECIFIED.);
#2187=B_SPLINE_CURVE_WITH_KNOTS('',3,(#11792,#11793,#11794,#11795,#11796),
 .UNSPECIFIED.,.F.,.F.,(4,1,4),(0.,0.0477858820735348,0.098977579566141),
 .UNSPECIFIED.);
#2188=B_SPLINE_CURVE_WITH_KNOTS('',3,(#11799,#11800,#11801,#11802,#11803),
 .UNSPECIFIED.,.F.,.F.,(4,1,4),(0.,0.0477858820735348,0.098977579566141),
 .UNSPECIFIED.);
#2189=B_SPLINE_CURVE_WITH_KNOTS('',3,(#11815,#11816,#11817,#11818,#11819),
 .UNSPECIFIED.,.F.,.F.,(4,1,4),(0.,0.0552725286942055,0.103868205364049),
 .UNSPECIFIED.);
#2190=B_SPLINE_CURVE_WITH_KNOTS('',3,(#11822,#11823,#11824,#11825,#11826),
 .UNSPECIFIED.,.F.,.F.,(4,1,4),(0.,0.0552725286942055,0.103868205364049),
 .UNSPECIFIED.);
#2191=B_SPLINE_CURVE_WITH_KNOTS('',3,(#11838,#11839,#11840,#11841,#11842),
 .UNSPECIFIED.,.F.,.F.,(4,1,4),(0.,0.0630390187520577,0.123070532040877),
 .UNSPECIFIED.);
#2192=B_SPLINE_CURVE_WITH_KNOTS('',3,(#11845,#11846,#11847,#11848,#11849),
 .UNSPECIFIED.,.F.,.F.,(4,1,4),(0.,0.0630390187520577,0.123070532040877),
 .UNSPECIFIED.);
#2193=B_SPLINE_CURVE_WITH_KNOTS('',3,(#11861,#11862,#11863,#11864,#11865),
 .UNSPECIFIED.,.F.,.F.,(4,1,4),(0.,0.132402397302658,0.268723996405426),
 .UNSPECIFIED.);
#2194=B_SPLINE_CURVE_WITH_KNOTS('',3,(#11868,#11869,#11870,#11871,#11872),
 .UNSPECIFIED.,.F.,.F.,(4,1,4),(0.,0.132402397302658,0.268723996405426),
 .UNSPECIFIED.);
#2195=B_SPLINE_CURVE_WITH_KNOTS('',3,(#11915,#11916,#11917,#11918,#11919),
 .UNSPECIFIED.,.F.,.F.,(4,1,4),(0.,0.0611490108450178,0.153135516984865),
 .UNSPECIFIED.);
#2196=B_SPLINE_CURVE_WITH_KNOTS('',3,(#11922,#11923,#11924,#11925,#11926),
 .UNSPECIFIED.,.F.,.F.,(4,1,4),(0.,0.0611490108450178,0.153135516984865),
 .UNSPECIFIED.);
#2197=B_SPLINE_CURVE_WITH_KNOTS('',3,(#11938,#11939,#11940,#11941,#11942),
 .UNSPECIFIED.,.F.,.F.,(4,1,4),(0.,0.043223736379162,0.0871521952283358),
 .UNSPECIFIED.);
#2198=B_SPLINE_CURVE_WITH_KNOTS('',3,(#11945,#11946,#11947,#11948,#11949),
 .UNSPECIFIED.,.F.,.F.,(4,1,4),(0.,0.043223736379162,0.0871521952283358),
 .UNSPECIFIED.);
#2199=B_SPLINE_CURVE_WITH_KNOTS('',3,(#11961,#11962,#11963,#11964,#11965),
 .UNSPECIFIED.,.F.,.F.,(4,1,4),(0.,0.0471054755647503,0.0914664620145098),
 .UNSPECIFIED.);
#2200=B_SPLINE_CURVE_WITH_KNOTS('',3,(#11968,#11969,#11970,#11971,#11972),
 .UNSPECIFIED.,.F.,.F.,(4,1,4),(0.,0.0471054755647503,0.0914664620145098),
 .UNSPECIFIED.);
#2201=B_SPLINE_CURVE_WITH_KNOTS('',3,(#11984,#11985,#11986,#11987,#11988),
 .UNSPECIFIED.,.F.,.F.,(4,1,4),(0.,0.0437759340968787,0.092300620856012),
 .UNSPECIFIED.);
#2202=B_SPLINE_CURVE_WITH_KNOTS('',3,(#11991,#11992,#11993,#11994,#11995),
 .UNSPECIFIED.,.F.,.F.,(4,1,4),(0.,0.0437759340968787,0.092300620856012),
 .UNSPECIFIED.);
#2203=B_SPLINE_CURVE_WITH_KNOTS('',3,(#12007,#12008,#12009,#12010,#12011),
 .UNSPECIFIED.,.F.,.F.,(4,1,4),(0.,0.0484653258746892,0.091892439907805),
 .UNSPECIFIED.);
#2204=B_SPLINE_CURVE_WITH_KNOTS('',3,(#12014,#12015,#12016,#12017,#12018),
 .UNSPECIFIED.,.F.,.F.,(4,1,4),(0.,0.0484653258746892,0.091892439907805),
 .UNSPECIFIED.);
#2205=B_SPLINE_CURVE_WITH_KNOTS('',3,(#12030,#12031,#12032,#12033,#12034),
 .UNSPECIFIED.,.F.,.F.,(4,1,4),(0.,0.0756013031794388,0.126990638306207),
 .UNSPECIFIED.);
#2206=B_SPLINE_CURVE_WITH_KNOTS('',3,(#12037,#12038,#12039,#12040,#12041),
 .UNSPECIFIED.,.F.,.F.,(4,1,4),(0.,0.0756013031794388,0.126990638306207),
 .UNSPECIFIED.);
#2207=B_SPLINE_CURVE_WITH_KNOTS('',3,(#12071,#12072,#12073,#12074,#12075),
 .UNSPECIFIED.,.F.,.F.,(4,1,4),(0.,0.0630436493506808,0.147394247432864),
 .UNSPECIFIED.);
#2208=B_SPLINE_CURVE_WITH_KNOTS('',3,(#12078,#12079,#12080,#12081,#12082),
 .UNSPECIFIED.,.F.,.F.,(4,1,4),(0.,0.0630436493506808,0.147394247432864),
 .UNSPECIFIED.);
#2209=B_SPLINE_CURVE_WITH_KNOTS('',3,(#12094,#12095,#12096,#12097,#12098),
 .UNSPECIFIED.,.F.,.F.,(4,1,4),(0.,0.049203715624885,0.100072098261878),
 .UNSPECIFIED.);
#2210=B_SPLINE_CURVE_WITH_KNOTS('',3,(#12101,#12102,#12103,#12104,#12105),
 .UNSPECIFIED.,.F.,.F.,(4,1,4),(0.,0.049203715624885,0.100072098261878),
 .UNSPECIFIED.);
#2211=B_SPLINE_CURVE_WITH_KNOTS('',3,(#12117,#12118,#12119,#12120,#12121),
 .UNSPECIFIED.,.F.,.F.,(4,1,4),(0.,0.0526720320192725,0.102249675238763),
 .UNSPECIFIED.);
#2212=B_SPLINE_CURVE_WITH_KNOTS('',3,(#12124,#12125,#12126,#12127,#12128),
 .UNSPECIFIED.,.F.,.F.,(4,1,4),(0.,0.0526720320192725,0.102249675238763),
 .UNSPECIFIED.);
#2213=B_SPLINE_CURVE_WITH_KNOTS('',3,(#12140,#12141,#12142,#12143,#12144),
 .UNSPECIFIED.,.F.,.F.,(4,1,4),(0.,0.0422538494973462,0.087545004562485),
 .UNSPECIFIED.);
#2214=B_SPLINE_CURVE_WITH_KNOTS('',3,(#12147,#12148,#12149,#12150,#12151),
 .UNSPECIFIED.,.F.,.F.,(4,1,4),(0.,0.0422538494973462,0.087545004562485),
 .UNSPECIFIED.);
#2215=B_SPLINE_CURVE_WITH_KNOTS('',3,(#12163,#12164,#12165,#12166,#12167),
 .UNSPECIFIED.,.F.,.F.,(4,1,4),(0.,0.0364416293970933,0.0754756450520383),
 .UNSPECIFIED.);
#2216=B_SPLINE_CURVE_WITH_KNOTS('',3,(#12170,#12171,#12172,#12173,#12174),
 .UNSPECIFIED.,.F.,.F.,(4,1,4),(0.,0.0364416293970933,0.0754756450520383),
 .UNSPECIFIED.);
#2217=B_SPLINE_CURVE_WITH_KNOTS('',3,(#12186,#12187,#12188,#12189,#12190),
 .UNSPECIFIED.,.F.,.F.,(4,1,4),(0.,0.0433473616099264,0.0814871003745237),
 .UNSPECIFIED.);
#2218=B_SPLINE_CURVE_WITH_KNOTS('',3,(#12193,#12194,#12195,#12196,#12197),
 .UNSPECIFIED.,.F.,.F.,(4,1,4),(0.,0.0433473616099264,0.0814871003745237),
 .UNSPECIFIED.);
#2219=B_SPLINE_CURVE_WITH_KNOTS('',3,(#12209,#12210,#12211,#12212,#12213),
 .UNSPECIFIED.,.F.,.F.,(4,1,4),(0.,0.0545833106744261,0.0902343084980706),
 .UNSPECIFIED.);
#2220=B_SPLINE_CURVE_WITH_KNOTS('',3,(#12216,#12217,#12218,#12219,#12220),
 .UNSPECIFIED.,.F.,.F.,(4,1,4),(0.,0.0545833106744261,0.0902343084980706),
 .UNSPECIFIED.);
#2221=B_SPLINE_CURVE_WITH_KNOTS('',3,(#12242,#12243,#12244,#12245,#12246),
 .UNSPECIFIED.,.F.,.F.,(4,1,4),(0.,0.0740132278859772,0.162102934617147),
 .UNSPECIFIED.);
#2222=B_SPLINE_CURVE_WITH_KNOTS('',3,(#12250,#12251,#12252,#12253,#12254),
 .UNSPECIFIED.,.F.,.F.,(4,1,4),(0.,0.0740132278859772,0.162102934617147),
 .UNSPECIFIED.);
#2223=B_SPLINE_CURVE_WITH_KNOTS('',3,(#12267,#12268,#12269,#12270,#12271),
 .UNSPECIFIED.,.F.,.F.,(4,1,4),(0.,0.0570918122385099,0.121161479953686),
 .UNSPECIFIED.);
#2224=B_SPLINE_CURVE_WITH_KNOTS('',3,(#12274,#12275,#12276,#12277,#12278),
 .UNSPECIFIED.,.F.,.F.,(4,1,4),(0.,0.0570918122385099,0.121161479953686),
 .UNSPECIFIED.);
#2225=B_SPLINE_CURVE_WITH_KNOTS('',3,(#12290,#12291,#12292,#12293,#12294),
 .UNSPECIFIED.,.F.,.F.,(4,1,4),(0.,0.0625630206587294,0.118877092879686),
 .UNSPECIFIED.);
#2226=B_SPLINE_CURVE_WITH_KNOTS('',3,(#12297,#12298,#12299,#12300,#12301),
 .UNSPECIFIED.,.F.,.F.,(4,1,4),(0.,0.0625630206587294,0.118877092879686),
 .UNSPECIFIED.);
#2227=B_SPLINE_CURVE_WITH_KNOTS('',3,(#12313,#12314,#12315,#12316,#12317),
 .UNSPECIFIED.,.F.,.F.,(4,1,4),(0.,0.0682853082579878,0.135277207021335),
 .UNSPECIFIED.);
#2228=B_SPLINE_CURVE_WITH_KNOTS('',3,(#12320,#12321,#12322,#12323,#12324),
 .UNSPECIFIED.,.F.,.F.,(4,1,4),(0.,0.0682853082579878,0.135277207021335),
 .UNSPECIFIED.);
#2229=B_SPLINE_CURVE_WITH_KNOTS('',3,(#12336,#12337,#12338,#12339,#12340),
 .UNSPECIFIED.,.F.,.F.,(4,1,4),(0.,0.0790276054176139,0.161461504681619),
 .UNSPECIFIED.);
#2230=B_SPLINE_CURVE_WITH_KNOTS('',3,(#12343,#12344,#12345,#12346,#12347),
 .UNSPECIFIED.,.F.,.F.,(4,1,4),(0.,0.0790276054176139,0.161461504681619),
 .UNSPECIFIED.);
#2231=B_SPLINE_CURVE_WITH_KNOTS('',3,(#12359,#12360,#12361,#12362,#12363),
 .UNSPECIFIED.,.F.,.F.,(4,1,4),(0.,0.0878564497826538,0.168342683370374),
 .UNSPECIFIED.);
#2232=B_SPLINE_CURVE_WITH_KNOTS('',3,(#12366,#12367,#12368,#12369,#12370),
 .UNSPECIFIED.,.F.,.F.,(4,1,4),(0.,0.0878564497826538,0.168342683370374),
 .UNSPECIFIED.);
#2233=B_SPLINE_CURVE_WITH_KNOTS('',3,(#12382,#12383,#12384,#12385,#12386),
 .UNSPECIFIED.,.F.,.F.,(4,1,4),(0.,0.0672545400932184,0.140661814775408),
 .UNSPECIFIED.);
#2234=B_SPLINE_CURVE_WITH_KNOTS('',3,(#12389,#12390,#12391,#12392,#12393),
 .UNSPECIFIED.,.F.,.F.,(4,1,4),(0.,0.0672545400932184,0.140661814775408),
 .UNSPECIFIED.);
#2235=B_SPLINE_CURVE_WITH_KNOTS('',3,(#12405,#12406,#12407,#12408,#12409),
 .UNSPECIFIED.,.F.,.F.,(4,1,4),(0.,0.062848850497538,0.126896709895914),
 .UNSPECIFIED.);
#2236=B_SPLINE_CURVE_WITH_KNOTS('',3,(#12412,#12413,#12414,#12415,#12416),
 .UNSPECIFIED.,.F.,.F.,(4,1,4),(0.,0.062848850497538,0.126896709895914),
 .UNSPECIFIED.);
#2237=B_SPLINE_CURVE_WITH_KNOTS('',3,(#12428,#12429,#12430,#12431,#12432),
 .UNSPECIFIED.,.F.,.F.,(4,1,4),(0.,0.0708077414352042,0.138890224781566),
 .UNSPECIFIED.);
#2238=B_SPLINE_CURVE_WITH_KNOTS('',3,(#12435,#12436,#12437,#12438,#12439),
 .UNSPECIFIED.,.F.,.F.,(4,1,4),(0.,0.0708077414352042,0.138890224781566),
 .UNSPECIFIED.);
#2239=B_SPLINE_CURVE_WITH_KNOTS('',3,(#12451,#12452,#12453,#12454,#12455),
 .UNSPECIFIED.,.F.,.F.,(4,1,4),(0.,0.0728301687855165,0.144950949546747),
 .UNSPECIFIED.);
#2240=B_SPLINE_CURVE_WITH_KNOTS('',3,(#12458,#12459,#12460,#12461,#12462),
 .UNSPECIFIED.,.F.,.F.,(4,1,4),(0.,0.0728301687855165,0.144950949546747),
 .UNSPECIFIED.);
#2241=B_SPLINE_CURVE_WITH_KNOTS('',3,(#12474,#12475,#12476,#12477,#12478),
 .UNSPECIFIED.,.F.,.F.,(4,1,4),(0.,0.103456884223126,0.187011670566939),
 .UNSPECIFIED.);
#2242=B_SPLINE_CURVE_WITH_KNOTS('',3,(#12481,#12482,#12483,#12484,#12485),
 .UNSPECIFIED.,.F.,.F.,(4,1,4),(0.,0.103456884223126,0.187011670566939),
 .UNSPECIFIED.);
#2243=VERTEX_POINT('',#7079);
#2244=VERTEX_POINT('',#7080);
#2245=VERTEX_POINT('',#7086);
#2246=VERTEX_POINT('',#7088);
#2247=VERTEX_POINT('',#7105);
#2248=VERTEX_POINT('',#7111);
#2249=VERTEX_POINT('',#7128);
#2250=VERTEX_POINT('',#7134);
#2251=VERTEX_POINT('',#7142);
#2252=VERTEX_POINT('',#7144);
#2253=VERTEX_POINT('',#7177);
#2254=VERTEX_POINT('',#7178);
#2255=VERTEX_POINT('',#7184);
#2256=VERTEX_POINT('',#7186);
#2257=VERTEX_POINT('',#7203);
#2258=VERTEX_POINT('',#7209);
#2259=VERTEX_POINT('',#7226);
#2260=VERTEX_POINT('',#7232);
#2261=VERTEX_POINT('',#7240);
#2262=VERTEX_POINT('',#7242);
#2263=VERTEX_POINT('',#7255);
#2264=VERTEX_POINT('',#7261);
#2265=VERTEX_POINT('',#7278);
#2266=VERTEX_POINT('',#7284);
#2267=VERTEX_POINT('',#7301);
#2268=VERTEX_POINT('',#7307);
#2269=VERTEX_POINT('',#7324);
#2270=VERTEX_POINT('',#7330);
#2271=VERTEX_POINT('',#7347);
#2272=VERTEX_POINT('',#7353);
#2273=VERTEX_POINT('',#7370);
#2274=VERTEX_POINT('',#7376);
#2275=VERTEX_POINT('',#7393);
#2276=VERTEX_POINT('',#7399);
#2277=VERTEX_POINT('',#7416);
#2278=VERTEX_POINT('',#7422);
#2279=VERTEX_POINT('',#7439);
#2280=VERTEX_POINT('',#7445);
#2281=VERTEX_POINT('',#7453);
#2282=VERTEX_POINT('',#7455);
#2283=VERTEX_POINT('',#7489);
#2284=VERTEX_POINT('',#7490);
#2285=VERTEX_POINT('',#7496);
#2286=VERTEX_POINT('',#7498);
#2287=VERTEX_POINT('',#7515);
#2288=VERTEX_POINT('',#7521);
#2289=VERTEX_POINT('',#7538);
#2290=VERTEX_POINT('',#7544);
#2291=VERTEX_POINT('',#7561);
#2292=VERTEX_POINT('',#7567);
#2293=VERTEX_POINT('',#7584);
#2294=VERTEX_POINT('',#7590);
#2295=VERTEX_POINT('',#7607);
#2296=VERTEX_POINT('',#7613);
#2297=VERTEX_POINT('',#7630);
#2298=VERTEX_POINT('',#7636);
#2299=VERTEX_POINT('',#7653);
#2300=VERTEX_POINT('',#7659);
#2301=VERTEX_POINT('',#7676);
#2302=VERTEX_POINT('',#7682);
#2303=VERTEX_POINT('',#7699);
#2304=VERTEX_POINT('',#7705);
#2305=VERTEX_POINT('',#7722);
#2306=VERTEX_POINT('',#7728);
#2307=VERTEX_POINT('',#7745);
#2308=VERTEX_POINT('',#7751);
#2309=VERTEX_POINT('',#7768);
#2310=VERTEX_POINT('',#7774);
#2311=VERTEX_POINT('',#7791);
#2312=VERTEX_POINT('',#7797);
#2313=VERTEX_POINT('',#7805);
#2314=VERTEX_POINT('',#7807);
#2315=VERTEX_POINT('',#7820);
#2316=VERTEX_POINT('',#7826);
#2317=VERTEX_POINT('',#7843);
#2318=VERTEX_POINT('',#7849);
#2319=VERTEX_POINT('',#7866);
#2320=VERTEX_POINT('',#7872);
#2321=VERTEX_POINT('',#7889);
#2322=VERTEX_POINT('',#7895);
#2323=VERTEX_POINT('',#7912);
#2324=VERTEX_POINT('',#7918);
#2325=VERTEX_POINT('',#7935);
#2326=VERTEX_POINT('',#7941);
#2327=VERTEX_POINT('',#7958);
#2328=VERTEX_POINT('',#7964);
#2329=VERTEX_POINT('',#7981);
#2330=VERTEX_POINT('',#7987);
#2331=VERTEX_POINT('',#8004);
#2332=VERTEX_POINT('',#8010);
#2333=VERTEX_POINT('',#8027);
#2334=VERTEX_POINT('',#8033);
#2335=VERTEX_POINT('',#8050);
#2336=VERTEX_POINT('',#8056);
#2337=VERTEX_POINT('',#8073);
#2338=VERTEX_POINT('',#8079);
#2339=VERTEX_POINT('',#8096);
#2340=VERTEX_POINT('',#8102);
#2341=VERTEX_POINT('',#8119);
#2342=VERTEX_POINT('',#8125);
#2343=VERTEX_POINT('',#8142);
#2344=VERTEX_POINT('',#8148);
#2345=VERTEX_POINT('',#8165);
#2346=VERTEX_POINT('',#8171);
#2347=VERTEX_POINT('',#8179);
#2348=VERTEX_POINT('',#8181);
#2349=VERTEX_POINT('',#8215);
#2350=VERTEX_POINT('',#8216);
#2351=VERTEX_POINT('',#8222);
#2352=VERTEX_POINT('',#8224);
#2353=VERTEX_POINT('',#8241);
#2354=VERTEX_POINT('',#8247);
#2355=VERTEX_POINT('',#8264);
#2356=VERTEX_POINT('',#8270);
#2357=VERTEX_POINT('',#8287);
#2358=VERTEX_POINT('',#8293);
#2359=VERTEX_POINT('',#8310);
#2360=VERTEX_POINT('',#8316);
#2361=VERTEX_POINT('',#8333);
#2362=VERTEX_POINT('',#8339);
#2363=VERTEX_POINT('',#8356);
#2364=VERTEX_POINT('',#8362);
#2365=VERTEX_POINT('',#8379);
#2366=VERTEX_POINT('',#8385);
#2367=VERTEX_POINT('',#8402);
#2368=VERTEX_POINT('',#8408);
#2369=VERTEX_POINT('',#8419);
#2370=VERTEX_POINT('',#8420);
#2371=VERTEX_POINT('',#8422);
#2372=VERTEX_POINT('',#8424);
#2373=VERTEX_POINT('',#8437);
#2374=VERTEX_POINT('',#8443);
#2375=VERTEX_POINT('',#8460);
#2376=VERTEX_POINT('',#8466);
#2377=VERTEX_POINT('',#8474);
#2378=VERTEX_POINT('',#8476);
#2379=VERTEX_POINT('',#8489);
#2380=VERTEX_POINT('',#8495);
#2381=VERTEX_POINT('',#8512);
#2382=VERTEX_POINT('',#8518);
#2383=VERTEX_POINT('',#8535);
#2384=VERTEX_POINT('',#8541);
#2385=VERTEX_POINT('',#8558);
#2386=VERTEX_POINT('',#8564);
#2387=VERTEX_POINT('',#8581);
#2388=VERTEX_POINT('',#8587);
#2389=VERTEX_POINT('',#8604);
#2390=VERTEX_POINT('',#8610);
#2391=VERTEX_POINT('',#8627);
#2392=VERTEX_POINT('',#8633);
#2393=VERTEX_POINT('',#8641);
#2394=VERTEX_POINT('',#8643);
#2395=VERTEX_POINT('',#8656);
#2396=VERTEX_POINT('',#8662);
#2397=VERTEX_POINT('',#8679);
#2398=VERTEX_POINT('',#8685);
#2399=VERTEX_POINT('',#8702);
#2400=VERTEX_POINT('',#8708);
#2401=VERTEX_POINT('',#8725);
#2402=VERTEX_POINT('',#8731);
#2403=VERTEX_POINT('',#8748);
#2404=VERTEX_POINT('',#8754);
#2405=VERTEX_POINT('',#8771);
#2406=VERTEX_POINT('',#8777);
#2407=VERTEX_POINT('',#8794);
#2408=VERTEX_POINT('',#8800);
#2409=VERTEX_POINT('',#8817);
#2410=VERTEX_POINT('',#8823);
#2411=VERTEX_POINT('',#8840);
#2412=VERTEX_POINT('',#8846);
#2413=VERTEX_POINT('',#8863);
#2414=VERTEX_POINT('',#8869);
#2415=VERTEX_POINT('',#8886);
#2416=VERTEX_POINT('',#8892);
#2417=VERTEX_POINT('',#8909);
#2418=VERTEX_POINT('',#8915);
#2419=VERTEX_POINT('',#8932);
#2420=VERTEX_POINT('',#8938);
#2421=VERTEX_POINT('',#8955);
#2422=VERTEX_POINT('',#8961);
#2423=VERTEX_POINT('',#8999);
#2424=VERTEX_POINT('',#9000);
#2425=VERTEX_POINT('',#9006);
#2426=VERTEX_POINT('',#9008);
#2427=VERTEX_POINT('',#9025);
#2428=VERTEX_POINT('',#9031);
#2429=VERTEX_POINT('',#9048);
#2430=VERTEX_POINT('',#9054);
#2431=VERTEX_POINT('',#9071);
#2432=VERTEX_POINT('',#9077);
#2433=VERTEX_POINT('',#9094);
#2434=VERTEX_POINT('',#9100);
#2435=VERTEX_POINT('',#9117);
#2436=VERTEX_POINT('',#9123);
#2437=VERTEX_POINT('',#9140);
#2438=VERTEX_POINT('',#9146);
#2439=VERTEX_POINT('',#9154);
#2440=VERTEX_POINT('',#9156);
#2441=VERTEX_POINT('',#9169);
#2442=VERTEX_POINT('',#9175);
#2443=VERTEX_POINT('',#9192);
#2444=VERTEX_POINT('',#9198);
#2445=VERTEX_POINT('',#9215);
#2446=VERTEX_POINT('',#9221);
#2447=VERTEX_POINT('',#9238);
#2448=VERTEX_POINT('',#9244);
#2449=VERTEX_POINT('',#9261);
#2450=VERTEX_POINT('',#9267);
#2451=VERTEX_POINT('',#9284);
#2452=VERTEX_POINT('',#9290);
#2453=VERTEX_POINT('',#9307);
#2454=VERTEX_POINT('',#9313);
#2455=VERTEX_POINT('',#9330);
#2456=VERTEX_POINT('',#9336);
#2457=VERTEX_POINT('',#9353);
#2458=VERTEX_POINT('',#9359);
#2459=VERTEX_POINT('',#9367);
#2460=VERTEX_POINT('',#9369);
#2461=VERTEX_POINT('',#9403);
#2462=VERTEX_POINT('',#9404);
#2463=VERTEX_POINT('',#9410);
#2464=VERTEX_POINT('',#9412);
#2465=VERTEX_POINT('',#9429);
#2466=VERTEX_POINT('',#9435);
#2467=VERTEX_POINT('',#9452);
#2468=VERTEX_POINT('',#9458);
#2469=VERTEX_POINT('',#9475);
#2470=VERTEX_POINT('',#9481);
#2471=VERTEX_POINT('',#9498);
#2472=VERTEX_POINT('',#9504);
#2473=VERTEX_POINT('',#9521);
#2474=VERTEX_POINT('',#9527);
#2475=VERTEX_POINT('',#9544);
#2476=VERTEX_POINT('',#9550);
#2477=VERTEX_POINT('',#9587);
#2478=VERTEX_POINT('',#9588);
#2479=VERTEX_POINT('',#9594);
#2480=VERTEX_POINT('',#9596);
#2481=VERTEX_POINT('',#9613);
#2482=VERTEX_POINT('',#9619);
#2483=VERTEX_POINT('',#9636);
#2484=VERTEX_POINT('',#9642);
#2485=VERTEX_POINT('',#9659);
#2486=VERTEX_POINT('',#9665);
#2487=VERTEX_POINT('',#9682);
#2488=VERTEX_POINT('',#9688);
#2489=VERTEX_POINT('',#9705);
#2490=VERTEX_POINT('',#9711);
#2491=VERTEX_POINT('',#9728);
#2492=VERTEX_POINT('',#9734);
#2493=VERTEX_POINT('',#9751);
#2494=VERTEX_POINT('',#9757);
#2495=VERTEX_POINT('',#9795);
#2496=VERTEX_POINT('',#9796);
#2497=VERTEX_POINT('',#9802);
#2498=VERTEX_POINT('',#9804);
#2499=VERTEX_POINT('',#9821);
#2500=VERTEX_POINT('',#9827);
#2501=VERTEX_POINT('',#9844);
#2502=VERTEX_POINT('',#9850);
#2503=VERTEX_POINT('',#9867);
#2504=VERTEX_POINT('',#9873);
#2505=VERTEX_POINT('',#9890);
#2506=VERTEX_POINT('',#9896);
#2507=VERTEX_POINT('',#9913);
#2508=VERTEX_POINT('',#9919);
#2509=VERTEX_POINT('',#9936);
#2510=VERTEX_POINT('',#9942);
#2511=VERTEX_POINT('',#9959);
#2512=VERTEX_POINT('',#9965);
#2513=VERTEX_POINT('',#9982);
#2514=VERTEX_POINT('',#9988);
#2515=VERTEX_POINT('',#9999);
#2516=VERTEX_POINT('',#10000);
#2517=VERTEX_POINT('',#10002);
#2518=VERTEX_POINT('',#10004);
#2519=VERTEX_POINT('',#10017);
#2520=VERTEX_POINT('',#10023);
#2521=VERTEX_POINT('',#10040);
#2522=VERTEX_POINT('',#10046);
#2523=VERTEX_POINT('',#10054);
#2524=VERTEX_POINT('',#10056);
#2525=VERTEX_POINT('',#10069);
#2526=VERTEX_POINT('',#10075);
#2527=VERTEX_POINT('',#10092);
#2528=VERTEX_POINT('',#10098);
#2529=VERTEX_POINT('',#10115);
#2530=VERTEX_POINT('',#10121);
#2531=VERTEX_POINT('',#10138);
#2532=VERTEX_POINT('',#10144);
#2533=VERTEX_POINT('',#10161);
#2534=VERTEX_POINT('',#10167);
#2535=VERTEX_POINT('',#10184);
#2536=VERTEX_POINT('',#10190);
#2537=VERTEX_POINT('',#10207);
#2538=VERTEX_POINT('',#10213);
#2539=VERTEX_POINT('',#10221);
#2540=VERTEX_POINT('',#10223);
#2541=VERTEX_POINT('',#10236);
#2542=VERTEX_POINT('',#10242);
#2543=VERTEX_POINT('',#10259);
#2544=VERTEX_POINT('',#10265);
#2545=VERTEX_POINT('',#10282);
#2546=VERTEX_POINT('',#10288);
#2547=VERTEX_POINT('',#10305);
#2548=VERTEX_POINT('',#10311);
#2549=VERTEX_POINT('',#10328);
#2550=VERTEX_POINT('',#10334);
#2551=VERTEX_POINT('',#10351);
#2552=VERTEX_POINT('',#10357);
#2553=VERTEX_POINT('',#10374);
#2554=VERTEX_POINT('',#10380);
#2555=VERTEX_POINT('',#10397);
#2556=VERTEX_POINT('',#10403);
#2557=VERTEX_POINT('',#10420);
#2558=VERTEX_POINT('',#10426);
#2559=VERTEX_POINT('',#10443);
#2560=VERTEX_POINT('',#10449);
#2561=VERTEX_POINT('',#10466);
#2562=VERTEX_POINT('',#10472);
#2563=VERTEX_POINT('',#10489);
#2564=VERTEX_POINT('',#10495);
#2565=VERTEX_POINT('',#10512);
#2566=VERTEX_POINT('',#10518);
#2567=VERTEX_POINT('',#10535);
#2568=VERTEX_POINT('',#10541);
#2569=VERTEX_POINT('',#10570);
#2570=VERTEX_POINT('',#10571);
#2571=VERTEX_POINT('',#10573);
#2572=VERTEX_POINT('',#10575);
#2573=VERTEX_POINT('',#10588);
#2574=VERTEX_POINT('',#10594);
#2575=VERTEX_POINT('',#10611);
#2576=VERTEX_POINT('',#10617);
#2577=VERTEX_POINT('',#10634);
#2578=VERTEX_POINT('',#10640);
#2579=VERTEX_POINT('',#10657);
#2580=VERTEX_POINT('',#10663);
#2581=VERTEX_POINT('',#10680);
#2582=VERTEX_POINT('',#10686);
#2583=VERTEX_POINT('',#10694);
#2584=VERTEX_POINT('',#10696);
#2585=VERTEX_POINT('',#10703);
#2586=VERTEX_POINT('',#10704);
#2587=VERTEX_POINT('',#10706);
#2588=VERTEX_POINT('',#10708);
#2589=VERTEX_POINT('',#10712);
#2590=VERTEX_POINT('',#10714);
#2591=VERTEX_POINT('',#10727);
#2592=VERTEX_POINT('',#10733);
#2593=VERTEX_POINT('',#10750);
#2594=VERTEX_POINT('',#10756);
#2595=VERTEX_POINT('',#10773);
#2596=VERTEX_POINT('',#10779);
#2597=VERTEX_POINT('',#10796);
#2598=VERTEX_POINT('',#10802);
#2599=VERTEX_POINT('',#10819);
#2600=VERTEX_POINT('',#10825);
#2601=VERTEX_POINT('',#10842);
#2602=VERTEX_POINT('',#10848);
#2603=VERTEX_POINT('',#10856);
#2604=VERTEX_POINT('',#10858);
#2605=VERTEX_POINT('',#10862);
#2606=VERTEX_POINT('',#10864);
#2607=VERTEX_POINT('',#10872);
#2608=VERTEX_POINT('',#10873);
#2609=VERTEX_POINT('',#10875);
#2610=VERTEX_POINT('',#10877);
#2611=VERTEX_POINT('',#10890);
#2612=VERTEX_POINT('',#10896);
#2613=VERTEX_POINT('',#10913);
#2614=VERTEX_POINT('',#10919);
#2615=VERTEX_POINT('',#10936);
#2616=VERTEX_POINT('',#10942);
#2617=VERTEX_POINT('',#10959);
#2618=VERTEX_POINT('',#10965);
#2619=VERTEX_POINT('',#10973);
#2620=VERTEX_POINT('',#10975);
#2621=VERTEX_POINT('',#10988);
#2622=VERTEX_POINT('',#10994);
#2623=VERTEX_POINT('',#11011);
#2624=VERTEX_POINT('',#11017);
#2625=VERTEX_POINT('',#11034);
#2626=VERTEX_POINT('',#11040);
#2627=VERTEX_POINT('',#11048);
#2628=VERTEX_POINT('',#11050);
#2629=VERTEX_POINT('',#11054);
#2630=VERTEX_POINT('',#11056);
#2631=VERTEX_POINT('',#11060);
#2632=VERTEX_POINT('',#11062);
#2633=VERTEX_POINT('',#11079);
#2634=VERTEX_POINT('',#11080);
#2635=VERTEX_POINT('',#11086);
#2636=VERTEX_POINT('',#11088);
#2637=VERTEX_POINT('',#11105);
#2638=VERTEX_POINT('',#11111);
#2639=VERTEX_POINT('',#11128);
#2640=VERTEX_POINT('',#11134);
#2641=VERTEX_POINT('',#11151);
#2642=VERTEX_POINT('',#11157);
#2643=VERTEX_POINT('',#11174);
#2644=VERTEX_POINT('',#11180);
#2645=VERTEX_POINT('',#11197);
#2646=VERTEX_POINT('',#11203);
#2647=VERTEX_POINT('',#11220);
#2648=VERTEX_POINT('',#11226);
#2649=VERTEX_POINT('',#11254);
#2650=VERTEX_POINT('',#11255);
#2651=VERTEX_POINT('',#11257);
#2652=VERTEX_POINT('',#11259);
#2653=VERTEX_POINT('',#11263);
#2654=VERTEX_POINT('',#11265);
#2655=VERTEX_POINT('',#11269);
#2656=VERTEX_POINT('',#11271);
#2657=VERTEX_POINT('',#11284);
#2658=VERTEX_POINT('',#11290);
#2659=VERTEX_POINT('',#11307);
#2660=VERTEX_POINT('',#11313);
#2661=VERTEX_POINT('',#11330);
#2662=VERTEX_POINT('',#11336);
#2663=VERTEX_POINT('',#11353);
#2664=VERTEX_POINT('',#11359);
#2665=VERTEX_POINT('',#11376);
#2666=VERTEX_POINT('',#11382);
#2667=VERTEX_POINT('',#11399);
#2668=VERTEX_POINT('',#11405);
#2669=VERTEX_POINT('',#11422);
#2670=VERTEX_POINT('',#11428);
#2671=VERTEX_POINT('',#11445);
#2672=VERTEX_POINT('',#11451);
#2673=VERTEX_POINT('',#11468);
#2674=VERTEX_POINT('',#11474);
#2675=VERTEX_POINT('',#11482);
#2676=VERTEX_POINT('',#11484);
#2677=VERTEX_POINT('',#11492);
#2678=VERTEX_POINT('',#11493);
#2679=VERTEX_POINT('',#11495);
#2680=VERTEX_POINT('',#11497);
#2681=VERTEX_POINT('',#11501);
#2682=VERTEX_POINT('',#11503);
#2683=VERTEX_POINT('',#11507);
#2684=VERTEX_POINT('',#11509);
#2685=VERTEX_POINT('',#11513);
#2686=VERTEX_POINT('',#11515);
#2687=VERTEX_POINT('',#11519);
#2688=VERTEX_POINT('',#11521);
#2689=VERTEX_POINT('',#11525);
#2690=VERTEX_POINT('',#11527);
#2691=VERTEX_POINT('',#11531);
#2692=VERTEX_POINT('',#11533);
#2693=VERTEX_POINT('',#11537);
#2694=VERTEX_POINT('',#11539);
#2695=VERTEX_POINT('',#11543);
#2696=VERTEX_POINT('',#11545);
#2697=VERTEX_POINT('',#11558);
#2698=VERTEX_POINT('',#11564);
#2699=VERTEX_POINT('',#11581);
#2700=VERTEX_POINT('',#11587);
#2701=VERTEX_POINT('',#11595);
#2702=VERTEX_POINT('',#11597);
#2703=VERTEX_POINT('',#11601);
#2704=VERTEX_POINT('',#11603);
#2705=VERTEX_POINT('',#11607);
#2706=VERTEX_POINT('',#11609);
#2707=VERTEX_POINT('',#11617);
#2708=VERTEX_POINT('',#11618);
#2709=VERTEX_POINT('',#11620);
#2710=VERTEX_POINT('',#11622);
#2711=VERTEX_POINT('',#11635);
#2712=VERTEX_POINT('',#11641);
#2713=VERTEX_POINT('',#11658);
#2714=VERTEX_POINT('',#11664);
#2715=VERTEX_POINT('',#11681);
#2716=VERTEX_POINT('',#11687);
#2717=VERTEX_POINT('',#11704);
#2718=VERTEX_POINT('',#11710);
#2719=VERTEX_POINT('',#11727);
#2720=VERTEX_POINT('',#11733);
#2721=VERTEX_POINT('',#11741);
#2722=VERTEX_POINT('',#11743);
#2723=VERTEX_POINT('',#11747);
#2724=VERTEX_POINT('',#11749);
#2725=VERTEX_POINT('',#11753);
#2726=VERTEX_POINT('',#11755);
#2727=VERTEX_POINT('',#11768);
#2728=VERTEX_POINT('',#11774);
#2729=VERTEX_POINT('',#11791);
#2730=VERTEX_POINT('',#11797);
#2731=VERTEX_POINT('',#11814);
#2732=VERTEX_POINT('',#11820);
#2733=VERTEX_POINT('',#11837);
#2734=VERTEX_POINT('',#11843);
#2735=VERTEX_POINT('',#11860);
#2736=VERTEX_POINT('',#11866);
#2737=VERTEX_POINT('',#11874);
#2738=VERTEX_POINT('',#11876);
#2739=VERTEX_POINT('',#11880);
#2740=VERTEX_POINT('',#11882);
#2741=VERTEX_POINT('',#11886);
#2742=VERTEX_POINT('',#11888);
#2743=VERTEX_POINT('',#11896);
#2744=VERTEX_POINT('',#11897);
#2745=VERTEX_POINT('',#11899);
#2746=VERTEX_POINT('',#11901);
#2747=VERTEX_POINT('',#11914);
#2748=VERTEX_POINT('',#11920);
#2749=VERTEX_POINT('',#11937);
#2750=VERTEX_POINT('',#11943);
#2751=VERTEX_POINT('',#11960);
#2752=VERTEX_POINT('',#11966);
#2753=VERTEX_POINT('',#11983);
#2754=VERTEX_POINT('',#11989);
#2755=VERTEX_POINT('',#12006);
#2756=VERTEX_POINT('',#12012);
#2757=VERTEX_POINT('',#12029);
#2758=VERTEX_POINT('',#12035);
#2759=VERTEX_POINT('',#12043);
#2760=VERTEX_POINT('',#12045);
#2761=VERTEX_POINT('',#12052);
#2762=VERTEX_POINT('',#12053);
#2763=VERTEX_POINT('',#12055);
#2764=VERTEX_POINT('',#12057);
#2765=VERTEX_POINT('',#12070);
#2766=VERTEX_POINT('',#12076);
#2767=VERTEX_POINT('',#12093);
#2768=VERTEX_POINT('',#12099);
#2769=VERTEX_POINT('',#12116);
#2770=VERTEX_POINT('',#12122);
#2771=VERTEX_POINT('',#12139);
#2772=VERTEX_POINT('',#12145);
#2773=VERTEX_POINT('',#12162);
#2774=VERTEX_POINT('',#12168);
#2775=VERTEX_POINT('',#12185);
#2776=VERTEX_POINT('',#12191);
#2777=VERTEX_POINT('',#12208);
#2778=VERTEX_POINT('',#12214);
#2779=VERTEX_POINT('',#12222);
#2780=VERTEX_POINT('',#12224);
#2781=VERTEX_POINT('',#12240);
#2782=VERTEX_POINT('',#12241);
#2783=VERTEX_POINT('',#12247);
#2784=VERTEX_POINT('',#12249);
#2785=VERTEX_POINT('',#12266);
#2786=VERTEX_POINT('',#12272);
#2787=VERTEX_POINT('',#12289);
#2788=VERTEX_POINT('',#12295);
#2789=VERTEX_POINT('',#12312);
#2790=VERTEX_POINT('',#12318);
#2791=VERTEX_POINT('',#12335);
#2792=VERTEX_POINT('',#12341);
#2793=VERTEX_POINT('',#12358);
#2794=VERTEX_POINT('',#12364);
#2795=VERTEX_POINT('',#12381);
#2796=VERTEX_POINT('',#12387);
#2797=VERTEX_POINT('',#12404);
#2798=VERTEX_POINT('',#12410);
#2799=VERTEX_POINT('',#12427);
#2800=VERTEX_POINT('',#12433);
#2801=VERTEX_POINT('',#12450);
#2802=VERTEX_POINT('',#12456);
#2803=VERTEX_POINT('',#12473);
#2804=VERTEX_POINT('',#12479);
#2805=VERTEX_POINT('',#12487);
#2806=VERTEX_POINT('',#12489);
#2807=VERTEX_POINT('',#12493);
#2808=VERTEX_POINT('',#12495);
#2809=VERTEX_POINT('',#12503);
#2810=VERTEX_POINT('',#12504);
#2811=VERTEX_POINT('',#12506);
#2812=VERTEX_POINT('',#12508);
#2813=VERTEX_POINT('',#12510);
#2814=VERTEX_POINT('',#12512);
#2815=VERTEX_POINT('',#12514);
#2816=VERTEX_POINT('',#12516);
#2817=VERTEX_POINT('',#12519);
#2818=VERTEX_POINT('',#12521);
#2819=VERTEX_POINT('',#12523);
#2820=VERTEX_POINT('',#12525);
#2821=VERTEX_POINT('',#12535);
#2822=VERTEX_POINT('',#12536);
#2823=VERTEX_POINT('',#12541);
#2824=VERTEX_POINT('',#12543);
#2825=VERTEX_POINT('',#12545);
#2826=VERTEX_POINT('',#12547);
#2827=VERTEX_POINT('',#12549);
#2828=VERTEX_POINT('',#12553);
#2829=VERTEX_POINT('',#12555);
#2830=VERTEX_POINT('',#12557);
#2831=VERTEX_POINT('',#12559);
#2832=VERTEX_POINT('',#12561);
#2833=VERTEX_POINT('',#12564);
#2834=VERTEX_POINT('',#12566);
#2835=VERTEX_POINT('',#12568);
#2836=VERTEX_POINT('',#12570);
#2837=VERTEX_POINT('',#12572);
#2838=VERTEX_POINT('',#12574);
#2839=VERTEX_POINT('',#12577);
#2840=VERTEX_POINT('',#12579);
#2841=VERTEX_POINT('',#12581);
#2842=VERTEX_POINT('',#12583);
#2843=VERTEX_POINT('',#12597);
#2844=VERTEX_POINT('',#12601);
#2845=VERTEX_POINT('',#12607);
#2846=VERTEX_POINT('',#12609);
#2847=VERTEX_POINT('',#12613);
#2848=VERTEX_POINT('',#12615);
#2849=VERTEX_POINT('',#12623);
#2850=VERTEX_POINT('',#12627);
#2851=VERTEX_POINT('',#12631);
#2852=VERTEX_POINT('',#12635);
#2853=VERTEX_POINT('',#12641);
#2854=VERTEX_POINT('',#12646);
#2855=VERTEX_POINT('',#12651);
#2856=VERTEX_POINT('',#12656);
#2857=EDGE_CURVE('',#2243,#2244,#1805,.T.);
#2858=EDGE_CURVE('',#2243,#2245,#887,.T.);
#2859=EDGE_CURVE('',#2245,#2246,#1806,.T.);
#2860=EDGE_CURVE('',#2244,#2246,#888,.T.);
#2861=EDGE_CURVE('',#2247,#2243,#1807,.T.);
#2862=EDGE_CURVE('',#2247,#2248,#889,.T.);
#2863=EDGE_CURVE('',#2248,#2245,#1808,.T.);
#2864=EDGE_CURVE('',#2249,#2247,#1809,.T.);
#2865=EDGE_CURVE('',#2249,#2250,#890,.T.);
#2866=EDGE_CURVE('',#2250,#2248,#1810,.T.);
#2867=EDGE_CURVE('',#2251,#2249,#891,.T.);
#2868=EDGE_CURVE('',#2251,#2252,#892,.T.);
#2869=EDGE_CURVE('',#2252,#2250,#893,.T.);
#2870=EDGE_CURVE('',#2244,#2251,#1811,.T.);
#2871=EDGE_CURVE('',#2246,#2252,#1812,.T.);
#2872=EDGE_CURVE('',#2253,#2254,#1813,.T.);
#2873=EDGE_CURVE('',#2253,#2255,#894,.T.);
#2874=EDGE_CURVE('',#2255,#2256,#1814,.T.);
#2875=EDGE_CURVE('',#2254,#2256,#895,.T.);
#2876=EDGE_CURVE('',#2257,#2253,#1815,.T.);
#2877=EDGE_CURVE('',#2257,#2258,#896,.T.);
#2878=EDGE_CURVE('',#2258,#2255,#1816,.T.);
#2879=EDGE_CURVE('',#2259,#2257,#1817,.T.);
#2880=EDGE_CURVE('',#2259,#2260,#897,.T.);
#2881=EDGE_CURVE('',#2260,#2258,#1818,.T.);
#2882=EDGE_CURVE('',#2261,#2259,#898,.T.);
#2883=EDGE_CURVE('',#2261,#2262,#899,.T.);
#2884=EDGE_CURVE('',#2262,#2260,#900,.T.);
#2885=EDGE_CURVE('',#2263,#2261,#1819,.T.);
#2886=EDGE_CURVE('',#2263,#2264,#901,.T.);
#2887=EDGE_CURVE('',#2264,#2262,#1820,.T.);
#2888=EDGE_CURVE('',#2265,#2263,#1821,.T.);
#2889=EDGE_CURVE('',#2265,#2266,#902,.T.);
#2890=EDGE_CURVE('',#2266,#2264,#1822,.T.);
#2891=EDGE_CURVE('',#2267,#2265,#1823,.T.);
#2892=EDGE_CURVE('',#2267,#2268,#903,.T.);
#2893=EDGE_CURVE('',#2268,#2266,#1824,.T.);
#2894=EDGE_CURVE('',#2269,#2267,#1825,.T.);
#2895=EDGE_CURVE('',#2269,#2270,#904,.T.);
#2896=EDGE_CURVE('',#2270,#2268,#1826,.T.);
#2897=EDGE_CURVE('',#2271,#2269,#1827,.T.);
#2898=EDGE_CURVE('',#2271,#2272,#905,.T.);
#2899=EDGE_CURVE('',#2272,#2270,#1828,.T.);
#2900=EDGE_CURVE('',#2273,#2271,#1829,.T.);
#2901=EDGE_CURVE('',#2273,#2274,#906,.T.);
#2902=EDGE_CURVE('',#2274,#2272,#1830,.T.);
#2903=EDGE_CURVE('',#2275,#2273,#1831,.T.);
#2904=EDGE_CURVE('',#2275,#2276,#907,.T.);
#2905=EDGE_CURVE('',#2276,#2274,#1832,.T.);
#2906=EDGE_CURVE('',#2277,#2275,#1833,.T.);
#2907=EDGE_CURVE('',#2277,#2278,#908,.T.);
#2908=EDGE_CURVE('',#2278,#2276,#1834,.T.);
#2909=EDGE_CURVE('',#2279,#2277,#1835,.T.);
#2910=EDGE_CURVE('',#2279,#2280,#909,.T.);
#2911=EDGE_CURVE('',#2280,#2278,#1836,.T.);
#2912=EDGE_CURVE('',#2281,#2279,#910,.T.);
#2913=EDGE_CURVE('',#2281,#2282,#911,.T.);
#2914=EDGE_CURVE('',#2282,#2280,#912,.T.);
#2915=EDGE_CURVE('',#2254,#2281,#1837,.T.);
#2916=EDGE_CURVE('',#2256,#2282,#1838,.T.);
#2917=EDGE_CURVE('',#2283,#2284,#1839,.T.);
#2918=EDGE_CURVE('',#2283,#2285,#913,.T.);
#2919=EDGE_CURVE('',#2285,#2286,#1840,.T.);
#2920=EDGE_CURVE('',#2284,#2286,#914,.T.);
#2921=EDGE_CURVE('',#2287,#2283,#1841,.T.);
#2922=EDGE_CURVE('',#2287,#2288,#915,.T.);
#2923=EDGE_CURVE('',#2288,#2285,#1842,.T.);
#2924=EDGE_CURVE('',#2289,#2287,#1843,.T.);
#2925=EDGE_CURVE('',#2289,#2290,#916,.T.);
#2926=EDGE_CURVE('',#2290,#2288,#1844,.T.);
#2927=EDGE_CURVE('',#2291,#2289,#1845,.T.);
#2928=EDGE_CURVE('',#2291,#2292,#917,.T.);
#2929=EDGE_CURVE('',#2292,#2290,#1846,.T.);
#2930=EDGE_CURVE('',#2293,#2291,#1847,.T.);
#2931=EDGE_CURVE('',#2293,#2294,#918,.T.);
#2932=EDGE_CURVE('',#2294,#2292,#1848,.T.);
#2933=EDGE_CURVE('',#2295,#2293,#1849,.T.);
#2934=EDGE_CURVE('',#2295,#2296,#919,.T.);
#2935=EDGE_CURVE('',#2296,#2294,#1850,.T.);
#2936=EDGE_CURVE('',#2297,#2295,#1851,.T.);
#2937=EDGE_CURVE('',#2297,#2298,#920,.T.);
#2938=EDGE_CURVE('',#2298,#2296,#1852,.T.);
#2939=EDGE_CURVE('',#2299,#2297,#1853,.T.);
#2940=EDGE_CURVE('',#2299,#2300,#921,.T.);
#2941=EDGE_CURVE('',#2300,#2298,#1854,.T.);
#2942=EDGE_CURVE('',#2301,#2299,#1855,.T.);
#2943=EDGE_CURVE('',#2301,#2302,#922,.T.);
#2944=EDGE_CURVE('',#2302,#2300,#1856,.T.);
#2945=EDGE_CURVE('',#2303,#2301,#1857,.T.);
#2946=EDGE_CURVE('',#2303,#2304,#923,.T.);
#2947=EDGE_CURVE('',#2304,#2302,#1858,.T.);
#2948=EDGE_CURVE('',#2305,#2303,#1859,.T.);
#2949=EDGE_CURVE('',#2305,#2306,#924,.T.);
#2950=EDGE_CURVE('',#2306,#2304,#1860,.T.);
#2951=EDGE_CURVE('',#2307,#2305,#1861,.T.);
#2952=EDGE_CURVE('',#2307,#2308,#925,.T.);
#2953=EDGE_CURVE('',#2308,#2306,#1862,.T.);
#2954=EDGE_CURVE('',#2309,#2307,#1863,.T.);
#2955=EDGE_CURVE('',#2309,#2310,#926,.T.);
#2956=EDGE_CURVE('',#2310,#2308,#1864,.T.);
#2957=EDGE_CURVE('',#2311,#2309,#1865,.T.);
#2958=EDGE_CURVE('',#2311,#2312,#927,.T.);
#2959=EDGE_CURVE('',#2312,#2310,#1866,.T.);
#2960=EDGE_CURVE('',#2313,#2311,#928,.T.);
#2961=EDGE_CURVE('',#2313,#2314,#929,.T.);
#2962=EDGE_CURVE('',#2314,#2312,#930,.T.);
#2963=EDGE_CURVE('',#2315,#2313,#1867,.T.);
#2964=EDGE_CURVE('',#2315,#2316,#931,.T.);
#2965=EDGE_CURVE('',#2316,#2314,#1868,.T.);
#2966=EDGE_CURVE('',#2317,#2315,#1869,.T.);
#2967=EDGE_CURVE('',#2317,#2318,#932,.T.);
#2968=EDGE_CURVE('',#2318,#2316,#1870,.T.);
#2969=EDGE_CURVE('',#2319,#2317,#1871,.T.);
#2970=EDGE_CURVE('',#2319,#2320,#933,.T.);
#2971=EDGE_CURVE('',#2320,#2318,#1872,.T.);
#2972=EDGE_CURVE('',#2321,#2319,#1873,.T.);
#2973=EDGE_CURVE('',#2321,#2322,#934,.T.);
#2974=EDGE_CURVE('',#2322,#2320,#1874,.T.);
#2975=EDGE_CURVE('',#2323,#2321,#1875,.T.);
#2976=EDGE_CURVE('',#2323,#2324,#935,.T.);
#2977=EDGE_CURVE('',#2324,#2322,#1876,.T.);
#2978=EDGE_CURVE('',#2325,#2323,#1877,.T.);
#2979=EDGE_CURVE('',#2325,#2326,#936,.T.);
#2980=EDGE_CURVE('',#2326,#2324,#1878,.T.);
#2981=EDGE_CURVE('',#2327,#2325,#1879,.T.);
#2982=EDGE_CURVE('',#2327,#2328,#937,.T.);
#2983=EDGE_CURVE('',#2328,#2326,#1880,.T.);
#2984=EDGE_CURVE('',#2329,#2327,#1881,.T.);
#2985=EDGE_CURVE('',#2329,#2330,#938,.T.);
#2986=EDGE_CURVE('',#2330,#2328,#1882,.T.);
#2987=EDGE_CURVE('',#2331,#2329,#1883,.T.);
#2988=EDGE_CURVE('',#2331,#2332,#939,.T.);
#2989=EDGE_CURVE('',#2332,#2330,#1884,.T.);
#2990=EDGE_CURVE('',#2333,#2331,#1885,.T.);
#2991=EDGE_CURVE('',#2333,#2334,#940,.T.);
#2992=EDGE_CURVE('',#2334,#2332,#1886,.T.);
#2993=EDGE_CURVE('',#2335,#2333,#1887,.T.);
#2994=EDGE_CURVE('',#2335,#2336,#941,.T.);
#2995=EDGE_CURVE('',#2336,#2334,#1888,.T.);
#2996=EDGE_CURVE('',#2337,#2335,#1889,.T.);
#2997=EDGE_CURVE('',#2337,#2338,#942,.T.);
#2998=EDGE_CURVE('',#2338,#2336,#1890,.T.);
#2999=EDGE_CURVE('',#2339,#2337,#1891,.T.);
#3000=EDGE_CURVE('',#2339,#2340,#943,.T.);
#3001=EDGE_CURVE('',#2340,#2338,#1892,.T.);
#3002=EDGE_CURVE('',#2341,#2339,#1893,.T.);
#3003=EDGE_CURVE('',#2341,#2342,#944,.T.);
#3004=EDGE_CURVE('',#2342,#2340,#1894,.T.);
#3005=EDGE_CURVE('',#2343,#2341,#1895,.T.);
#3006=EDGE_CURVE('',#2343,#2344,#945,.T.);
#3007=EDGE_CURVE('',#2344,#2342,#1896,.T.);
#3008=EDGE_CURVE('',#2345,#2343,#1897,.T.);
#3009=EDGE_CURVE('',#2345,#2346,#946,.T.);
#3010=EDGE_CURVE('',#2346,#2344,#1898,.T.);
#3011=EDGE_CURVE('',#2347,#2345,#947,.T.);
#3012=EDGE_CURVE('',#2347,#2348,#948,.T.);
#3013=EDGE_CURVE('',#2348,#2346,#949,.T.);
#3014=EDGE_CURVE('',#2284,#2347,#1899,.T.);
#3015=EDGE_CURVE('',#2286,#2348,#1900,.T.);
#3016=EDGE_CURVE('',#2349,#2350,#1901,.T.);
#3017=EDGE_CURVE('',#2349,#2351,#950,.T.);
#3018=EDGE_CURVE('',#2351,#2352,#1902,.T.);
#3019=EDGE_CURVE('',#2350,#2352,#951,.T.);
#3020=EDGE_CURVE('',#2353,#2349,#1903,.T.);
#3021=EDGE_CURVE('',#2353,#2354,#952,.T.);
#3022=EDGE_CURVE('',#2354,#2351,#1904,.T.);
#3023=EDGE_CURVE('',#2355,#2353,#1905,.T.);
#3024=EDGE_CURVE('',#2355,#2356,#953,.T.);
#3025=EDGE_CURVE('',#2356,#2354,#1906,.T.);
#3026=EDGE_CURVE('',#2357,#2355,#1907,.T.);
#3027=EDGE_CURVE('',#2357,#2358,#954,.T.);
#3028=EDGE_CURVE('',#2358,#2356,#1908,.T.);
#3029=EDGE_CURVE('',#2359,#2357,#1909,.T.);
#3030=EDGE_CURVE('',#2359,#2360,#955,.T.);
#3031=EDGE_CURVE('',#2360,#2358,#1910,.T.);
#3032=EDGE_CURVE('',#2361,#2359,#1911,.T.);
#3033=EDGE_CURVE('',#2361,#2362,#956,.T.);
#3034=EDGE_CURVE('',#2362,#2360,#1912,.T.);
#3035=EDGE_CURVE('',#2363,#2361,#1913,.T.);
#3036=EDGE_CURVE('',#2363,#2364,#957,.T.);
#3037=EDGE_CURVE('',#2364,#2362,#1914,.T.);
#3038=EDGE_CURVE('',#2365,#2363,#1915,.T.);
#3039=EDGE_CURVE('',#2365,#2366,#958,.T.);
#3040=EDGE_CURVE('',#2366,#2364,#1916,.T.);
#3041=EDGE_CURVE('',#2367,#2365,#1917,.T.);
#3042=EDGE_CURVE('',#2367,#2368,#959,.T.);
#3043=EDGE_CURVE('',#2368,#2366,#1918,.T.);
#3044=EDGE_CURVE('',#2350,#2367,#960,.T.);
#3045=EDGE_CURVE('',#2352,#2368,#961,.T.);
#3046=EDGE_CURVE('',#2369,#2370,#962,.T.);
#3047=EDGE_CURVE('',#2369,#2371,#963,.T.);
#3048=EDGE_CURVE('',#2371,#2372,#964,.T.);
#3049=EDGE_CURVE('',#2370,#2372,#965,.T.);
#3050=EDGE_CURVE('',#2373,#2369,#1919,.T.);
#3051=EDGE_CURVE('',#2373,#2374,#966,.T.);
#3052=EDGE_CURVE('',#2374,#2371,#1920,.T.);
#3053=EDGE_CURVE('',#2375,#2373,#1921,.T.);
#3054=EDGE_CURVE('',#2375,#2376,#967,.T.);
#3055=EDGE_CURVE('',#2376,#2374,#1922,.T.);
#3056=EDGE_CURVE('',#2377,#2375,#968,.T.);
#3057=EDGE_CURVE('',#2377,#2378,#969,.T.);
#3058=EDGE_CURVE('',#2378,#2376,#970,.T.);
#3059=EDGE_CURVE('',#2379,#2377,#1923,.T.);
#3060=EDGE_CURVE('',#2379,#2380,#971,.T.);
#3061=EDGE_CURVE('',#2380,#2378,#1924,.T.);
#3062=EDGE_CURVE('',#2381,#2379,#1925,.T.);
#3063=EDGE_CURVE('',#2381,#2382,#972,.T.);
#3064=EDGE_CURVE('',#2382,#2380,#1926,.T.);
#3065=EDGE_CURVE('',#2383,#2381,#1927,.T.);
#3066=EDGE_CURVE('',#2383,#2384,#973,.T.);
#3067=EDGE_CURVE('',#2384,#2382,#1928,.T.);
#3068=EDGE_CURVE('',#2385,#2383,#1929,.T.);
#3069=EDGE_CURVE('',#2385,#2386,#974,.T.);
#3070=EDGE_CURVE('',#2386,#2384,#1930,.T.);
#3071=EDGE_CURVE('',#2387,#2385,#1931,.T.);
#3072=EDGE_CURVE('',#2387,#2388,#975,.T.);
#3073=EDGE_CURVE('',#2388,#2386,#1932,.T.);
#3074=EDGE_CURVE('',#2389,#2387,#1933,.T.);
#3075=EDGE_CURVE('',#2389,#2390,#976,.T.);
#3076=EDGE_CURVE('',#2390,#2388,#1934,.T.);
#3077=EDGE_CURVE('',#2391,#2389,#1935,.T.);
#3078=EDGE_CURVE('',#2391,#2392,#977,.T.);
#3079=EDGE_CURVE('',#2392,#2390,#1936,.T.);
#3080=EDGE_CURVE('',#2393,#2391,#978,.T.);
#3081=EDGE_CURVE('',#2393,#2394,#979,.T.);
#3082=EDGE_CURVE('',#2394,#2392,#980,.T.);
#3083=EDGE_CURVE('',#2395,#2393,#1937,.T.);
#3084=EDGE_CURVE('',#2395,#2396,#981,.T.);
#3085=EDGE_CURVE('',#2396,#2394,#1938,.T.);
#3086=EDGE_CURVE('',#2397,#2395,#1939,.T.);
#3087=EDGE_CURVE('',#2397,#2398,#982,.T.);
#3088=EDGE_CURVE('',#2398,#2396,#1940,.T.);
#3089=EDGE_CURVE('',#2399,#2397,#1941,.T.);
#3090=EDGE_CURVE('',#2399,#2400,#983,.T.);
#3091=EDGE_CURVE('',#2400,#2398,#1942,.T.);
#3092=EDGE_CURVE('',#2401,#2399,#1943,.T.);
#3093=EDGE_CURVE('',#2401,#2402,#984,.T.);
#3094=EDGE_CURVE('',#2402,#2400,#1944,.T.);
#3095=EDGE_CURVE('',#2403,#2401,#1945,.T.);
#3096=EDGE_CURVE('',#2403,#2404,#985,.T.);
#3097=EDGE_CURVE('',#2404,#2402,#1946,.T.);
#3098=EDGE_CURVE('',#2405,#2403,#1947,.T.);
#3099=EDGE_CURVE('',#2405,#2406,#986,.T.);
#3100=EDGE_CURVE('',#2406,#2404,#1948,.T.);
#3101=EDGE_CURVE('',#2407,#2405,#1949,.T.);
#3102=EDGE_CURVE('',#2407,#2408,#987,.T.);
#3103=EDGE_CURVE('',#2408,#2406,#1950,.T.);
#3104=EDGE_CURVE('',#2409,#2407,#1951,.T.);
#3105=EDGE_CURVE('',#2409,#2410,#988,.T.);
#3106=EDGE_CURVE('',#2410,#2408,#1952,.T.);
#3107=EDGE_CURVE('',#2411,#2409,#1953,.T.);
#3108=EDGE_CURVE('',#2411,#2412,#989,.T.);
#3109=EDGE_CURVE('',#2412,#2410,#1954,.T.);
#3110=EDGE_CURVE('',#2413,#2411,#1955,.T.);
#3111=EDGE_CURVE('',#2413,#2414,#990,.T.);
#3112=EDGE_CURVE('',#2414,#2412,#1956,.T.);
#3113=EDGE_CURVE('',#2415,#2413,#1957,.T.);
#3114=EDGE_CURVE('',#2415,#2416,#991,.T.);
#3115=EDGE_CURVE('',#2416,#2414,#1958,.T.);
#3116=EDGE_CURVE('',#2417,#2415,#1959,.T.);
#3117=EDGE_CURVE('',#2417,#2418,#992,.T.);
#3118=EDGE_CURVE('',#2418,#2416,#1960,.T.);
#3119=EDGE_CURVE('',#2419,#2417,#1961,.T.);
#3120=EDGE_CURVE('',#2419,#2420,#993,.T.);
#3121=EDGE_CURVE('',#2420,#2418,#1962,.T.);
#3122=EDGE_CURVE('',#2421,#2419,#1963,.T.);
#3123=EDGE_CURVE('',#2421,#2422,#994,.T.);
#3124=EDGE_CURVE('',#2422,#2420,#1964,.T.);
#3125=EDGE_CURVE('',#2370,#2421,#1965,.T.);
#3126=EDGE_CURVE('',#2372,#2422,#1966,.T.);
#3127=EDGE_CURVE('',#2423,#2424,#1967,.T.);
#3128=EDGE_CURVE('',#2423,#2425,#995,.T.);
#3129=EDGE_CURVE('',#2425,#2426,#1968,.T.);
#3130=EDGE_CURVE('',#2424,#2426,#996,.T.);
#3131=EDGE_CURVE('',#2427,#2423,#1969,.T.);
#3132=EDGE_CURVE('',#2427,#2428,#997,.T.);
#3133=EDGE_CURVE('',#2428,#2425,#1970,.T.);
#3134=EDGE_CURVE('',#2429,#2427,#1971,.T.);
#3135=EDGE_CURVE('',#2429,#2430,#998,.T.);
#3136=EDGE_CURVE('',#2430,#2428,#1972,.T.);
#3137=EDGE_CURVE('',#2431,#2429,#1973,.T.);
#3138=EDGE_CURVE('',#2431,#2432,#999,.T.);
#3139=EDGE_CURVE('',#2432,#2430,#1974,.T.);
#3140=EDGE_CURVE('',#2433,#2431,#1975,.T.);
#3141=EDGE_CURVE('',#2433,#2434,#1000,.T.);
#3142=EDGE_CURVE('',#2434,#2432,#1976,.T.);
#3143=EDGE_CURVE('',#2435,#2433,#1977,.T.);
#3144=EDGE_CURVE('',#2435,#2436,#1001,.T.);
#3145=EDGE_CURVE('',#2436,#2434,#1978,.T.);
#3146=EDGE_CURVE('',#2437,#2435,#1979,.T.);
#3147=EDGE_CURVE('',#2437,#2438,#1002,.T.);
#3148=EDGE_CURVE('',#2438,#2436,#1980,.T.);
#3149=EDGE_CURVE('',#2439,#2437,#1003,.T.);
#3150=EDGE_CURVE('',#2439,#2440,#1004,.T.);
#3151=EDGE_CURVE('',#2440,#2438,#1005,.T.);
#3152=EDGE_CURVE('',#2441,#2439,#1981,.T.);
#3153=EDGE_CURVE('',#2441,#2442,#1006,.T.);
#3154=EDGE_CURVE('',#2442,#2440,#1982,.T.);
#3155=EDGE_CURVE('',#2443,#2441,#1983,.T.);
#3156=EDGE_CURVE('',#2443,#2444,#1007,.T.);
#3157=EDGE_CURVE('',#2444,#2442,#1984,.T.);
#3158=EDGE_CURVE('',#2445,#2443,#1985,.T.);
#3159=EDGE_CURVE('',#2445,#2446,#1008,.T.);
#3160=EDGE_CURVE('',#2446,#2444,#1986,.T.);
#3161=EDGE_CURVE('',#2447,#2445,#1987,.T.);
#3162=EDGE_CURVE('',#2447,#2448,#1009,.T.);
#3163=EDGE_CURVE('',#2448,#2446,#1988,.T.);
#3164=EDGE_CURVE('',#2449,#2447,#1989,.T.);
#3165=EDGE_CURVE('',#2449,#2450,#1010,.T.);
#3166=EDGE_CURVE('',#2450,#2448,#1990,.T.);
#3167=EDGE_CURVE('',#2451,#2449,#1991,.T.);
#3168=EDGE_CURVE('',#2451,#2452,#1011,.T.);
#3169=EDGE_CURVE('',#2452,#2450,#1992,.T.);
#3170=EDGE_CURVE('',#2453,#2451,#1993,.T.);
#3171=EDGE_CURVE('',#2453,#2454,#1012,.T.);
#3172=EDGE_CURVE('',#2454,#2452,#1994,.T.);
#3173=EDGE_CURVE('',#2455,#2453,#1995,.T.);
#3174=EDGE_CURVE('',#2455,#2456,#1013,.T.);
#3175=EDGE_CURVE('',#2456,#2454,#1996,.T.);
#3176=EDGE_CURVE('',#2457,#2455,#1997,.T.);
#3177=EDGE_CURVE('',#2457,#2458,#1014,.T.);
#3178=EDGE_CURVE('',#2458,#2456,#1998,.T.);
#3179=EDGE_CURVE('',#2459,#2457,#1015,.T.);
#3180=EDGE_CURVE('',#2459,#2460,#1016,.T.);
#3181=EDGE_CURVE('',#2460,#2458,#1017,.T.);
#3182=EDGE_CURVE('',#2424,#2459,#1999,.T.);
#3183=EDGE_CURVE('',#2426,#2460,#2000,.T.);
#3184=EDGE_CURVE('',#2461,#2462,#2001,.T.);
#3185=EDGE_CURVE('',#2461,#2463,#1018,.T.);
#3186=EDGE_CURVE('',#2463,#2464,#2002,.T.);
#3187=EDGE_CURVE('',#2462,#2464,#1019,.T.);
#3188=EDGE_CURVE('',#2465,#2461,#2003,.T.);
#3189=EDGE_CURVE('',#2465,#2466,#1020,.T.);
#3190=EDGE_CURVE('',#2466,#2463,#2004,.T.);
#3191=EDGE_CURVE('',#2467,#2465,#2005,.T.);
#3192=EDGE_CURVE('',#2467,#2468,#1021,.T.);
#3193=EDGE_CURVE('',#2468,#2466,#2006,.T.);
#3194=EDGE_CURVE('',#2469,#2467,#2007,.T.);
#3195=EDGE_CURVE('',#2469,#2470,#1022,.T.);
#3196=EDGE_CURVE('',#2470,#2468,#2008,.T.);
#3197=EDGE_CURVE('',#2471,#2469,#2009,.T.);
#3198=EDGE_CURVE('',#2471,#2472,#1023,.T.);
#3199=EDGE_CURVE('',#2472,#2470,#2010,.T.);
#3200=EDGE_CURVE('',#2473,#2471,#2011,.T.);
#3201=EDGE_CURVE('',#2473,#2474,#1024,.T.);
#3202=EDGE_CURVE('',#2474,#2472,#2012,.T.);
#3203=EDGE_CURVE('',#2475,#2473,#2013,.T.);
#3204=EDGE_CURVE('',#2475,#2476,#1025,.T.);
#3205=EDGE_CURVE('',#2476,#2474,#2014,.T.);
#3206=EDGE_CURVE('',#2462,#2475,#2015,.T.);
#3207=EDGE_CURVE('',#2464,#2476,#2016,.T.);
#3208=EDGE_CURVE('',#2477,#2478,#2017,.T.);
#3209=EDGE_CURVE('',#2477,#2479,#1026,.T.);
#3210=EDGE_CURVE('',#2479,#2480,#2018,.T.);
#3211=EDGE_CURVE('',#2478,#2480,#1027,.T.);
#3212=EDGE_CURVE('',#2481,#2477,#2019,.T.);
#3213=EDGE_CURVE('',#2481,#2482,#1028,.T.);
#3214=EDGE_CURVE('',#2482,#2479,#2020,.T.);
#3215=EDGE_CURVE('',#2483,#2481,#2021,.T.);
#3216=EDGE_CURVE('',#2483,#2484,#1029,.T.);
#3217=EDGE_CURVE('',#2484,#2482,#2022,.T.);
#3218=EDGE_CURVE('',#2485,#2483,#2023,.T.);
#3219=EDGE_CURVE('',#2485,#2486,#1030,.T.);
#3220=EDGE_CURVE('',#2486,#2484,#2024,.T.);
#3221=EDGE_CURVE('',#2487,#2485,#2025,.T.);
#3222=EDGE_CURVE('',#2487,#2488,#1031,.T.);
#3223=EDGE_CURVE('',#2488,#2486,#2026,.T.);
#3224=EDGE_CURVE('',#2489,#2487,#2027,.T.);
#3225=EDGE_CURVE('',#2489,#2490,#1032,.T.);
#3226=EDGE_CURVE('',#2490,#2488,#2028,.T.);
#3227=EDGE_CURVE('',#2491,#2489,#2029,.T.);
#3228=EDGE_CURVE('',#2491,#2492,#1033,.T.);
#3229=EDGE_CURVE('',#2492,#2490,#2030,.T.);
#3230=EDGE_CURVE('',#2493,#2491,#2031,.T.);
#3231=EDGE_CURVE('',#2493,#2494,#1034,.T.);
#3232=EDGE_CURVE('',#2494,#2492,#2032,.T.);
#3233=EDGE_CURVE('',#2478,#2493,#2033,.T.);
#3234=EDGE_CURVE('',#2480,#2494,#2034,.T.);
#3235=EDGE_CURVE('',#2495,#2496,#2035,.T.);
#3236=EDGE_CURVE('',#2495,#2497,#1035,.T.);
#3237=EDGE_CURVE('',#2497,#2498,#2036,.T.);
#3238=EDGE_CURVE('',#2496,#2498,#1036,.T.);
#3239=EDGE_CURVE('',#2499,#2495,#2037,.T.);
#3240=EDGE_CURVE('',#2499,#2500,#1037,.T.);
#3241=EDGE_CURVE('',#2500,#2497,#2038,.T.);
#3242=EDGE_CURVE('',#2501,#2499,#2039,.T.);
#3243=EDGE_CURVE('',#2501,#2502,#1038,.T.);
#3244=EDGE_CURVE('',#2502,#2500,#2040,.T.);
#3245=EDGE_CURVE('',#2503,#2501,#2041,.T.);
#3246=EDGE_CURVE('',#2503,#2504,#1039,.T.);
#3247=EDGE_CURVE('',#2504,#2502,#2042,.T.);
#3248=EDGE_CURVE('',#2505,#2503,#2043,.T.);
#3249=EDGE_CURVE('',#2505,#2506,#1040,.T.);
#3250=EDGE_CURVE('',#2506,#2504,#2044,.T.);
#3251=EDGE_CURVE('',#2507,#2505,#2045,.T.);
#3252=EDGE_CURVE('',#2507,#2508,#1041,.T.);
#3253=EDGE_CURVE('',#2508,#2506,#2046,.T.);
#3254=EDGE_CURVE('',#2509,#2507,#2047,.T.);
#3255=EDGE_CURVE('',#2509,#2510,#1042,.T.);
#3256=EDGE_CURVE('',#2510,#2508,#2048,.T.);
#3257=EDGE_CURVE('',#2511,#2509,#2049,.T.);
#3258=EDGE_CURVE('',#2511,#2512,#1043,.T.);
#3259=EDGE_CURVE('',#2512,#2510,#2050,.T.);
#3260=EDGE_CURVE('',#2513,#2511,#2051,.T.);
#3261=EDGE_CURVE('',#2513,#2514,#1044,.T.);
#3262=EDGE_CURVE('',#2514,#2512,#2052,.T.);
#3263=EDGE_CURVE('',#2496,#2513,#1045,.T.);
#3264=EDGE_CURVE('',#2498,#2514,#1046,.T.);
#3265=EDGE_CURVE('',#2515,#2516,#1047,.T.);
#3266=EDGE_CURVE('',#2515,#2517,#1048,.T.);
#3267=EDGE_CURVE('',#2517,#2518,#1049,.T.);
#3268=EDGE_CURVE('',#2516,#2518,#1050,.T.);
#3269=EDGE_CURVE('',#2519,#2515,#2053,.T.);
#3270=EDGE_CURVE('',#2519,#2520,#1051,.T.);
#3271=EDGE_CURVE('',#2520,#2517,#2054,.T.);
#3272=EDGE_CURVE('',#2521,#2519,#2055,.T.);
#3273=EDGE_CURVE('',#2521,#2522,#1052,.T.);
#3274=EDGE_CURVE('',#2522,#2520,#2056,.T.);
#3275=EDGE_CURVE('',#2523,#2521,#1053,.T.);
#3276=EDGE_CURVE('',#2523,#2524,#1054,.T.);
#3277=EDGE_CURVE('',#2524,#2522,#1055,.T.);
#3278=EDGE_CURVE('',#2525,#2523,#2057,.T.);
#3279=EDGE_CURVE('',#2525,#2526,#1056,.T.);
#3280=EDGE_CURVE('',#2526,#2524,#2058,.T.);
#3281=EDGE_CURVE('',#2527,#2525,#2059,.T.);
#3282=EDGE_CURVE('',#2527,#2528,#1057,.T.);
#3283=EDGE_CURVE('',#2528,#2526,#2060,.T.);
#3284=EDGE_CURVE('',#2529,#2527,#2061,.T.);
#3285=EDGE_CURVE('',#2529,#2530,#1058,.T.);
#3286=EDGE_CURVE('',#2530,#2528,#2062,.T.);
#3287=EDGE_CURVE('',#2531,#2529,#2063,.T.);
#3288=EDGE_CURVE('',#2531,#2532,#1059,.T.);
#3289=EDGE_CURVE('',#2532,#2530,#2064,.T.);
#3290=EDGE_CURVE('',#2533,#2531,#2065,.T.);
#3291=EDGE_CURVE('',#2533,#2534,#1060,.T.);
#3292=EDGE_CURVE('',#2534,#2532,#2066,.T.);
#3293=EDGE_CURVE('',#2535,#2533,#2067,.T.);
#3294=EDGE_CURVE('',#2535,#2536,#1061,.T.);
#3295=EDGE_CURVE('',#2536,#2534,#2068,.T.);
#3296=EDGE_CURVE('',#2537,#2535,#2069,.T.);
#3297=EDGE_CURVE('',#2537,#2538,#1062,.T.);
#3298=EDGE_CURVE('',#2538,#2536,#2070,.T.);
#3299=EDGE_CURVE('',#2539,#2537,#1063,.T.);
#3300=EDGE_CURVE('',#2539,#2540,#1064,.T.);
#3301=EDGE_CURVE('',#2540,#2538,#1065,.T.);
#3302=EDGE_CURVE('',#2541,#2539,#2071,.T.);
#3303=EDGE_CURVE('',#2541,#2542,#1066,.T.);
#3304=EDGE_CURVE('',#2542,#2540,#2072,.T.);
#3305=EDGE_CURVE('',#2543,#2541,#2073,.T.);
#3306=EDGE_CURVE('',#2543,#2544,#1067,.T.);
#3307=EDGE_CURVE('',#2544,#2542,#2074,.T.);
#3308=EDGE_CURVE('',#2545,#2543,#2075,.T.);
#3309=EDGE_CURVE('',#2545,#2546,#1068,.T.);
#3310=EDGE_CURVE('',#2546,#2544,#2076,.T.);
#3311=EDGE_CURVE('',#2547,#2545,#2077,.T.);
#3312=EDGE_CURVE('',#2547,#2548,#1069,.T.);
#3313=EDGE_CURVE('',#2548,#2546,#2078,.T.);
#3314=EDGE_CURVE('',#2549,#2547,#2079,.T.);
#3315=EDGE_CURVE('',#2549,#2550,#1070,.T.);
#3316=EDGE_CURVE('',#2550,#2548,#2080,.T.);
#3317=EDGE_CURVE('',#2551,#2549,#2081,.T.);
#3318=EDGE_CURVE('',#2551,#2552,#1071,.T.);
#3319=EDGE_CURVE('',#2552,#2550,#2082,.T.);
#3320=EDGE_CURVE('',#2553,#2551,#2083,.T.);
#3321=EDGE_CURVE('',#2553,#2554,#1072,.T.);
#3322=EDGE_CURVE('',#2554,#2552,#2084,.T.);
#3323=EDGE_CURVE('',#2555,#2553,#2085,.T.);
#3324=EDGE_CURVE('',#2555,#2556,#1073,.T.);
#3325=EDGE_CURVE('',#2556,#2554,#2086,.T.);
#3326=EDGE_CURVE('',#2557,#2555,#2087,.T.);
#3327=EDGE_CURVE('',#2557,#2558,#1074,.T.);
#3328=EDGE_CURVE('',#2558,#2556,#2088,.T.);
#3329=EDGE_CURVE('',#2559,#2557,#2089,.T.);
#3330=EDGE_CURVE('',#2559,#2560,#1075,.T.);
#3331=EDGE_CURVE('',#2560,#2558,#2090,.T.);
#3332=EDGE_CURVE('',#2561,#2559,#2091,.T.);
#3333=EDGE_CURVE('',#2561,#2562,#1076,.T.);
#3334=EDGE_CURVE('',#2562,#2560,#2092,.T.);
#3335=EDGE_CURVE('',#2563,#2561,#2093,.T.);
#3336=EDGE_CURVE('',#2563,#2564,#1077,.T.);
#3337=EDGE_CURVE('',#2564,#2562,#2094,.T.);
#3338=EDGE_CURVE('',#2565,#2563,#2095,.T.);
#3339=EDGE_CURVE('',#2565,#2566,#1078,.T.);
#3340=EDGE_CURVE('',#2566,#2564,#2096,.T.);
#3341=EDGE_CURVE('',#2567,#2565,#2097,.T.);
#3342=EDGE_CURVE('',#2567,#2568,#1079,.T.);
#3343=EDGE_CURVE('',#2568,#2566,#2098,.T.);
#3344=EDGE_CURVE('',#2516,#2567,#2099,.T.);
#3345=EDGE_CURVE('',#2518,#2568,#2100,.T.);
#3346=EDGE_CURVE('',#2569,#2570,#1080,.T.);
#3347=EDGE_CURVE('',#2569,#2571,#1081,.T.);
#3348=EDGE_CURVE('',#2571,#2572,#1082,.T.);
#3349=EDGE_CURVE('',#2570,#2572,#1083,.T.);
#3350=EDGE_CURVE('',#2573,#2569,#2101,.T.);
#3351=EDGE_CURVE('',#2573,#2574,#1084,.T.);
#3352=EDGE_CURVE('',#2574,#2571,#2102,.T.);
#3353=EDGE_CURVE('',#2575,#2573,#2103,.T.);
#3354=EDGE_CURVE('',#2575,#2576,#1085,.T.);
#3355=EDGE_CURVE('',#2576,#2574,#2104,.T.);
#3356=EDGE_CURVE('',#2577,#2575,#2105,.T.);
#3357=EDGE_CURVE('',#2577,#2578,#1086,.T.);
#3358=EDGE_CURVE('',#2578,#2576,#2106,.T.);
#3359=EDGE_CURVE('',#2579,#2577,#2107,.T.);
#3360=EDGE_CURVE('',#2579,#2580,#1087,.T.);
#3361=EDGE_CURVE('',#2580,#2578,#2108,.T.);
#3362=EDGE_CURVE('',#2581,#2579,#2109,.T.);
#3363=EDGE_CURVE('',#2581,#2582,#1088,.T.);
#3364=EDGE_CURVE('',#2582,#2580,#2110,.T.);
#3365=EDGE_CURVE('',#2583,#2581,#1089,.T.);
#3366=EDGE_CURVE('',#2583,#2584,#1090,.T.);
#3367=EDGE_CURVE('',#2584,#2582,#1091,.T.);
#3368=EDGE_CURVE('',#2570,#2583,#1092,.T.);
#3369=EDGE_CURVE('',#2572,#2584,#1093,.T.);
#3370=EDGE_CURVE('',#2585,#2586,#1094,.T.);
#3371=EDGE_CURVE('',#2585,#2587,#1095,.T.);
#3372=EDGE_CURVE('',#2587,#2588,#1096,.T.);
#3373=EDGE_CURVE('',#2586,#2588,#1097,.T.);
#3374=EDGE_CURVE('',#2589,#2585,#1098,.T.);
#3375=EDGE_CURVE('',#2589,#2590,#1099,.T.);
#3376=EDGE_CURVE('',#2590,#2587,#1100,.T.);
#3377=EDGE_CURVE('',#2591,#2589,#2111,.T.);
#3378=EDGE_CURVE('',#2591,#2592,#1101,.T.);
#3379=EDGE_CURVE('',#2592,#2590,#2112,.T.);
#3380=EDGE_CURVE('',#2593,#2591,#2113,.T.);
#3381=EDGE_CURVE('',#2593,#2594,#1102,.T.);
#3382=EDGE_CURVE('',#2594,#2592,#2114,.T.);
#3383=EDGE_CURVE('',#2595,#2593,#2115,.T.);
#3384=EDGE_CURVE('',#2595,#2596,#1103,.T.);
#3385=EDGE_CURVE('',#2596,#2594,#2116,.T.);
#3386=EDGE_CURVE('',#2597,#2595,#2117,.T.);
#3387=EDGE_CURVE('',#2597,#2598,#1104,.T.);
#3388=EDGE_CURVE('',#2598,#2596,#2118,.T.);
#3389=EDGE_CURVE('',#2599,#2597,#2119,.T.);
#3390=EDGE_CURVE('',#2599,#2600,#1105,.T.);
#3391=EDGE_CURVE('',#2600,#2598,#2120,.T.);
#3392=EDGE_CURVE('',#2601,#2599,#2121,.T.);
#3393=EDGE_CURVE('',#2601,#2602,#1106,.T.);
#3394=EDGE_CURVE('',#2602,#2600,#2122,.T.);
#3395=EDGE_CURVE('',#2603,#2601,#1107,.T.);
#3396=EDGE_CURVE('',#2603,#2604,#1108,.T.);
#3397=EDGE_CURVE('',#2604,#2602,#1109,.T.);
#3398=EDGE_CURVE('',#2605,#2603,#1110,.T.);
#3399=EDGE_CURVE('',#2605,#2606,#1111,.T.);
#3400=EDGE_CURVE('',#2606,#2604,#1112,.T.);
#3401=EDGE_CURVE('',#2586,#2605,#1113,.T.);
#3402=EDGE_CURVE('',#2588,#2606,#1114,.T.);
#3403=EDGE_CURVE('',#2607,#2608,#1115,.T.);
#3404=EDGE_CURVE('',#2607,#2609,#1116,.T.);
#3405=EDGE_CURVE('',#2609,#2610,#1117,.T.);
#3406=EDGE_CURVE('',#2608,#2610,#1118,.T.);
#3407=EDGE_CURVE('',#2611,#2607,#2123,.T.);
#3408=EDGE_CURVE('',#2611,#2612,#1119,.T.);
#3409=EDGE_CURVE('',#2612,#2609,#2124,.T.);
#3410=EDGE_CURVE('',#2613,#2611,#2125,.T.);
#3411=EDGE_CURVE('',#2613,#2614,#1120,.T.);
#3412=EDGE_CURVE('',#2614,#2612,#2126,.T.);
#3413=EDGE_CURVE('',#2615,#2613,#2127,.T.);
#3414=EDGE_CURVE('',#2615,#2616,#1121,.T.);
#3415=EDGE_CURVE('',#2616,#2614,#2128,.T.);
#3416=EDGE_CURVE('',#2617,#2615,#2129,.T.);
#3417=EDGE_CURVE('',#2617,#2618,#1122,.T.);
#3418=EDGE_CURVE('',#2618,#2616,#2130,.T.);
#3419=EDGE_CURVE('',#2619,#2617,#1123,.T.);
#3420=EDGE_CURVE('',#2619,#2620,#1124,.T.);
#3421=EDGE_CURVE('',#2620,#2618,#1125,.T.);
#3422=EDGE_CURVE('',#2621,#2619,#2131,.T.);
#3423=EDGE_CURVE('',#2621,#2622,#1126,.T.);
#3424=EDGE_CURVE('',#2622,#2620,#2132,.T.);
#3425=EDGE_CURVE('',#2623,#2621,#2133,.T.);
#3426=EDGE_CURVE('',#2623,#2624,#1127,.T.);
#3427=EDGE_CURVE('',#2624,#2622,#2134,.T.);
#3428=EDGE_CURVE('',#2625,#2623,#2135,.T.);
#3429=EDGE_CURVE('',#2625,#2626,#1128,.T.);
#3430=EDGE_CURVE('',#2626,#2624,#2136,.T.);
#3431=EDGE_CURVE('',#2627,#2625,#1129,.T.);
#3432=EDGE_CURVE('',#2627,#2628,#1130,.T.);
#3433=EDGE_CURVE('',#2628,#2626,#1131,.T.);
#3434=EDGE_CURVE('',#2629,#2627,#1132,.T.);
#3435=EDGE_CURVE('',#2629,#2630,#1133,.T.);
#3436=EDGE_CURVE('',#2630,#2628,#1134,.T.);
#3437=EDGE_CURVE('',#2631,#2629,#1135,.T.);
#3438=EDGE_CURVE('',#2631,#2632,#1136,.T.);
#3439=EDGE_CURVE('',#2632,#2630,#1137,.T.);
#3440=EDGE_CURVE('',#2608,#2631,#1138,.T.);
#3441=EDGE_CURVE('',#2610,#2632,#1139,.T.);
#3442=EDGE_CURVE('',#2633,#2634,#2137,.T.);
#3443=EDGE_CURVE('',#2633,#2635,#1140,.T.);
#3444=EDGE_CURVE('',#2635,#2636,#2138,.T.);
#3445=EDGE_CURVE('',#2634,#2636,#1141,.T.);
#3446=EDGE_CURVE('',#2637,#2633,#2139,.T.);
#3447=EDGE_CURVE('',#2637,#2638,#1142,.T.);
#3448=EDGE_CURVE('',#2638,#2635,#2140,.T.);
#3449=EDGE_CURVE('',#2639,#2637,#2141,.T.);
#3450=EDGE_CURVE('',#2639,#2640,#1143,.T.);
#3451=EDGE_CURVE('',#2640,#2638,#2142,.T.);
#3452=EDGE_CURVE('',#2641,#2639,#2143,.T.);
#3453=EDGE_CURVE('',#2641,#2642,#1144,.T.);
#3454=EDGE_CURVE('',#2642,#2640,#2144,.T.);
#3455=EDGE_CURVE('',#2643,#2641,#2145,.T.);
#3456=EDGE_CURVE('',#2643,#2644,#1145,.T.);
#3457=EDGE_CURVE('',#2644,#2642,#2146,.T.);
#3458=EDGE_CURVE('',#2645,#2643,#2147,.T.);
#3459=EDGE_CURVE('',#2645,#2646,#1146,.T.);
#3460=EDGE_CURVE('',#2646,#2644,#2148,.T.);
#3461=EDGE_CURVE('',#2647,#2645,#2149,.T.);
#3462=EDGE_CURVE('',#2647,#2648,#1147,.T.);
#3463=EDGE_CURVE('',#2648,#2646,#2150,.T.);
#3464=EDGE_CURVE('',#2634,#2647,#2151,.T.);
#3465=EDGE_CURVE('',#2636,#2648,#2152,.T.);
#3466=EDGE_CURVE('',#2649,#2650,#1148,.T.);
#3467=EDGE_CURVE('',#2649,#2651,#1149,.T.);
#3468=EDGE_CURVE('',#2651,#2652,#1150,.T.);
#3469=EDGE_CURVE('',#2650,#2652,#1151,.T.);
#3470=EDGE_CURVE('',#2653,#2649,#1152,.T.);
#3471=EDGE_CURVE('',#2653,#2654,#1153,.T.);
#3472=EDGE_CURVE('',#2654,#2651,#1154,.T.);
#3473=EDGE_CURVE('',#2655,#2653,#1155,.T.);
#3474=EDGE_CURVE('',#2655,#2656,#1156,.T.);
#3475=EDGE_CURVE('',#2656,#2654,#1157,.T.);
#3476=EDGE_CURVE('',#2657,#2655,#2153,.T.);
#3477=EDGE_CURVE('',#2657,#2658,#1158,.T.);
#3478=EDGE_CURVE('',#2658,#2656,#2154,.T.);
#3479=EDGE_CURVE('',#2659,#2657,#2155,.T.);
#3480=EDGE_CURVE('',#2659,#2660,#1159,.T.);
#3481=EDGE_CURVE('',#2660,#2658,#2156,.T.);
#3482=EDGE_CURVE('',#2661,#2659,#2157,.T.);
#3483=EDGE_CURVE('',#2661,#2662,#1160,.T.);
#3484=EDGE_CURVE('',#2662,#2660,#2158,.T.);
#3485=EDGE_CURVE('',#2663,#2661,#2159,.T.);
#3486=EDGE_CURVE('',#2663,#2664,#1161,.T.);
#3487=EDGE_CURVE('',#2664,#2662,#2160,.T.);
#3488=EDGE_CURVE('',#2665,#2663,#2161,.T.);
#3489=EDGE_CURVE('',#2665,#2666,#1162,.T.);
#3490=EDGE_CURVE('',#2666,#2664,#2162,.T.);
#3491=EDGE_CURVE('',#2667,#2665,#2163,.T.);
#3492=EDGE_CURVE('',#2667,#2668,#1163,.T.);
#3493=EDGE_CURVE('',#2668,#2666,#2164,.T.);
#3494=EDGE_CURVE('',#2669,#2667,#2165,.T.);
#3495=EDGE_CURVE('',#2669,#2670,#1164,.T.);
#3496=EDGE_CURVE('',#2670,#2668,#2166,.T.);
#3497=EDGE_CURVE('',#2671,#2669,#2167,.T.);
#3498=EDGE_CURVE('',#2671,#2672,#1165,.T.);
#3499=EDGE_CURVE('',#2672,#2670,#2168,.T.);
#3500=EDGE_CURVE('',#2673,#2671,#2169,.T.);
#3501=EDGE_CURVE('',#2673,#2674,#1166,.T.);
#3502=EDGE_CURVE('',#2674,#2672,#2170,.T.);
#3503=EDGE_CURVE('',#2675,#2673,#1167,.T.);
#3504=EDGE_CURVE('',#2675,#2676,#1168,.T.);
#3505=EDGE_CURVE('',#2676,#2674,#1169,.T.);
#3506=EDGE_CURVE('',#2650,#2675,#1170,.T.);
#3507=EDGE_CURVE('',#2652,#2676,#1171,.T.);
#3508=EDGE_CURVE('',#2677,#2678,#1172,.T.);
#3509=EDGE_CURVE('',#2677,#2679,#1173,.T.);
#3510=EDGE_CURVE('',#2679,#2680,#1174,.T.);
#3511=EDGE_CURVE('',#2678,#2680,#1175,.T.);
#3512=EDGE_CURVE('',#2681,#2677,#1176,.T.);
#3513=EDGE_CURVE('',#2681,#2682,#1177,.T.);
#3514=EDGE_CURVE('',#2682,#2679,#1178,.T.);
#3515=EDGE_CURVE('',#2683,#2681,#1179,.T.);
#3516=EDGE_CURVE('',#2683,#2684,#1180,.T.);
#3517=EDGE_CURVE('',#2684,#2682,#1181,.T.);
#3518=EDGE_CURVE('',#2685,#2683,#1182,.T.);
#3519=EDGE_CURVE('',#2685,#2686,#1183,.T.);
#3520=EDGE_CURVE('',#2686,#2684,#1184,.T.);
#3521=EDGE_CURVE('',#2687,#2685,#1185,.T.);
#3522=EDGE_CURVE('',#2687,#2688,#1186,.T.);
#3523=EDGE_CURVE('',#2688,#2686,#1187,.T.);
#3524=EDGE_CURVE('',#2689,#2687,#1188,.T.);
#3525=EDGE_CURVE('',#2689,#2690,#1189,.T.);
#3526=EDGE_CURVE('',#2690,#2688,#1190,.T.);
#3527=EDGE_CURVE('',#2691,#2689,#1191,.T.);
#3528=EDGE_CURVE('',#2691,#2692,#1192,.T.);
#3529=EDGE_CURVE('',#2692,#2690,#1193,.T.);
#3530=EDGE_CURVE('',#2693,#2691,#1194,.T.);
#3531=EDGE_CURVE('',#2693,#2694,#1195,.T.);
#3532=EDGE_CURVE('',#2694,#2692,#1196,.T.);
#3533=EDGE_CURVE('',#2695,#2693,#1197,.T.);
#3534=EDGE_CURVE('',#2695,#2696,#1198,.T.);
#3535=EDGE_CURVE('',#2696,#2694,#1199,.T.);
#3536=EDGE_CURVE('',#2697,#2695,#2171,.T.);
#3537=EDGE_CURVE('',#2697,#2698,#1200,.T.);
#3538=EDGE_CURVE('',#2698,#2696,#2172,.T.);
#3539=EDGE_CURVE('',#2699,#2697,#2173,.T.);
#3540=EDGE_CURVE('',#2699,#2700,#1201,.T.);
#3541=EDGE_CURVE('',#2700,#2698,#2174,.T.);
#3542=EDGE_CURVE('',#2701,#2699,#1202,.T.);
#3543=EDGE_CURVE('',#2701,#2702,#1203,.T.);
#3544=EDGE_CURVE('',#2702,#2700,#1204,.T.);
#3545=EDGE_CURVE('',#2703,#2701,#1205,.T.);
#3546=EDGE_CURVE('',#2703,#2704,#1206,.T.);
#3547=EDGE_CURVE('',#2704,#2702,#1207,.T.);
#3548=EDGE_CURVE('',#2705,#2703,#1208,.T.);
#3549=EDGE_CURVE('',#2705,#2706,#1209,.T.);
#3550=EDGE_CURVE('',#2706,#2704,#1210,.T.);
#3551=EDGE_CURVE('',#2678,#2705,#1211,.T.);
#3552=EDGE_CURVE('',#2680,#2706,#1212,.T.);
#3553=EDGE_CURVE('',#2707,#2708,#1213,.T.);
#3554=EDGE_CURVE('',#2707,#2709,#1214,.T.);
#3555=EDGE_CURVE('',#2709,#2710,#1215,.T.);
#3556=EDGE_CURVE('',#2708,#2710,#1216,.T.);
#3557=EDGE_CURVE('',#2711,#2707,#2175,.T.);
#3558=EDGE_CURVE('',#2711,#2712,#1217,.T.);
#3559=EDGE_CURVE('',#2712,#2709,#2176,.T.);
#3560=EDGE_CURVE('',#2713,#2711,#2177,.T.);
#3561=EDGE_CURVE('',#2713,#2714,#1218,.T.);
#3562=EDGE_CURVE('',#2714,#2712,#2178,.T.);
#3563=EDGE_CURVE('',#2715,#2713,#2179,.T.);
#3564=EDGE_CURVE('',#2715,#2716,#1219,.T.);
#3565=EDGE_CURVE('',#2716,#2714,#2180,.T.);
#3566=EDGE_CURVE('',#2717,#2715,#2181,.T.);
#3567=EDGE_CURVE('',#2717,#2718,#1220,.T.);
#3568=EDGE_CURVE('',#2718,#2716,#2182,.T.);
#3569=EDGE_CURVE('',#2719,#2717,#2183,.T.);
#3570=EDGE_CURVE('',#2719,#2720,#1221,.T.);
#3571=EDGE_CURVE('',#2720,#2718,#2184,.T.);
#3572=EDGE_CURVE('',#2721,#2719,#1222,.T.);
#3573=EDGE_CURVE('',#2721,#2722,#1223,.T.);
#3574=EDGE_CURVE('',#2722,#2720,#1224,.T.);
#3575=EDGE_CURVE('',#2723,#2721,#1225,.T.);
#3576=EDGE_CURVE('',#2723,#2724,#1226,.T.);
#3577=EDGE_CURVE('',#2724,#2722,#1227,.T.);
#3578=EDGE_CURVE('',#2725,#2723,#1228,.T.);
#3579=EDGE_CURVE('',#2725,#2726,#1229,.T.);
#3580=EDGE_CURVE('',#2726,#2724,#1230,.T.);
#3581=EDGE_CURVE('',#2727,#2725,#2185,.T.);
#3582=EDGE_CURVE('',#2727,#2728,#1231,.T.);
#3583=EDGE_CURVE('',#2728,#2726,#2186,.T.);
#3584=EDGE_CURVE('',#2729,#2727,#2187,.T.);
#3585=EDGE_CURVE('',#2729,#2730,#1232,.T.);
#3586=EDGE_CURVE('',#2730,#2728,#2188,.T.);
#3587=EDGE_CURVE('',#2731,#2729,#2189,.T.);
#3588=EDGE_CURVE('',#2731,#2732,#1233,.T.);
#3589=EDGE_CURVE('',#2732,#2730,#2190,.T.);
#3590=EDGE_CURVE('',#2733,#2731,#2191,.T.);
#3591=EDGE_CURVE('',#2733,#2734,#1234,.T.);
#3592=EDGE_CURVE('',#2734,#2732,#2192,.T.);
#3593=EDGE_CURVE('',#2735,#2733,#2193,.T.);
#3594=EDGE_CURVE('',#2735,#2736,#1235,.T.);
#3595=EDGE_CURVE('',#2736,#2734,#2194,.T.);
#3596=EDGE_CURVE('',#2737,#2735,#1236,.T.);
#3597=EDGE_CURVE('',#2737,#2738,#1237,.T.);
#3598=EDGE_CURVE('',#2738,#2736,#1238,.T.);
#3599=EDGE_CURVE('',#2739,#2737,#1239,.T.);
#3600=EDGE_CURVE('',#2739,#2740,#1240,.T.);
#3601=EDGE_CURVE('',#2740,#2738,#1241,.T.);
#3602=EDGE_CURVE('',#2741,#2739,#1242,.T.);
#3603=EDGE_CURVE('',#2741,#2742,#1243,.T.);
#3604=EDGE_CURVE('',#2742,#2740,#1244,.T.);
#3605=EDGE_CURVE('',#2708,#2741,#1245,.T.);
#3606=EDGE_CURVE('',#2710,#2742,#1246,.T.);
#3607=EDGE_CURVE('',#2743,#2744,#1247,.T.);
#3608=EDGE_CURVE('',#2743,#2745,#1248,.T.);
#3609=EDGE_CURVE('',#2745,#2746,#1249,.T.);
#3610=EDGE_CURVE('',#2744,#2746,#1250,.T.);
#3611=EDGE_CURVE('',#2747,#2743,#2195,.T.);
#3612=EDGE_CURVE('',#2747,#2748,#1251,.T.);
#3613=EDGE_CURVE('',#2748,#2745,#2196,.T.);
#3614=EDGE_CURVE('',#2749,#2747,#2197,.T.);
#3615=EDGE_CURVE('',#2749,#2750,#1252,.T.);
#3616=EDGE_CURVE('',#2750,#2748,#2198,.T.);
#3617=EDGE_CURVE('',#2751,#2749,#2199,.T.);
#3618=EDGE_CURVE('',#2751,#2752,#1253,.T.);
#3619=EDGE_CURVE('',#2752,#2750,#2200,.T.);
#3620=EDGE_CURVE('',#2753,#2751,#2201,.T.);
#3621=EDGE_CURVE('',#2753,#2754,#1254,.T.);
#3622=EDGE_CURVE('',#2754,#2752,#2202,.T.);
#3623=EDGE_CURVE('',#2755,#2753,#2203,.T.);
#3624=EDGE_CURVE('',#2755,#2756,#1255,.T.);
#3625=EDGE_CURVE('',#2756,#2754,#2204,.T.);
#3626=EDGE_CURVE('',#2757,#2755,#2205,.T.);
#3627=EDGE_CURVE('',#2757,#2758,#1256,.T.);
#3628=EDGE_CURVE('',#2758,#2756,#2206,.T.);
#3629=EDGE_CURVE('',#2759,#2757,#1257,.T.);
#3630=EDGE_CURVE('',#2759,#2760,#1258,.T.);
#3631=EDGE_CURVE('',#2760,#2758,#1259,.T.);
#3632=EDGE_CURVE('',#2744,#2759,#1260,.T.);
#3633=EDGE_CURVE('',#2746,#2760,#1261,.T.);
#3634=EDGE_CURVE('',#2761,#2762,#1262,.T.);
#3635=EDGE_CURVE('',#2761,#2763,#1263,.T.);
#3636=EDGE_CURVE('',#2763,#2764,#1264,.T.);
#3637=EDGE_CURVE('',#2762,#2764,#1265,.T.);
#3638=EDGE_CURVE('',#2765,#2761,#2207,.T.);
#3639=EDGE_CURVE('',#2765,#2766,#1266,.T.);
#3640=EDGE_CURVE('',#2766,#2763,#2208,.T.);
#3641=EDGE_CURVE('',#2767,#2765,#2209,.T.);
#3642=EDGE_CURVE('',#2767,#2768,#1267,.T.);
#3643=EDGE_CURVE('',#2768,#2766,#2210,.T.);
#3644=EDGE_CURVE('',#2769,#2767,#2211,.T.);
#3645=EDGE_CURVE('',#2769,#2770,#1268,.T.);
#3646=EDGE_CURVE('',#2770,#2768,#2212,.T.);
#3647=EDGE_CURVE('',#2771,#2769,#2213,.T.);
#3648=EDGE_CURVE('',#2771,#2772,#1269,.T.);
#3649=EDGE_CURVE('',#2772,#2770,#2214,.T.);
#3650=EDGE_CURVE('',#2773,#2771,#2215,.T.);
#3651=EDGE_CURVE('',#2773,#2774,#1270,.T.);
#3652=EDGE_CURVE('',#2774,#2772,#2216,.T.);
#3653=EDGE_CURVE('',#2775,#2773,#2217,.T.);
#3654=EDGE_CURVE('',#2775,#2776,#1271,.T.);
#3655=EDGE_CURVE('',#2776,#2774,#2218,.T.);
#3656=EDGE_CURVE('',#2777,#2775,#2219,.T.);
#3657=EDGE_CURVE('',#2777,#2778,#1272,.T.);
#3658=EDGE_CURVE('',#2778,#2776,#2220,.T.);
#3659=EDGE_CURVE('',#2779,#2777,#1273,.T.);
#3660=EDGE_CURVE('',#2779,#2780,#1274,.T.);
#3661=EDGE_CURVE('',#2780,#2778,#1275,.T.);
#3662=EDGE_CURVE('',#2762,#2779,#1276,.T.);
#3663=EDGE_CURVE('',#2764,#2780,#1277,.T.);
#3664=EDGE_CURVE('',#2781,#2782,#2221,.T.);
#3665=EDGE_CURVE('',#2781,#2783,#1278,.T.);
#3666=EDGE_CURVE('',#2783,#2784,#2222,.T.);
#3667=EDGE_CURVE('',#2782,#2784,#1279,.T.);
#3668=EDGE_CURVE('',#2785,#2781,#2223,.T.);
#3669=EDGE_CURVE('',#2785,#2786,#1280,.T.);
#3670=EDGE_CURVE('',#2786,#2783,#2224,.T.);
#3671=EDGE_CURVE('',#2787,#2785,#2225,.T.);
#3672=EDGE_CURVE('',#2787,#2788,#1281,.T.);
#3673=EDGE_CURVE('',#2788,#2786,#2226,.T.);
#3674=EDGE_CURVE('',#2789,#2787,#2227,.T.);
#3675=EDGE_CURVE('',#2789,#2790,#1282,.T.);
#3676=EDGE_CURVE('',#2790,#2788,#2228,.T.);
#3677=EDGE_CURVE('',#2791,#2789,#2229,.T.);
#3678=EDGE_CURVE('',#2791,#2792,#1283,.T.);
#3679=EDGE_CURVE('',#2792,#2790,#2230,.T.);
#3680=EDGE_CURVE('',#2793,#2791,#2231,.T.);
#3681=EDGE_CURVE('',#2793,#2794,#1284,.T.);
#3682=EDGE_CURVE('',#2794,#2792,#2232,.T.);
#3683=EDGE_CURVE('',#2795,#2793,#2233,.T.);
#3684=EDGE_CURVE('',#2795,#2796,#1285,.T.);
#3685=EDGE_CURVE('',#2796,#2794,#2234,.T.);
#3686=EDGE_CURVE('',#2797,#2795,#2235,.T.);
#3687=EDGE_CURVE('',#2797,#2798,#1286,.T.);
#3688=EDGE_CURVE('',#2798,#2796,#2236,.T.);
#3689=EDGE_CURVE('',#2799,#2797,#2237,.T.);
#3690=EDGE_CURVE('',#2799,#2800,#1287,.T.);
#3691=EDGE_CURVE('',#2800,#2798,#2238,.T.);
#3692=EDGE_CURVE('',#2801,#2799,#2239,.T.);
#3693=EDGE_CURVE('',#2801,#2802,#1288,.T.);
#3694=EDGE_CURVE('',#2802,#2800,#2240,.T.);
#3695=EDGE_CURVE('',#2803,#2801,#2241,.T.);
#3696=EDGE_CURVE('',#2803,#2804,#1289,.T.);
#3697=EDGE_CURVE('',#2804,#2802,#2242,.T.);
#3698=EDGE_CURVE('',#2805,#2803,#1290,.T.);
#3699=EDGE_CURVE('',#2805,#2806,#1291,.T.);
#3700=EDGE_CURVE('',#2806,#2804,#1292,.T.);
#3701=EDGE_CURVE('',#2807,#2805,#1293,.T.);
#3702=EDGE_CURVE('',#2807,#2808,#1294,.T.);
#3703=EDGE_CURVE('',#2808,#2806,#1295,.T.);
#3704=EDGE_CURVE('',#2782,#2807,#1296,.T.);
#3705=EDGE_CURVE('',#2784,#2808,#1297,.T.);
#3706=EDGE_CURVE('',#2809,#2810,#31,.T.);
#3707=EDGE_CURVE('',#2811,#2809,#1298,.T.);
#3708=EDGE_CURVE('',#2812,#2811,#32,.T.);
#3709=EDGE_CURVE('',#2813,#2812,#1299,.T.);
#3710=EDGE_CURVE('',#2814,#2813,#33,.T.);
#3711=EDGE_CURVE('',#2815,#2814,#1300,.T.);
#3712=EDGE_CURVE('',#2816,#2815,#34,.T.);
#3713=EDGE_CURVE('',#2810,#2816,#1301,.T.);
#3714=EDGE_CURVE('',#2817,#2817,#35,.T.);
#3715=EDGE_CURVE('',#2818,#2818,#36,.T.);
#3716=EDGE_CURVE('',#2819,#2819,#37,.T.);
#3717=EDGE_CURVE('',#2820,#2820,#38,.T.);
#3718=EDGE_CURVE('',#2821,#2822,#39,.T.);
#3719=EDGE_CURVE('',#2822,#2809,#1302,.T.);
#3720=EDGE_CURVE('',#2810,#2821,#1303,.T.);
#3721=EDGE_CURVE('',#2823,#2822,#1304,.T.);
#3722=EDGE_CURVE('',#2823,#2824,#1305,.T.);
#3723=EDGE_CURVE('',#2824,#2825,#1306,.T.);
#3724=EDGE_CURVE('',#2825,#2826,#1307,.T.);
#3725=EDGE_CURVE('',#2827,#2826,#1308,.T.);
#3726=EDGE_CURVE('',#2811,#2827,#1309,.T.);
#3727=EDGE_CURVE('',#2821,#2828,#1310,.T.);
#3728=EDGE_CURVE('',#2829,#2828,#40,.T.);
#3729=EDGE_CURVE('',#2829,#2830,#1311,.T.);
#3730=EDGE_CURVE('',#2831,#2830,#41,.T.);
#3731=EDGE_CURVE('',#2831,#2832,#1312,.T.);
#3732=EDGE_CURVE('',#2827,#2832,#42,.T.);
#3733=EDGE_CURVE('',#2826,#2833,#1313,.T.);
#3734=EDGE_CURVE('',#2833,#2834,#1314,.T.);
#3735=EDGE_CURVE('',#2834,#2835,#1315,.T.);
#3736=EDGE_CURVE('',#2835,#2836,#1316,.T.);
#3737=EDGE_CURVE('',#2836,#2837,#1317,.T.);
#3738=EDGE_CURVE('',#2837,#2838,#1318,.T.);
#3739=EDGE_CURVE('',#2838,#2823,#1319,.T.);
#3740=EDGE_CURVE('',#2839,#2839,#43,.T.);
#3741=EDGE_CURVE('',#2840,#2840,#44,.T.);
#3742=EDGE_CURVE('',#2841,#2841,#45,.T.);
#3743=EDGE_CURVE('',#2842,#2842,#46,.T.);
#3744=EDGE_CURVE('',#2832,#2812,#1320,.T.);
#3745=EDGE_CURVE('',#2813,#2831,#1321,.T.);
#3746=EDGE_CURVE('',#2830,#2814,#1322,.T.);
#3747=EDGE_CURVE('',#2815,#2829,#1323,.T.);
#3748=EDGE_CURVE('',#2828,#2816,#1324,.T.);
#3749=EDGE_CURVE('',#2825,#2843,#1325,.T.);
#3750=EDGE_CURVE('',#2833,#2843,#1326,.T.);
#3751=EDGE_CURVE('',#2844,#2838,#1327,.T.);
#3752=EDGE_CURVE('',#2844,#2824,#1328,.T.);
#3753=EDGE_CURVE('',#2843,#2844,#1329,.T.);
#3754=EDGE_CURVE('',#2845,#2837,#1330,.T.);
#3755=EDGE_CURVE('',#2845,#2846,#1331,.T.);
#3756=EDGE_CURVE('',#2846,#2834,#1332,.T.);
#3757=EDGE_CURVE('',#2847,#2845,#1333,.T.);
#3758=EDGE_CURVE('',#2848,#2847,#1334,.T.);
#3759=EDGE_CURVE('',#2846,#2848,#1335,.T.);
#3760=EDGE_CURVE('',#2848,#2835,#1336,.T.);
#3761=EDGE_CURVE('',#2847,#2836,#1337,.T.);
#3762=EDGE_CURVE('',#2849,#2849,#47,.T.);
#3763=EDGE_CURVE('',#2849,#2817,#1338,.T.);
#3764=EDGE_CURVE('',#2850,#2850,#48,.T.);
#3765=EDGE_CURVE('',#2850,#2820,#1339,.T.);
#3766=EDGE_CURVE('',#2851,#2851,#49,.T.);
#3767=EDGE_CURVE('',#2851,#2819,#1340,.T.);
#3768=EDGE_CURVE('',#2852,#2852,#50,.T.);
#3769=EDGE_CURVE('',#2852,#2818,#1341,.T.);
#3770=EDGE_CURVE('',#2841,#2853,#1342,.T.);
#3771=EDGE_CURVE('',#2853,#2853,#51,.T.);
#3772=EDGE_CURVE('',#2840,#2854,#1343,.T.);
#3773=EDGE_CURVE('',#2854,#2854,#52,.T.);
#3774=EDGE_CURVE('',#2842,#2855,#1344,.T.);
#3775=EDGE_CURVE('',#2855,#2855,#53,.T.);
#3776=EDGE_CURVE('',#2839,#2856,#1345,.T.);
#3777=EDGE_CURVE('',#2856,#2856,#54,.T.);
#3778=ORIENTED_EDGE('',*,*,#2857,.F.);
#3779=ORIENTED_EDGE('',*,*,#2858,.T.);
#3780=ORIENTED_EDGE('',*,*,#2859,.T.);
#3781=ORIENTED_EDGE('',*,*,#2860,.F.);
#3782=ORIENTED_EDGE('',*,*,#2861,.F.);
#3783=ORIENTED_EDGE('',*,*,#2862,.T.);
#3784=ORIENTED_EDGE('',*,*,#2863,.T.);
#3785=ORIENTED_EDGE('',*,*,#2858,.F.);
#3786=ORIENTED_EDGE('',*,*,#2864,.F.);
#3787=ORIENTED_EDGE('',*,*,#2865,.T.);
#3788=ORIENTED_EDGE('',*,*,#2866,.T.);
#3789=ORIENTED_EDGE('',*,*,#2862,.F.);
#3790=ORIENTED_EDGE('',*,*,#2867,.F.);
#3791=ORIENTED_EDGE('',*,*,#2868,.T.);
#3792=ORIENTED_EDGE('',*,*,#2869,.T.);
#3793=ORIENTED_EDGE('',*,*,#2865,.F.);
#3794=ORIENTED_EDGE('',*,*,#2870,.F.);
#3795=ORIENTED_EDGE('',*,*,#2860,.T.);
#3796=ORIENTED_EDGE('',*,*,#2871,.T.);
#3797=ORIENTED_EDGE('',*,*,#2868,.F.);
#3798=ORIENTED_EDGE('',*,*,#2872,.F.);
#3799=ORIENTED_EDGE('',*,*,#2873,.T.);
#3800=ORIENTED_EDGE('',*,*,#2874,.T.);
#3801=ORIENTED_EDGE('',*,*,#2875,.F.);
#3802=ORIENTED_EDGE('',*,*,#2876,.F.);
#3803=ORIENTED_EDGE('',*,*,#2877,.T.);
#3804=ORIENTED_EDGE('',*,*,#2878,.T.);
#3805=ORIENTED_EDGE('',*,*,#2873,.F.);
#3806=ORIENTED_EDGE('',*,*,#2879,.F.);
#3807=ORIENTED_EDGE('',*,*,#2880,.T.);
#3808=ORIENTED_EDGE('',*,*,#2881,.T.);
#3809=ORIENTED_EDGE('',*,*,#2877,.F.);
#3810=ORIENTED_EDGE('',*,*,#2882,.F.);
#3811=ORIENTED_EDGE('',*,*,#2883,.T.);
#3812=ORIENTED_EDGE('',*,*,#2884,.T.);
#3813=ORIENTED_EDGE('',*,*,#2880,.F.);
#3814=ORIENTED_EDGE('',*,*,#2885,.F.);
#3815=ORIENTED_EDGE('',*,*,#2886,.T.);
#3816=ORIENTED_EDGE('',*,*,#2887,.T.);
#3817=ORIENTED_EDGE('',*,*,#2883,.F.);
#3818=ORIENTED_EDGE('',*,*,#2888,.F.);
#3819=ORIENTED_EDGE('',*,*,#2889,.T.);
#3820=ORIENTED_EDGE('',*,*,#2890,.T.);
#3821=ORIENTED_EDGE('',*,*,#2886,.F.);
#3822=ORIENTED_EDGE('',*,*,#2891,.F.);
#3823=ORIENTED_EDGE('',*,*,#2892,.T.);
#3824=ORIENTED_EDGE('',*,*,#2893,.T.);
#3825=ORIENTED_EDGE('',*,*,#2889,.F.);
#3826=ORIENTED_EDGE('',*,*,#2894,.F.);
#3827=ORIENTED_EDGE('',*,*,#2895,.T.);
#3828=ORIENTED_EDGE('',*,*,#2896,.T.);
#3829=ORIENTED_EDGE('',*,*,#2892,.F.);
#3830=ORIENTED_EDGE('',*,*,#2897,.F.);
#3831=ORIENTED_EDGE('',*,*,#2898,.T.);
#3832=ORIENTED_EDGE('',*,*,#2899,.T.);
#3833=ORIENTED_EDGE('',*,*,#2895,.F.);
#3834=ORIENTED_EDGE('',*,*,#2900,.F.);
#3835=ORIENTED_EDGE('',*,*,#2901,.T.);
#3836=ORIENTED_EDGE('',*,*,#2902,.T.);
#3837=ORIENTED_EDGE('',*,*,#2898,.F.);
#3838=ORIENTED_EDGE('',*,*,#2903,.F.);
#3839=ORIENTED_EDGE('',*,*,#2904,.T.);
#3840=ORIENTED_EDGE('',*,*,#2905,.T.);
#3841=ORIENTED_EDGE('',*,*,#2901,.F.);
#3842=ORIENTED_EDGE('',*,*,#2906,.F.);
#3843=ORIENTED_EDGE('',*,*,#2907,.T.);
#3844=ORIENTED_EDGE('',*,*,#2908,.T.);
#3845=ORIENTED_EDGE('',*,*,#2904,.F.);
#3846=ORIENTED_EDGE('',*,*,#2909,.F.);
#3847=ORIENTED_EDGE('',*,*,#2910,.T.);
#3848=ORIENTED_EDGE('',*,*,#2911,.T.);
#3849=ORIENTED_EDGE('',*,*,#2907,.F.);
#3850=ORIENTED_EDGE('',*,*,#2912,.F.);
#3851=ORIENTED_EDGE('',*,*,#2913,.T.);
#3852=ORIENTED_EDGE('',*,*,#2914,.T.);
#3853=ORIENTED_EDGE('',*,*,#2910,.F.);
#3854=ORIENTED_EDGE('',*,*,#2915,.F.);
#3855=ORIENTED_EDGE('',*,*,#2875,.T.);
#3856=ORIENTED_EDGE('',*,*,#2916,.T.);
#3857=ORIENTED_EDGE('',*,*,#2913,.F.);
#3858=ORIENTED_EDGE('',*,*,#2916,.F.);
#3859=ORIENTED_EDGE('',*,*,#2874,.F.);
#3860=ORIENTED_EDGE('',*,*,#2878,.F.);
#3861=ORIENTED_EDGE('',*,*,#2881,.F.);
#3862=ORIENTED_EDGE('',*,*,#2884,.F.);
#3863=ORIENTED_EDGE('',*,*,#2887,.F.);
#3864=ORIENTED_EDGE('',*,*,#2890,.F.);
#3865=ORIENTED_EDGE('',*,*,#2893,.F.);
#3866=ORIENTED_EDGE('',*,*,#2896,.F.);
#3867=ORIENTED_EDGE('',*,*,#2899,.F.);
#3868=ORIENTED_EDGE('',*,*,#2902,.F.);
#3869=ORIENTED_EDGE('',*,*,#2905,.F.);
#3870=ORIENTED_EDGE('',*,*,#2908,.F.);
#3871=ORIENTED_EDGE('',*,*,#2911,.F.);
#3872=ORIENTED_EDGE('',*,*,#2914,.F.);
#3873=ORIENTED_EDGE('',*,*,#2871,.F.);
#3874=ORIENTED_EDGE('',*,*,#2859,.F.);
#3875=ORIENTED_EDGE('',*,*,#2863,.F.);
#3876=ORIENTED_EDGE('',*,*,#2866,.F.);
#3877=ORIENTED_EDGE('',*,*,#2869,.F.);
#3878=ORIENTED_EDGE('',*,*,#2917,.F.);
#3879=ORIENTED_EDGE('',*,*,#2918,.T.);
#3880=ORIENTED_EDGE('',*,*,#2919,.T.);
#3881=ORIENTED_EDGE('',*,*,#2920,.F.);
#3882=ORIENTED_EDGE('',*,*,#2921,.F.);
#3883=ORIENTED_EDGE('',*,*,#2922,.T.);
#3884=ORIENTED_EDGE('',*,*,#2923,.T.);
#3885=ORIENTED_EDGE('',*,*,#2918,.F.);
#3886=ORIENTED_EDGE('',*,*,#2924,.F.);
#3887=ORIENTED_EDGE('',*,*,#2925,.T.);
#3888=ORIENTED_EDGE('',*,*,#2926,.T.);
#3889=ORIENTED_EDGE('',*,*,#2922,.F.);
#3890=ORIENTED_EDGE('',*,*,#2927,.F.);
#3891=ORIENTED_EDGE('',*,*,#2928,.T.);
#3892=ORIENTED_EDGE('',*,*,#2929,.T.);
#3893=ORIENTED_EDGE('',*,*,#2925,.F.);
#3894=ORIENTED_EDGE('',*,*,#2930,.F.);
#3895=ORIENTED_EDGE('',*,*,#2931,.T.);
#3896=ORIENTED_EDGE('',*,*,#2932,.T.);
#3897=ORIENTED_EDGE('',*,*,#2928,.F.);
#3898=ORIENTED_EDGE('',*,*,#2933,.F.);
#3899=ORIENTED_EDGE('',*,*,#2934,.T.);
#3900=ORIENTED_EDGE('',*,*,#2935,.T.);
#3901=ORIENTED_EDGE('',*,*,#2931,.F.);
#3902=ORIENTED_EDGE('',*,*,#2936,.F.);
#3903=ORIENTED_EDGE('',*,*,#2937,.T.);
#3904=ORIENTED_EDGE('',*,*,#2938,.T.);
#3905=ORIENTED_EDGE('',*,*,#2934,.F.);
#3906=ORIENTED_EDGE('',*,*,#2939,.F.);
#3907=ORIENTED_EDGE('',*,*,#2940,.T.);
#3908=ORIENTED_EDGE('',*,*,#2941,.T.);
#3909=ORIENTED_EDGE('',*,*,#2937,.F.);
#3910=ORIENTED_EDGE('',*,*,#2942,.F.);
#3911=ORIENTED_EDGE('',*,*,#2943,.T.);
#3912=ORIENTED_EDGE('',*,*,#2944,.T.);
#3913=ORIENTED_EDGE('',*,*,#2940,.F.);
#3914=ORIENTED_EDGE('',*,*,#2945,.F.);
#3915=ORIENTED_EDGE('',*,*,#2946,.T.);
#3916=ORIENTED_EDGE('',*,*,#2947,.T.);
#3917=ORIENTED_EDGE('',*,*,#2943,.F.);
#3918=ORIENTED_EDGE('',*,*,#2948,.F.);
#3919=ORIENTED_EDGE('',*,*,#2949,.T.);
#3920=ORIENTED_EDGE('',*,*,#2950,.T.);
#3921=ORIENTED_EDGE('',*,*,#2946,.F.);
#3922=ORIENTED_EDGE('',*,*,#2951,.F.);
#3923=ORIENTED_EDGE('',*,*,#2952,.T.);
#3924=ORIENTED_EDGE('',*,*,#2953,.T.);
#3925=ORIENTED_EDGE('',*,*,#2949,.F.);
#3926=ORIENTED_EDGE('',*,*,#2954,.F.);
#3927=ORIENTED_EDGE('',*,*,#2955,.T.);
#3928=ORIENTED_EDGE('',*,*,#2956,.T.);
#3929=ORIENTED_EDGE('',*,*,#2952,.F.);
#3930=ORIENTED_EDGE('',*,*,#2957,.F.);
#3931=ORIENTED_EDGE('',*,*,#2958,.T.);
#3932=ORIENTED_EDGE('',*,*,#2959,.T.);
#3933=ORIENTED_EDGE('',*,*,#2955,.F.);
#3934=ORIENTED_EDGE('',*,*,#2960,.F.);
#3935=ORIENTED_EDGE('',*,*,#2961,.T.);
#3936=ORIENTED_EDGE('',*,*,#2962,.T.);
#3937=ORIENTED_EDGE('',*,*,#2958,.F.);
#3938=ORIENTED_EDGE('',*,*,#2963,.F.);
#3939=ORIENTED_EDGE('',*,*,#2964,.T.);
#3940=ORIENTED_EDGE('',*,*,#2965,.T.);
#3941=ORIENTED_EDGE('',*,*,#2961,.F.);
#3942=ORIENTED_EDGE('',*,*,#2966,.F.);
#3943=ORIENTED_EDGE('',*,*,#2967,.T.);
#3944=ORIENTED_EDGE('',*,*,#2968,.T.);
#3945=ORIENTED_EDGE('',*,*,#2964,.F.);
#3946=ORIENTED_EDGE('',*,*,#2969,.F.);
#3947=ORIENTED_EDGE('',*,*,#2970,.T.);
#3948=ORIENTED_EDGE('',*,*,#2971,.T.);
#3949=ORIENTED_EDGE('',*,*,#2967,.F.);
#3950=ORIENTED_EDGE('',*,*,#2972,.F.);
#3951=ORIENTED_EDGE('',*,*,#2973,.T.);
#3952=ORIENTED_EDGE('',*,*,#2974,.T.);
#3953=ORIENTED_EDGE('',*,*,#2970,.F.);
#3954=ORIENTED_EDGE('',*,*,#2975,.F.);
#3955=ORIENTED_EDGE('',*,*,#2976,.T.);
#3956=ORIENTED_EDGE('',*,*,#2977,.T.);
#3957=ORIENTED_EDGE('',*,*,#2973,.F.);
#3958=ORIENTED_EDGE('',*,*,#2978,.F.);
#3959=ORIENTED_EDGE('',*,*,#2979,.T.);
#3960=ORIENTED_EDGE('',*,*,#2980,.T.);
#3961=ORIENTED_EDGE('',*,*,#2976,.F.);
#3962=ORIENTED_EDGE('',*,*,#2981,.F.);
#3963=ORIENTED_EDGE('',*,*,#2982,.T.);
#3964=ORIENTED_EDGE('',*,*,#2983,.T.);
#3965=ORIENTED_EDGE('',*,*,#2979,.F.);
#3966=ORIENTED_EDGE('',*,*,#2984,.F.);
#3967=ORIENTED_EDGE('',*,*,#2985,.T.);
#3968=ORIENTED_EDGE('',*,*,#2986,.T.);
#3969=ORIENTED_EDGE('',*,*,#2982,.F.);
#3970=ORIENTED_EDGE('',*,*,#2987,.F.);
#3971=ORIENTED_EDGE('',*,*,#2988,.T.);
#3972=ORIENTED_EDGE('',*,*,#2989,.T.);
#3973=ORIENTED_EDGE('',*,*,#2985,.F.);
#3974=ORIENTED_EDGE('',*,*,#2990,.F.);
#3975=ORIENTED_EDGE('',*,*,#2991,.T.);
#3976=ORIENTED_EDGE('',*,*,#2992,.T.);
#3977=ORIENTED_EDGE('',*,*,#2988,.F.);
#3978=ORIENTED_EDGE('',*,*,#2993,.F.);
#3979=ORIENTED_EDGE('',*,*,#2994,.T.);
#3980=ORIENTED_EDGE('',*,*,#2995,.T.);
#3981=ORIENTED_EDGE('',*,*,#2991,.F.);
#3982=ORIENTED_EDGE('',*,*,#2996,.F.);
#3983=ORIENTED_EDGE('',*,*,#2997,.T.);
#3984=ORIENTED_EDGE('',*,*,#2998,.T.);
#3985=ORIENTED_EDGE('',*,*,#2994,.F.);
#3986=ORIENTED_EDGE('',*,*,#2999,.F.);
#3987=ORIENTED_EDGE('',*,*,#3000,.T.);
#3988=ORIENTED_EDGE('',*,*,#3001,.T.);
#3989=ORIENTED_EDGE('',*,*,#2997,.F.);
#3990=ORIENTED_EDGE('',*,*,#3002,.F.);
#3991=ORIENTED_EDGE('',*,*,#3003,.T.);
#3992=ORIENTED_EDGE('',*,*,#3004,.T.);
#3993=ORIENTED_EDGE('',*,*,#3000,.F.);
#3994=ORIENTED_EDGE('',*,*,#3005,.F.);
#3995=ORIENTED_EDGE('',*,*,#3006,.T.);
#3996=ORIENTED_EDGE('',*,*,#3007,.T.);
#3997=ORIENTED_EDGE('',*,*,#3003,.F.);
#3998=ORIENTED_EDGE('',*,*,#3008,.F.);
#3999=ORIENTED_EDGE('',*,*,#3009,.T.);
#4000=ORIENTED_EDGE('',*,*,#3010,.T.);
#4001=ORIENTED_EDGE('',*,*,#3006,.F.);
#4002=ORIENTED_EDGE('',*,*,#3011,.F.);
#4003=ORIENTED_EDGE('',*,*,#3012,.T.);
#4004=ORIENTED_EDGE('',*,*,#3013,.T.);
#4005=ORIENTED_EDGE('',*,*,#3009,.F.);
#4006=ORIENTED_EDGE('',*,*,#3014,.F.);
#4007=ORIENTED_EDGE('',*,*,#2920,.T.);
#4008=ORIENTED_EDGE('',*,*,#3015,.T.);
#4009=ORIENTED_EDGE('',*,*,#3012,.F.);
#4010=ORIENTED_EDGE('',*,*,#3015,.F.);
#4011=ORIENTED_EDGE('',*,*,#2919,.F.);
#4012=ORIENTED_EDGE('',*,*,#2923,.F.);
#4013=ORIENTED_EDGE('',*,*,#2926,.F.);
#4014=ORIENTED_EDGE('',*,*,#2929,.F.);
#4015=ORIENTED_EDGE('',*,*,#2932,.F.);
#4016=ORIENTED_EDGE('',*,*,#2935,.F.);
#4017=ORIENTED_EDGE('',*,*,#2938,.F.);
#4018=ORIENTED_EDGE('',*,*,#2941,.F.);
#4019=ORIENTED_EDGE('',*,*,#2944,.F.);
#4020=ORIENTED_EDGE('',*,*,#2947,.F.);
#4021=ORIENTED_EDGE('',*,*,#2950,.F.);
#4022=ORIENTED_EDGE('',*,*,#2953,.F.);
#4023=ORIENTED_EDGE('',*,*,#2956,.F.);
#4024=ORIENTED_EDGE('',*,*,#2959,.F.);
#4025=ORIENTED_EDGE('',*,*,#2962,.F.);
#4026=ORIENTED_EDGE('',*,*,#2965,.F.);
#4027=ORIENTED_EDGE('',*,*,#2968,.F.);
#4028=ORIENTED_EDGE('',*,*,#2971,.F.);
#4029=ORIENTED_EDGE('',*,*,#2974,.F.);
#4030=ORIENTED_EDGE('',*,*,#2977,.F.);
#4031=ORIENTED_EDGE('',*,*,#2980,.F.);
#4032=ORIENTED_EDGE('',*,*,#2983,.F.);
#4033=ORIENTED_EDGE('',*,*,#2986,.F.);
#4034=ORIENTED_EDGE('',*,*,#2989,.F.);
#4035=ORIENTED_EDGE('',*,*,#2992,.F.);
#4036=ORIENTED_EDGE('',*,*,#2995,.F.);
#4037=ORIENTED_EDGE('',*,*,#2998,.F.);
#4038=ORIENTED_EDGE('',*,*,#3001,.F.);
#4039=ORIENTED_EDGE('',*,*,#3004,.F.);
#4040=ORIENTED_EDGE('',*,*,#3007,.F.);
#4041=ORIENTED_EDGE('',*,*,#3010,.F.);
#4042=ORIENTED_EDGE('',*,*,#3013,.F.);
#4043=ORIENTED_EDGE('',*,*,#3016,.F.);
#4044=ORIENTED_EDGE('',*,*,#3017,.T.);
#4045=ORIENTED_EDGE('',*,*,#3018,.T.);
#4046=ORIENTED_EDGE('',*,*,#3019,.F.);
#4047=ORIENTED_EDGE('',*,*,#3020,.F.);
#4048=ORIENTED_EDGE('',*,*,#3021,.T.);
#4049=ORIENTED_EDGE('',*,*,#3022,.T.);
#4050=ORIENTED_EDGE('',*,*,#3017,.F.);
#4051=ORIENTED_EDGE('',*,*,#3023,.F.);
#4052=ORIENTED_EDGE('',*,*,#3024,.T.);
#4053=ORIENTED_EDGE('',*,*,#3025,.T.);
#4054=ORIENTED_EDGE('',*,*,#3021,.F.);
#4055=ORIENTED_EDGE('',*,*,#3026,.F.);
#4056=ORIENTED_EDGE('',*,*,#3027,.T.);
#4057=ORIENTED_EDGE('',*,*,#3028,.T.);
#4058=ORIENTED_EDGE('',*,*,#3024,.F.);
#4059=ORIENTED_EDGE('',*,*,#3029,.F.);
#4060=ORIENTED_EDGE('',*,*,#3030,.T.);
#4061=ORIENTED_EDGE('',*,*,#3031,.T.);
#4062=ORIENTED_EDGE('',*,*,#3027,.F.);
#4063=ORIENTED_EDGE('',*,*,#3032,.F.);
#4064=ORIENTED_EDGE('',*,*,#3033,.T.);
#4065=ORIENTED_EDGE('',*,*,#3034,.T.);
#4066=ORIENTED_EDGE('',*,*,#3030,.F.);
#4067=ORIENTED_EDGE('',*,*,#3035,.F.);
#4068=ORIENTED_EDGE('',*,*,#3036,.T.);
#4069=ORIENTED_EDGE('',*,*,#3037,.T.);
#4070=ORIENTED_EDGE('',*,*,#3033,.F.);
#4071=ORIENTED_EDGE('',*,*,#3038,.F.);
#4072=ORIENTED_EDGE('',*,*,#3039,.T.);
#4073=ORIENTED_EDGE('',*,*,#3040,.T.);
#4074=ORIENTED_EDGE('',*,*,#3036,.F.);
#4075=ORIENTED_EDGE('',*,*,#3041,.F.);
#4076=ORIENTED_EDGE('',*,*,#3042,.T.);
#4077=ORIENTED_EDGE('',*,*,#3043,.T.);
#4078=ORIENTED_EDGE('',*,*,#3039,.F.);
#4079=ORIENTED_EDGE('',*,*,#3044,.F.);
#4080=ORIENTED_EDGE('',*,*,#3019,.T.);
#4081=ORIENTED_EDGE('',*,*,#3045,.T.);
#4082=ORIENTED_EDGE('',*,*,#3042,.F.);
#4083=ORIENTED_EDGE('',*,*,#3046,.F.);
#4084=ORIENTED_EDGE('',*,*,#3047,.T.);
#4085=ORIENTED_EDGE('',*,*,#3048,.T.);
#4086=ORIENTED_EDGE('',*,*,#3049,.F.);
#4087=ORIENTED_EDGE('',*,*,#3050,.F.);
#4088=ORIENTED_EDGE('',*,*,#3051,.T.);
#4089=ORIENTED_EDGE('',*,*,#3052,.T.);
#4090=ORIENTED_EDGE('',*,*,#3047,.F.);
#4091=ORIENTED_EDGE('',*,*,#3053,.F.);
#4092=ORIENTED_EDGE('',*,*,#3054,.T.);
#4093=ORIENTED_EDGE('',*,*,#3055,.T.);
#4094=ORIENTED_EDGE('',*,*,#3051,.F.);
#4095=ORIENTED_EDGE('',*,*,#3056,.F.);
#4096=ORIENTED_EDGE('',*,*,#3057,.T.);
#4097=ORIENTED_EDGE('',*,*,#3058,.T.);
#4098=ORIENTED_EDGE('',*,*,#3054,.F.);
#4099=ORIENTED_EDGE('',*,*,#3059,.F.);
#4100=ORIENTED_EDGE('',*,*,#3060,.T.);
#4101=ORIENTED_EDGE('',*,*,#3061,.T.);
#4102=ORIENTED_EDGE('',*,*,#3057,.F.);
#4103=ORIENTED_EDGE('',*,*,#3062,.F.);
#4104=ORIENTED_EDGE('',*,*,#3063,.T.);
#4105=ORIENTED_EDGE('',*,*,#3064,.T.);
#4106=ORIENTED_EDGE('',*,*,#3060,.F.);
#4107=ORIENTED_EDGE('',*,*,#3065,.F.);
#4108=ORIENTED_EDGE('',*,*,#3066,.T.);
#4109=ORIENTED_EDGE('',*,*,#3067,.T.);
#4110=ORIENTED_EDGE('',*,*,#3063,.F.);
#4111=ORIENTED_EDGE('',*,*,#3068,.F.);
#4112=ORIENTED_EDGE('',*,*,#3069,.T.);
#4113=ORIENTED_EDGE('',*,*,#3070,.T.);
#4114=ORIENTED_EDGE('',*,*,#3066,.F.);
#4115=ORIENTED_EDGE('',*,*,#3071,.F.);
#4116=ORIENTED_EDGE('',*,*,#3072,.T.);
#4117=ORIENTED_EDGE('',*,*,#3073,.T.);
#4118=ORIENTED_EDGE('',*,*,#3069,.F.);
#4119=ORIENTED_EDGE('',*,*,#3074,.F.);
#4120=ORIENTED_EDGE('',*,*,#3075,.T.);
#4121=ORIENTED_EDGE('',*,*,#3076,.T.);
#4122=ORIENTED_EDGE('',*,*,#3072,.F.);
#4123=ORIENTED_EDGE('',*,*,#3077,.F.);
#4124=ORIENTED_EDGE('',*,*,#3078,.T.);
#4125=ORIENTED_EDGE('',*,*,#3079,.T.);
#4126=ORIENTED_EDGE('',*,*,#3075,.F.);
#4127=ORIENTED_EDGE('',*,*,#3080,.F.);
#4128=ORIENTED_EDGE('',*,*,#3081,.T.);
#4129=ORIENTED_EDGE('',*,*,#3082,.T.);
#4130=ORIENTED_EDGE('',*,*,#3078,.F.);
#4131=ORIENTED_EDGE('',*,*,#3083,.F.);
#4132=ORIENTED_EDGE('',*,*,#3084,.T.);
#4133=ORIENTED_EDGE('',*,*,#3085,.T.);
#4134=ORIENTED_EDGE('',*,*,#3081,.F.);
#4135=ORIENTED_EDGE('',*,*,#3086,.F.);
#4136=ORIENTED_EDGE('',*,*,#3087,.T.);
#4137=ORIENTED_EDGE('',*,*,#3088,.T.);
#4138=ORIENTED_EDGE('',*,*,#3084,.F.);
#4139=ORIENTED_EDGE('',*,*,#3089,.F.);
#4140=ORIENTED_EDGE('',*,*,#3090,.T.);
#4141=ORIENTED_EDGE('',*,*,#3091,.T.);
#4142=ORIENTED_EDGE('',*,*,#3087,.F.);
#4143=ORIENTED_EDGE('',*,*,#3092,.F.);
#4144=ORIENTED_EDGE('',*,*,#3093,.T.);
#4145=ORIENTED_EDGE('',*,*,#3094,.T.);
#4146=ORIENTED_EDGE('',*,*,#3090,.F.);
#4147=ORIENTED_EDGE('',*,*,#3095,.F.);
#4148=ORIENTED_EDGE('',*,*,#3096,.T.);
#4149=ORIENTED_EDGE('',*,*,#3097,.T.);
#4150=ORIENTED_EDGE('',*,*,#3093,.F.);
#4151=ORIENTED_EDGE('',*,*,#3098,.F.);
#4152=ORIENTED_EDGE('',*,*,#3099,.T.);
#4153=ORIENTED_EDGE('',*,*,#3100,.T.);
#4154=ORIENTED_EDGE('',*,*,#3096,.F.);
#4155=ORIENTED_EDGE('',*,*,#3101,.F.);
#4156=ORIENTED_EDGE('',*,*,#3102,.T.);
#4157=ORIENTED_EDGE('',*,*,#3103,.T.);
#4158=ORIENTED_EDGE('',*,*,#3099,.F.);
#4159=ORIENTED_EDGE('',*,*,#3104,.F.);
#4160=ORIENTED_EDGE('',*,*,#3105,.T.);
#4161=ORIENTED_EDGE('',*,*,#3106,.T.);
#4162=ORIENTED_EDGE('',*,*,#3102,.F.);
#4163=ORIENTED_EDGE('',*,*,#3107,.F.);
#4164=ORIENTED_EDGE('',*,*,#3108,.T.);
#4165=ORIENTED_EDGE('',*,*,#3109,.T.);
#4166=ORIENTED_EDGE('',*,*,#3105,.F.);
#4167=ORIENTED_EDGE('',*,*,#3110,.F.);
#4168=ORIENTED_EDGE('',*,*,#3111,.T.);
#4169=ORIENTED_EDGE('',*,*,#3112,.T.);
#4170=ORIENTED_EDGE('',*,*,#3108,.F.);
#4171=ORIENTED_EDGE('',*,*,#3113,.F.);
#4172=ORIENTED_EDGE('',*,*,#3114,.T.);
#4173=ORIENTED_EDGE('',*,*,#3115,.T.);
#4174=ORIENTED_EDGE('',*,*,#3111,.F.);
#4175=ORIENTED_EDGE('',*,*,#3116,.F.);
#4176=ORIENTED_EDGE('',*,*,#3117,.T.);
#4177=ORIENTED_EDGE('',*,*,#3118,.T.);
#4178=ORIENTED_EDGE('',*,*,#3114,.F.);
#4179=ORIENTED_EDGE('',*,*,#3119,.F.);
#4180=ORIENTED_EDGE('',*,*,#3120,.T.);
#4181=ORIENTED_EDGE('',*,*,#3121,.T.);
#4182=ORIENTED_EDGE('',*,*,#3117,.F.);
#4183=ORIENTED_EDGE('',*,*,#3122,.F.);
#4184=ORIENTED_EDGE('',*,*,#3123,.T.);
#4185=ORIENTED_EDGE('',*,*,#3124,.T.);
#4186=ORIENTED_EDGE('',*,*,#3120,.F.);
#4187=ORIENTED_EDGE('',*,*,#3125,.F.);
#4188=ORIENTED_EDGE('',*,*,#3049,.T.);
#4189=ORIENTED_EDGE('',*,*,#3126,.T.);
#4190=ORIENTED_EDGE('',*,*,#3123,.F.);
#4191=ORIENTED_EDGE('',*,*,#3126,.F.);
#4192=ORIENTED_EDGE('',*,*,#3048,.F.);
#4193=ORIENTED_EDGE('',*,*,#3052,.F.);
#4194=ORIENTED_EDGE('',*,*,#3055,.F.);
#4195=ORIENTED_EDGE('',*,*,#3058,.F.);
#4196=ORIENTED_EDGE('',*,*,#3061,.F.);
#4197=ORIENTED_EDGE('',*,*,#3064,.F.);
#4198=ORIENTED_EDGE('',*,*,#3067,.F.);
#4199=ORIENTED_EDGE('',*,*,#3070,.F.);
#4200=ORIENTED_EDGE('',*,*,#3073,.F.);
#4201=ORIENTED_EDGE('',*,*,#3076,.F.);
#4202=ORIENTED_EDGE('',*,*,#3079,.F.);
#4203=ORIENTED_EDGE('',*,*,#3082,.F.);
#4204=ORIENTED_EDGE('',*,*,#3085,.F.);
#4205=ORIENTED_EDGE('',*,*,#3088,.F.);
#4206=ORIENTED_EDGE('',*,*,#3091,.F.);
#4207=ORIENTED_EDGE('',*,*,#3094,.F.);
#4208=ORIENTED_EDGE('',*,*,#3097,.F.);
#4209=ORIENTED_EDGE('',*,*,#3100,.F.);
#4210=ORIENTED_EDGE('',*,*,#3103,.F.);
#4211=ORIENTED_EDGE('',*,*,#3106,.F.);
#4212=ORIENTED_EDGE('',*,*,#3109,.F.);
#4213=ORIENTED_EDGE('',*,*,#3112,.F.);
#4214=ORIENTED_EDGE('',*,*,#3115,.F.);
#4215=ORIENTED_EDGE('',*,*,#3118,.F.);
#4216=ORIENTED_EDGE('',*,*,#3121,.F.);
#4217=ORIENTED_EDGE('',*,*,#3124,.F.);
#4218=ORIENTED_EDGE('',*,*,#3045,.F.);
#4219=ORIENTED_EDGE('',*,*,#3018,.F.);
#4220=ORIENTED_EDGE('',*,*,#3022,.F.);
#4221=ORIENTED_EDGE('',*,*,#3025,.F.);
#4222=ORIENTED_EDGE('',*,*,#3028,.F.);
#4223=ORIENTED_EDGE('',*,*,#3031,.F.);
#4224=ORIENTED_EDGE('',*,*,#3034,.F.);
#4225=ORIENTED_EDGE('',*,*,#3037,.F.);
#4226=ORIENTED_EDGE('',*,*,#3040,.F.);
#4227=ORIENTED_EDGE('',*,*,#3043,.F.);
#4228=ORIENTED_EDGE('',*,*,#3127,.F.);
#4229=ORIENTED_EDGE('',*,*,#3128,.T.);
#4230=ORIENTED_EDGE('',*,*,#3129,.T.);
#4231=ORIENTED_EDGE('',*,*,#3130,.F.);
#4232=ORIENTED_EDGE('',*,*,#3131,.F.);
#4233=ORIENTED_EDGE('',*,*,#3132,.T.);
#4234=ORIENTED_EDGE('',*,*,#3133,.T.);
#4235=ORIENTED_EDGE('',*,*,#3128,.F.);
#4236=ORIENTED_EDGE('',*,*,#3134,.F.);
#4237=ORIENTED_EDGE('',*,*,#3135,.T.);
#4238=ORIENTED_EDGE('',*,*,#3136,.T.);
#4239=ORIENTED_EDGE('',*,*,#3132,.F.);
#4240=ORIENTED_EDGE('',*,*,#3137,.F.);
#4241=ORIENTED_EDGE('',*,*,#3138,.T.);
#4242=ORIENTED_EDGE('',*,*,#3139,.T.);
#4243=ORIENTED_EDGE('',*,*,#3135,.F.);
#4244=ORIENTED_EDGE('',*,*,#3140,.F.);
#4245=ORIENTED_EDGE('',*,*,#3141,.T.);
#4246=ORIENTED_EDGE('',*,*,#3142,.T.);
#4247=ORIENTED_EDGE('',*,*,#3138,.F.);
#4248=ORIENTED_EDGE('',*,*,#3143,.F.);
#4249=ORIENTED_EDGE('',*,*,#3144,.T.);
#4250=ORIENTED_EDGE('',*,*,#3145,.T.);
#4251=ORIENTED_EDGE('',*,*,#3141,.F.);
#4252=ORIENTED_EDGE('',*,*,#3146,.F.);
#4253=ORIENTED_EDGE('',*,*,#3147,.T.);
#4254=ORIENTED_EDGE('',*,*,#3148,.T.);
#4255=ORIENTED_EDGE('',*,*,#3144,.F.);
#4256=ORIENTED_EDGE('',*,*,#3149,.F.);
#4257=ORIENTED_EDGE('',*,*,#3150,.T.);
#4258=ORIENTED_EDGE('',*,*,#3151,.T.);
#4259=ORIENTED_EDGE('',*,*,#3147,.F.);
#4260=ORIENTED_EDGE('',*,*,#3152,.F.);
#4261=ORIENTED_EDGE('',*,*,#3153,.T.);
#4262=ORIENTED_EDGE('',*,*,#3154,.T.);
#4263=ORIENTED_EDGE('',*,*,#3150,.F.);
#4264=ORIENTED_EDGE('',*,*,#3155,.F.);
#4265=ORIENTED_EDGE('',*,*,#3156,.T.);
#4266=ORIENTED_EDGE('',*,*,#3157,.T.);
#4267=ORIENTED_EDGE('',*,*,#3153,.F.);
#4268=ORIENTED_EDGE('',*,*,#3158,.F.);
#4269=ORIENTED_EDGE('',*,*,#3159,.T.);
#4270=ORIENTED_EDGE('',*,*,#3160,.T.);
#4271=ORIENTED_EDGE('',*,*,#3156,.F.);
#4272=ORIENTED_EDGE('',*,*,#3161,.F.);
#4273=ORIENTED_EDGE('',*,*,#3162,.T.);
#4274=ORIENTED_EDGE('',*,*,#3163,.T.);
#4275=ORIENTED_EDGE('',*,*,#3159,.F.);
#4276=ORIENTED_EDGE('',*,*,#3164,.F.);
#4277=ORIENTED_EDGE('',*,*,#3165,.T.);
#4278=ORIENTED_EDGE('',*,*,#3166,.T.);
#4279=ORIENTED_EDGE('',*,*,#3162,.F.);
#4280=ORIENTED_EDGE('',*,*,#3167,.F.);
#4281=ORIENTED_EDGE('',*,*,#3168,.T.);
#4282=ORIENTED_EDGE('',*,*,#3169,.T.);
#4283=ORIENTED_EDGE('',*,*,#3165,.F.);
#4284=ORIENTED_EDGE('',*,*,#3170,.F.);
#4285=ORIENTED_EDGE('',*,*,#3171,.T.);
#4286=ORIENTED_EDGE('',*,*,#3172,.T.);
#4287=ORIENTED_EDGE('',*,*,#3168,.F.);
#4288=ORIENTED_EDGE('',*,*,#3173,.F.);
#4289=ORIENTED_EDGE('',*,*,#3174,.T.);
#4290=ORIENTED_EDGE('',*,*,#3175,.T.);
#4291=ORIENTED_EDGE('',*,*,#3171,.F.);
#4292=ORIENTED_EDGE('',*,*,#3176,.F.);
#4293=ORIENTED_EDGE('',*,*,#3177,.T.);
#4294=ORIENTED_EDGE('',*,*,#3178,.T.);
#4295=ORIENTED_EDGE('',*,*,#3174,.F.);
#4296=ORIENTED_EDGE('',*,*,#3179,.F.);
#4297=ORIENTED_EDGE('',*,*,#3180,.T.);
#4298=ORIENTED_EDGE('',*,*,#3181,.T.);
#4299=ORIENTED_EDGE('',*,*,#3177,.F.);
#4300=ORIENTED_EDGE('',*,*,#3182,.F.);
#4301=ORIENTED_EDGE('',*,*,#3130,.T.);
#4302=ORIENTED_EDGE('',*,*,#3183,.T.);
#4303=ORIENTED_EDGE('',*,*,#3180,.F.);
#4304=ORIENTED_EDGE('',*,*,#3183,.F.);
#4305=ORIENTED_EDGE('',*,*,#3129,.F.);
#4306=ORIENTED_EDGE('',*,*,#3133,.F.);
#4307=ORIENTED_EDGE('',*,*,#3136,.F.);
#4308=ORIENTED_EDGE('',*,*,#3139,.F.);
#4309=ORIENTED_EDGE('',*,*,#3142,.F.);
#4310=ORIENTED_EDGE('',*,*,#3145,.F.);
#4311=ORIENTED_EDGE('',*,*,#3148,.F.);
#4312=ORIENTED_EDGE('',*,*,#3151,.F.);
#4313=ORIENTED_EDGE('',*,*,#3154,.F.);
#4314=ORIENTED_EDGE('',*,*,#3157,.F.);
#4315=ORIENTED_EDGE('',*,*,#3160,.F.);
#4316=ORIENTED_EDGE('',*,*,#3163,.F.);
#4317=ORIENTED_EDGE('',*,*,#3166,.F.);
#4318=ORIENTED_EDGE('',*,*,#3169,.F.);
#4319=ORIENTED_EDGE('',*,*,#3172,.F.);
#4320=ORIENTED_EDGE('',*,*,#3175,.F.);
#4321=ORIENTED_EDGE('',*,*,#3178,.F.);
#4322=ORIENTED_EDGE('',*,*,#3181,.F.);
#4323=ORIENTED_EDGE('',*,*,#3184,.F.);
#4324=ORIENTED_EDGE('',*,*,#3185,.T.);
#4325=ORIENTED_EDGE('',*,*,#3186,.T.);
#4326=ORIENTED_EDGE('',*,*,#3187,.F.);
#4327=ORIENTED_EDGE('',*,*,#3188,.F.);
#4328=ORIENTED_EDGE('',*,*,#3189,.T.);
#4329=ORIENTED_EDGE('',*,*,#3190,.T.);
#4330=ORIENTED_EDGE('',*,*,#3185,.F.);
#4331=ORIENTED_EDGE('',*,*,#3191,.F.);
#4332=ORIENTED_EDGE('',*,*,#3192,.T.);
#4333=ORIENTED_EDGE('',*,*,#3193,.T.);
#4334=ORIENTED_EDGE('',*,*,#3189,.F.);
#4335=ORIENTED_EDGE('',*,*,#3194,.F.);
#4336=ORIENTED_EDGE('',*,*,#3195,.T.);
#4337=ORIENTED_EDGE('',*,*,#3196,.T.);
#4338=ORIENTED_EDGE('',*,*,#3192,.F.);
#4339=ORIENTED_EDGE('',*,*,#3197,.F.);
#4340=ORIENTED_EDGE('',*,*,#3198,.T.);
#4341=ORIENTED_EDGE('',*,*,#3199,.T.);
#4342=ORIENTED_EDGE('',*,*,#3195,.F.);
#4343=ORIENTED_EDGE('',*,*,#3200,.F.);
#4344=ORIENTED_EDGE('',*,*,#3201,.T.);
#4345=ORIENTED_EDGE('',*,*,#3202,.T.);
#4346=ORIENTED_EDGE('',*,*,#3198,.F.);
#4347=ORIENTED_EDGE('',*,*,#3203,.F.);
#4348=ORIENTED_EDGE('',*,*,#3204,.T.);
#4349=ORIENTED_EDGE('',*,*,#3205,.T.);
#4350=ORIENTED_EDGE('',*,*,#3201,.F.);
#4351=ORIENTED_EDGE('',*,*,#3206,.F.);
#4352=ORIENTED_EDGE('',*,*,#3187,.T.);
#4353=ORIENTED_EDGE('',*,*,#3207,.T.);
#4354=ORIENTED_EDGE('',*,*,#3204,.F.);
#4355=ORIENTED_EDGE('',*,*,#3208,.F.);
#4356=ORIENTED_EDGE('',*,*,#3209,.T.);
#4357=ORIENTED_EDGE('',*,*,#3210,.T.);
#4358=ORIENTED_EDGE('',*,*,#3211,.F.);
#4359=ORIENTED_EDGE('',*,*,#3212,.F.);
#4360=ORIENTED_EDGE('',*,*,#3213,.T.);
#4361=ORIENTED_EDGE('',*,*,#3214,.T.);
#4362=ORIENTED_EDGE('',*,*,#3209,.F.);
#4363=ORIENTED_EDGE('',*,*,#3215,.F.);
#4364=ORIENTED_EDGE('',*,*,#3216,.T.);
#4365=ORIENTED_EDGE('',*,*,#3217,.T.);
#4366=ORIENTED_EDGE('',*,*,#3213,.F.);
#4367=ORIENTED_EDGE('',*,*,#3218,.F.);
#4368=ORIENTED_EDGE('',*,*,#3219,.T.);
#4369=ORIENTED_EDGE('',*,*,#3220,.T.);
#4370=ORIENTED_EDGE('',*,*,#3216,.F.);
#4371=ORIENTED_EDGE('',*,*,#3221,.F.);
#4372=ORIENTED_EDGE('',*,*,#3222,.T.);
#4373=ORIENTED_EDGE('',*,*,#3223,.T.);
#4374=ORIENTED_EDGE('',*,*,#3219,.F.);
#4375=ORIENTED_EDGE('',*,*,#3224,.F.);
#4376=ORIENTED_EDGE('',*,*,#3225,.T.);
#4377=ORIENTED_EDGE('',*,*,#3226,.T.);
#4378=ORIENTED_EDGE('',*,*,#3222,.F.);
#4379=ORIENTED_EDGE('',*,*,#3227,.F.);
#4380=ORIENTED_EDGE('',*,*,#3228,.T.);
#4381=ORIENTED_EDGE('',*,*,#3229,.T.);
#4382=ORIENTED_EDGE('',*,*,#3225,.F.);
#4383=ORIENTED_EDGE('',*,*,#3230,.F.);
#4384=ORIENTED_EDGE('',*,*,#3231,.T.);
#4385=ORIENTED_EDGE('',*,*,#3232,.T.);
#4386=ORIENTED_EDGE('',*,*,#3228,.F.);
#4387=ORIENTED_EDGE('',*,*,#3233,.F.);
#4388=ORIENTED_EDGE('',*,*,#3211,.T.);
#4389=ORIENTED_EDGE('',*,*,#3234,.T.);
#4390=ORIENTED_EDGE('',*,*,#3231,.F.);
#4391=ORIENTED_EDGE('',*,*,#3234,.F.);
#4392=ORIENTED_EDGE('',*,*,#3210,.F.);
#4393=ORIENTED_EDGE('',*,*,#3214,.F.);
#4394=ORIENTED_EDGE('',*,*,#3217,.F.);
#4395=ORIENTED_EDGE('',*,*,#3220,.F.);
#4396=ORIENTED_EDGE('',*,*,#3223,.F.);
#4397=ORIENTED_EDGE('',*,*,#3226,.F.);
#4398=ORIENTED_EDGE('',*,*,#3229,.F.);
#4399=ORIENTED_EDGE('',*,*,#3232,.F.);
#4400=ORIENTED_EDGE('',*,*,#3207,.F.);
#4401=ORIENTED_EDGE('',*,*,#3186,.F.);
#4402=ORIENTED_EDGE('',*,*,#3190,.F.);
#4403=ORIENTED_EDGE('',*,*,#3193,.F.);
#4404=ORIENTED_EDGE('',*,*,#3196,.F.);
#4405=ORIENTED_EDGE('',*,*,#3199,.F.);
#4406=ORIENTED_EDGE('',*,*,#3202,.F.);
#4407=ORIENTED_EDGE('',*,*,#3205,.F.);
#4408=ORIENTED_EDGE('',*,*,#3235,.F.);
#4409=ORIENTED_EDGE('',*,*,#3236,.T.);
#4410=ORIENTED_EDGE('',*,*,#3237,.T.);
#4411=ORIENTED_EDGE('',*,*,#3238,.F.);
#4412=ORIENTED_EDGE('',*,*,#3239,.F.);
#4413=ORIENTED_EDGE('',*,*,#3240,.T.);
#4414=ORIENTED_EDGE('',*,*,#3241,.T.);
#4415=ORIENTED_EDGE('',*,*,#3236,.F.);
#4416=ORIENTED_EDGE('',*,*,#3242,.F.);
#4417=ORIENTED_EDGE('',*,*,#3243,.T.);
#4418=ORIENTED_EDGE('',*,*,#3244,.T.);
#4419=ORIENTED_EDGE('',*,*,#3240,.F.);
#4420=ORIENTED_EDGE('',*,*,#3245,.F.);
#4421=ORIENTED_EDGE('',*,*,#3246,.T.);
#4422=ORIENTED_EDGE('',*,*,#3247,.T.);
#4423=ORIENTED_EDGE('',*,*,#3243,.F.);
#4424=ORIENTED_EDGE('',*,*,#3248,.F.);
#4425=ORIENTED_EDGE('',*,*,#3249,.T.);
#4426=ORIENTED_EDGE('',*,*,#3250,.T.);
#4427=ORIENTED_EDGE('',*,*,#3246,.F.);
#4428=ORIENTED_EDGE('',*,*,#3251,.F.);
#4429=ORIENTED_EDGE('',*,*,#3252,.T.);
#4430=ORIENTED_EDGE('',*,*,#3253,.T.);
#4431=ORIENTED_EDGE('',*,*,#3249,.F.);
#4432=ORIENTED_EDGE('',*,*,#3254,.F.);
#4433=ORIENTED_EDGE('',*,*,#3255,.T.);
#4434=ORIENTED_EDGE('',*,*,#3256,.T.);
#4435=ORIENTED_EDGE('',*,*,#3252,.F.);
#4436=ORIENTED_EDGE('',*,*,#3257,.F.);
#4437=ORIENTED_EDGE('',*,*,#3258,.T.);
#4438=ORIENTED_EDGE('',*,*,#3259,.T.);
#4439=ORIENTED_EDGE('',*,*,#3255,.F.);
#4440=ORIENTED_EDGE('',*,*,#3260,.F.);
#4441=ORIENTED_EDGE('',*,*,#3261,.T.);
#4442=ORIENTED_EDGE('',*,*,#3262,.T.);
#4443=ORIENTED_EDGE('',*,*,#3258,.F.);
#4444=ORIENTED_EDGE('',*,*,#3263,.F.);
#4445=ORIENTED_EDGE('',*,*,#3238,.T.);
#4446=ORIENTED_EDGE('',*,*,#3264,.T.);
#4447=ORIENTED_EDGE('',*,*,#3261,.F.);
#4448=ORIENTED_EDGE('',*,*,#3265,.F.);
#4449=ORIENTED_EDGE('',*,*,#3266,.T.);
#4450=ORIENTED_EDGE('',*,*,#3267,.T.);
#4451=ORIENTED_EDGE('',*,*,#3268,.F.);
#4452=ORIENTED_EDGE('',*,*,#3269,.F.);
#4453=ORIENTED_EDGE('',*,*,#3270,.T.);
#4454=ORIENTED_EDGE('',*,*,#3271,.T.);
#4455=ORIENTED_EDGE('',*,*,#3266,.F.);
#4456=ORIENTED_EDGE('',*,*,#3272,.F.);
#4457=ORIENTED_EDGE('',*,*,#3273,.T.);
#4458=ORIENTED_EDGE('',*,*,#3274,.T.);
#4459=ORIENTED_EDGE('',*,*,#3270,.F.);
#4460=ORIENTED_EDGE('',*,*,#3275,.F.);
#4461=ORIENTED_EDGE('',*,*,#3276,.T.);
#4462=ORIENTED_EDGE('',*,*,#3277,.T.);
#4463=ORIENTED_EDGE('',*,*,#3273,.F.);
#4464=ORIENTED_EDGE('',*,*,#3278,.F.);
#4465=ORIENTED_EDGE('',*,*,#3279,.T.);
#4466=ORIENTED_EDGE('',*,*,#3280,.T.);
#4467=ORIENTED_EDGE('',*,*,#3276,.F.);
#4468=ORIENTED_EDGE('',*,*,#3281,.F.);
#4469=ORIENTED_EDGE('',*,*,#3282,.T.);
#4470=ORIENTED_EDGE('',*,*,#3283,.T.);
#4471=ORIENTED_EDGE('',*,*,#3279,.F.);
#4472=ORIENTED_EDGE('',*,*,#3284,.F.);
#4473=ORIENTED_EDGE('',*,*,#3285,.T.);
#4474=ORIENTED_EDGE('',*,*,#3286,.T.);
#4475=ORIENTED_EDGE('',*,*,#3282,.F.);
#4476=ORIENTED_EDGE('',*,*,#3287,.F.);
#4477=ORIENTED_EDGE('',*,*,#3288,.T.);
#4478=ORIENTED_EDGE('',*,*,#3289,.T.);
#4479=ORIENTED_EDGE('',*,*,#3285,.F.);
#4480=ORIENTED_EDGE('',*,*,#3290,.F.);
#4481=ORIENTED_EDGE('',*,*,#3291,.T.);
#4482=ORIENTED_EDGE('',*,*,#3292,.T.);
#4483=ORIENTED_EDGE('',*,*,#3288,.F.);
#4484=ORIENTED_EDGE('',*,*,#3293,.F.);
#4485=ORIENTED_EDGE('',*,*,#3294,.T.);
#4486=ORIENTED_EDGE('',*,*,#3295,.T.);
#4487=ORIENTED_EDGE('',*,*,#3291,.F.);
#4488=ORIENTED_EDGE('',*,*,#3296,.F.);
#4489=ORIENTED_EDGE('',*,*,#3297,.T.);
#4490=ORIENTED_EDGE('',*,*,#3298,.T.);
#4491=ORIENTED_EDGE('',*,*,#3294,.F.);
#4492=ORIENTED_EDGE('',*,*,#3299,.F.);
#4493=ORIENTED_EDGE('',*,*,#3300,.T.);
#4494=ORIENTED_EDGE('',*,*,#3301,.T.);
#4495=ORIENTED_EDGE('',*,*,#3297,.F.);
#4496=ORIENTED_EDGE('',*,*,#3302,.F.);
#4497=ORIENTED_EDGE('',*,*,#3303,.T.);
#4498=ORIENTED_EDGE('',*,*,#3304,.T.);
#4499=ORIENTED_EDGE('',*,*,#3300,.F.);
#4500=ORIENTED_EDGE('',*,*,#3305,.F.);
#4501=ORIENTED_EDGE('',*,*,#3306,.T.);
#4502=ORIENTED_EDGE('',*,*,#3307,.T.);
#4503=ORIENTED_EDGE('',*,*,#3303,.F.);
#4504=ORIENTED_EDGE('',*,*,#3308,.F.);
#4505=ORIENTED_EDGE('',*,*,#3309,.T.);
#4506=ORIENTED_EDGE('',*,*,#3310,.T.);
#4507=ORIENTED_EDGE('',*,*,#3306,.F.);
#4508=ORIENTED_EDGE('',*,*,#3311,.F.);
#4509=ORIENTED_EDGE('',*,*,#3312,.T.);
#4510=ORIENTED_EDGE('',*,*,#3313,.T.);
#4511=ORIENTED_EDGE('',*,*,#3309,.F.);
#4512=ORIENTED_EDGE('',*,*,#3314,.F.);
#4513=ORIENTED_EDGE('',*,*,#3315,.T.);
#4514=ORIENTED_EDGE('',*,*,#3316,.T.);
#4515=ORIENTED_EDGE('',*,*,#3312,.F.);
#4516=ORIENTED_EDGE('',*,*,#3317,.F.);
#4517=ORIENTED_EDGE('',*,*,#3318,.T.);
#4518=ORIENTED_EDGE('',*,*,#3319,.T.);
#4519=ORIENTED_EDGE('',*,*,#3315,.F.);
#4520=ORIENTED_EDGE('',*,*,#3320,.F.);
#4521=ORIENTED_EDGE('',*,*,#3321,.T.);
#4522=ORIENTED_EDGE('',*,*,#3322,.T.);
#4523=ORIENTED_EDGE('',*,*,#3318,.F.);
#4524=ORIENTED_EDGE('',*,*,#3323,.F.);
#4525=ORIENTED_EDGE('',*,*,#3324,.T.);
#4526=ORIENTED_EDGE('',*,*,#3325,.T.);
#4527=ORIENTED_EDGE('',*,*,#3321,.F.);
#4528=ORIENTED_EDGE('',*,*,#3326,.F.);
#4529=ORIENTED_EDGE('',*,*,#3327,.T.);
#4530=ORIENTED_EDGE('',*,*,#3328,.T.);
#4531=ORIENTED_EDGE('',*,*,#3324,.F.);
#4532=ORIENTED_EDGE('',*,*,#3329,.F.);
#4533=ORIENTED_EDGE('',*,*,#3330,.T.);
#4534=ORIENTED_EDGE('',*,*,#3331,.T.);
#4535=ORIENTED_EDGE('',*,*,#3327,.F.);
#4536=ORIENTED_EDGE('',*,*,#3332,.F.);
#4537=ORIENTED_EDGE('',*,*,#3333,.T.);
#4538=ORIENTED_EDGE('',*,*,#3334,.T.);
#4539=ORIENTED_EDGE('',*,*,#3330,.F.);
#4540=ORIENTED_EDGE('',*,*,#3335,.F.);
#4541=ORIENTED_EDGE('',*,*,#3336,.T.);
#4542=ORIENTED_EDGE('',*,*,#3337,.T.);
#4543=ORIENTED_EDGE('',*,*,#3333,.F.);
#4544=ORIENTED_EDGE('',*,*,#3338,.F.);
#4545=ORIENTED_EDGE('',*,*,#3339,.T.);
#4546=ORIENTED_EDGE('',*,*,#3340,.T.);
#4547=ORIENTED_EDGE('',*,*,#3336,.F.);
#4548=ORIENTED_EDGE('',*,*,#3341,.F.);
#4549=ORIENTED_EDGE('',*,*,#3342,.T.);
#4550=ORIENTED_EDGE('',*,*,#3343,.T.);
#4551=ORIENTED_EDGE('',*,*,#3339,.F.);
#4552=ORIENTED_EDGE('',*,*,#3344,.F.);
#4553=ORIENTED_EDGE('',*,*,#3268,.T.);
#4554=ORIENTED_EDGE('',*,*,#3345,.T.);
#4555=ORIENTED_EDGE('',*,*,#3342,.F.);
#4556=ORIENTED_EDGE('',*,*,#3345,.F.);
#4557=ORIENTED_EDGE('',*,*,#3267,.F.);
#4558=ORIENTED_EDGE('',*,*,#3271,.F.);
#4559=ORIENTED_EDGE('',*,*,#3274,.F.);
#4560=ORIENTED_EDGE('',*,*,#3277,.F.);
#4561=ORIENTED_EDGE('',*,*,#3280,.F.);
#4562=ORIENTED_EDGE('',*,*,#3283,.F.);
#4563=ORIENTED_EDGE('',*,*,#3286,.F.);
#4564=ORIENTED_EDGE('',*,*,#3289,.F.);
#4565=ORIENTED_EDGE('',*,*,#3292,.F.);
#4566=ORIENTED_EDGE('',*,*,#3295,.F.);
#4567=ORIENTED_EDGE('',*,*,#3298,.F.);
#4568=ORIENTED_EDGE('',*,*,#3301,.F.);
#4569=ORIENTED_EDGE('',*,*,#3304,.F.);
#4570=ORIENTED_EDGE('',*,*,#3307,.F.);
#4571=ORIENTED_EDGE('',*,*,#3310,.F.);
#4572=ORIENTED_EDGE('',*,*,#3313,.F.);
#4573=ORIENTED_EDGE('',*,*,#3316,.F.);
#4574=ORIENTED_EDGE('',*,*,#3319,.F.);
#4575=ORIENTED_EDGE('',*,*,#3322,.F.);
#4576=ORIENTED_EDGE('',*,*,#3325,.F.);
#4577=ORIENTED_EDGE('',*,*,#3328,.F.);
#4578=ORIENTED_EDGE('',*,*,#3331,.F.);
#4579=ORIENTED_EDGE('',*,*,#3334,.F.);
#4580=ORIENTED_EDGE('',*,*,#3337,.F.);
#4581=ORIENTED_EDGE('',*,*,#3340,.F.);
#4582=ORIENTED_EDGE('',*,*,#3343,.F.);
#4583=ORIENTED_EDGE('',*,*,#3264,.F.);
#4584=ORIENTED_EDGE('',*,*,#3237,.F.);
#4585=ORIENTED_EDGE('',*,*,#3241,.F.);
#4586=ORIENTED_EDGE('',*,*,#3244,.F.);
#4587=ORIENTED_EDGE('',*,*,#3247,.F.);
#4588=ORIENTED_EDGE('',*,*,#3250,.F.);
#4589=ORIENTED_EDGE('',*,*,#3253,.F.);
#4590=ORIENTED_EDGE('',*,*,#3256,.F.);
#4591=ORIENTED_EDGE('',*,*,#3259,.F.);
#4592=ORIENTED_EDGE('',*,*,#3262,.F.);
#4593=ORIENTED_EDGE('',*,*,#3346,.F.);
#4594=ORIENTED_EDGE('',*,*,#3347,.T.);
#4595=ORIENTED_EDGE('',*,*,#3348,.T.);
#4596=ORIENTED_EDGE('',*,*,#3349,.F.);
#4597=ORIENTED_EDGE('',*,*,#3350,.F.);
#4598=ORIENTED_EDGE('',*,*,#3351,.T.);
#4599=ORIENTED_EDGE('',*,*,#3352,.T.);
#4600=ORIENTED_EDGE('',*,*,#3347,.F.);
#4601=ORIENTED_EDGE('',*,*,#3353,.F.);
#4602=ORIENTED_EDGE('',*,*,#3354,.T.);
#4603=ORIENTED_EDGE('',*,*,#3355,.T.);
#4604=ORIENTED_EDGE('',*,*,#3351,.F.);
#4605=ORIENTED_EDGE('',*,*,#3356,.F.);
#4606=ORIENTED_EDGE('',*,*,#3357,.T.);
#4607=ORIENTED_EDGE('',*,*,#3358,.T.);
#4608=ORIENTED_EDGE('',*,*,#3354,.F.);
#4609=ORIENTED_EDGE('',*,*,#3359,.F.);
#4610=ORIENTED_EDGE('',*,*,#3360,.T.);
#4611=ORIENTED_EDGE('',*,*,#3361,.T.);
#4612=ORIENTED_EDGE('',*,*,#3357,.F.);
#4613=ORIENTED_EDGE('',*,*,#3362,.F.);
#4614=ORIENTED_EDGE('',*,*,#3363,.T.);
#4615=ORIENTED_EDGE('',*,*,#3364,.T.);
#4616=ORIENTED_EDGE('',*,*,#3360,.F.);
#4617=ORIENTED_EDGE('',*,*,#3365,.F.);
#4618=ORIENTED_EDGE('',*,*,#3366,.T.);
#4619=ORIENTED_EDGE('',*,*,#3367,.T.);
#4620=ORIENTED_EDGE('',*,*,#3363,.F.);
#4621=ORIENTED_EDGE('',*,*,#3368,.F.);
#4622=ORIENTED_EDGE('',*,*,#3349,.T.);
#4623=ORIENTED_EDGE('',*,*,#3369,.T.);
#4624=ORIENTED_EDGE('',*,*,#3366,.F.);
#4625=ORIENTED_EDGE('',*,*,#3370,.F.);
#4626=ORIENTED_EDGE('',*,*,#3371,.T.);
#4627=ORIENTED_EDGE('',*,*,#3372,.T.);
#4628=ORIENTED_EDGE('',*,*,#3373,.F.);
#4629=ORIENTED_EDGE('',*,*,#3374,.F.);
#4630=ORIENTED_EDGE('',*,*,#3375,.T.);
#4631=ORIENTED_EDGE('',*,*,#3376,.T.);
#4632=ORIENTED_EDGE('',*,*,#3371,.F.);
#4633=ORIENTED_EDGE('',*,*,#3377,.F.);
#4634=ORIENTED_EDGE('',*,*,#3378,.T.);
#4635=ORIENTED_EDGE('',*,*,#3379,.T.);
#4636=ORIENTED_EDGE('',*,*,#3375,.F.);
#4637=ORIENTED_EDGE('',*,*,#3380,.F.);
#4638=ORIENTED_EDGE('',*,*,#3381,.T.);
#4639=ORIENTED_EDGE('',*,*,#3382,.T.);
#4640=ORIENTED_EDGE('',*,*,#3378,.F.);
#4641=ORIENTED_EDGE('',*,*,#3383,.F.);
#4642=ORIENTED_EDGE('',*,*,#3384,.T.);
#4643=ORIENTED_EDGE('',*,*,#3385,.T.);
#4644=ORIENTED_EDGE('',*,*,#3381,.F.);
#4645=ORIENTED_EDGE('',*,*,#3386,.F.);
#4646=ORIENTED_EDGE('',*,*,#3387,.T.);
#4647=ORIENTED_EDGE('',*,*,#3388,.T.);
#4648=ORIENTED_EDGE('',*,*,#3384,.F.);
#4649=ORIENTED_EDGE('',*,*,#3389,.F.);
#4650=ORIENTED_EDGE('',*,*,#3390,.T.);
#4651=ORIENTED_EDGE('',*,*,#3391,.T.);
#4652=ORIENTED_EDGE('',*,*,#3387,.F.);
#4653=ORIENTED_EDGE('',*,*,#3392,.F.);
#4654=ORIENTED_EDGE('',*,*,#3393,.T.);
#4655=ORIENTED_EDGE('',*,*,#3394,.T.);
#4656=ORIENTED_EDGE('',*,*,#3390,.F.);
#4657=ORIENTED_EDGE('',*,*,#3395,.F.);
#4658=ORIENTED_EDGE('',*,*,#3396,.T.);
#4659=ORIENTED_EDGE('',*,*,#3397,.T.);
#4660=ORIENTED_EDGE('',*,*,#3393,.F.);
#4661=ORIENTED_EDGE('',*,*,#3398,.F.);
#4662=ORIENTED_EDGE('',*,*,#3399,.T.);
#4663=ORIENTED_EDGE('',*,*,#3400,.T.);
#4664=ORIENTED_EDGE('',*,*,#3396,.F.);
#4665=ORIENTED_EDGE('',*,*,#3401,.F.);
#4666=ORIENTED_EDGE('',*,*,#3373,.T.);
#4667=ORIENTED_EDGE('',*,*,#3402,.T.);
#4668=ORIENTED_EDGE('',*,*,#3399,.F.);
#4669=ORIENTED_EDGE('',*,*,#3402,.F.);
#4670=ORIENTED_EDGE('',*,*,#3372,.F.);
#4671=ORIENTED_EDGE('',*,*,#3376,.F.);
#4672=ORIENTED_EDGE('',*,*,#3379,.F.);
#4673=ORIENTED_EDGE('',*,*,#3382,.F.);
#4674=ORIENTED_EDGE('',*,*,#3385,.F.);
#4675=ORIENTED_EDGE('',*,*,#3388,.F.);
#4676=ORIENTED_EDGE('',*,*,#3391,.F.);
#4677=ORIENTED_EDGE('',*,*,#3394,.F.);
#4678=ORIENTED_EDGE('',*,*,#3397,.F.);
#4679=ORIENTED_EDGE('',*,*,#3400,.F.);
#4680=ORIENTED_EDGE('',*,*,#3369,.F.);
#4681=ORIENTED_EDGE('',*,*,#3348,.F.);
#4682=ORIENTED_EDGE('',*,*,#3352,.F.);
#4683=ORIENTED_EDGE('',*,*,#3355,.F.);
#4684=ORIENTED_EDGE('',*,*,#3358,.F.);
#4685=ORIENTED_EDGE('',*,*,#3361,.F.);
#4686=ORIENTED_EDGE('',*,*,#3364,.F.);
#4687=ORIENTED_EDGE('',*,*,#3367,.F.);
#4688=ORIENTED_EDGE('',*,*,#3403,.F.);
#4689=ORIENTED_EDGE('',*,*,#3404,.T.);
#4690=ORIENTED_EDGE('',*,*,#3405,.T.);
#4691=ORIENTED_EDGE('',*,*,#3406,.F.);
#4692=ORIENTED_EDGE('',*,*,#3407,.F.);
#4693=ORIENTED_EDGE('',*,*,#3408,.T.);
#4694=ORIENTED_EDGE('',*,*,#3409,.T.);
#4695=ORIENTED_EDGE('',*,*,#3404,.F.);
#4696=ORIENTED_EDGE('',*,*,#3410,.F.);
#4697=ORIENTED_EDGE('',*,*,#3411,.T.);
#4698=ORIENTED_EDGE('',*,*,#3412,.T.);
#4699=ORIENTED_EDGE('',*,*,#3408,.F.);
#4700=ORIENTED_EDGE('',*,*,#3413,.F.);
#4701=ORIENTED_EDGE('',*,*,#3414,.T.);
#4702=ORIENTED_EDGE('',*,*,#3415,.T.);
#4703=ORIENTED_EDGE('',*,*,#3411,.F.);
#4704=ORIENTED_EDGE('',*,*,#3416,.F.);
#4705=ORIENTED_EDGE('',*,*,#3417,.T.);
#4706=ORIENTED_EDGE('',*,*,#3418,.T.);
#4707=ORIENTED_EDGE('',*,*,#3414,.F.);
#4708=ORIENTED_EDGE('',*,*,#3419,.F.);
#4709=ORIENTED_EDGE('',*,*,#3420,.T.);
#4710=ORIENTED_EDGE('',*,*,#3421,.T.);
#4711=ORIENTED_EDGE('',*,*,#3417,.F.);
#4712=ORIENTED_EDGE('',*,*,#3422,.F.);
#4713=ORIENTED_EDGE('',*,*,#3423,.T.);
#4714=ORIENTED_EDGE('',*,*,#3424,.T.);
#4715=ORIENTED_EDGE('',*,*,#3420,.F.);
#4716=ORIENTED_EDGE('',*,*,#3425,.F.);
#4717=ORIENTED_EDGE('',*,*,#3426,.T.);
#4718=ORIENTED_EDGE('',*,*,#3427,.T.);
#4719=ORIENTED_EDGE('',*,*,#3423,.F.);
#4720=ORIENTED_EDGE('',*,*,#3428,.F.);
#4721=ORIENTED_EDGE('',*,*,#3429,.T.);
#4722=ORIENTED_EDGE('',*,*,#3430,.T.);
#4723=ORIENTED_EDGE('',*,*,#3426,.F.);
#4724=ORIENTED_EDGE('',*,*,#3431,.F.);
#4725=ORIENTED_EDGE('',*,*,#3432,.T.);
#4726=ORIENTED_EDGE('',*,*,#3433,.T.);
#4727=ORIENTED_EDGE('',*,*,#3429,.F.);
#4728=ORIENTED_EDGE('',*,*,#3434,.F.);
#4729=ORIENTED_EDGE('',*,*,#3435,.T.);
#4730=ORIENTED_EDGE('',*,*,#3436,.T.);
#4731=ORIENTED_EDGE('',*,*,#3432,.F.);
#4732=ORIENTED_EDGE('',*,*,#3437,.F.);
#4733=ORIENTED_EDGE('',*,*,#3438,.T.);
#4734=ORIENTED_EDGE('',*,*,#3439,.T.);
#4735=ORIENTED_EDGE('',*,*,#3435,.F.);
#4736=ORIENTED_EDGE('',*,*,#3440,.F.);
#4737=ORIENTED_EDGE('',*,*,#3406,.T.);
#4738=ORIENTED_EDGE('',*,*,#3441,.T.);
#4739=ORIENTED_EDGE('',*,*,#3438,.F.);
#4740=ORIENTED_EDGE('',*,*,#3441,.F.);
#4741=ORIENTED_EDGE('',*,*,#3405,.F.);
#4742=ORIENTED_EDGE('',*,*,#3409,.F.);
#4743=ORIENTED_EDGE('',*,*,#3412,.F.);
#4744=ORIENTED_EDGE('',*,*,#3415,.F.);
#4745=ORIENTED_EDGE('',*,*,#3418,.F.);
#4746=ORIENTED_EDGE('',*,*,#3421,.F.);
#4747=ORIENTED_EDGE('',*,*,#3424,.F.);
#4748=ORIENTED_EDGE('',*,*,#3427,.F.);
#4749=ORIENTED_EDGE('',*,*,#3430,.F.);
#4750=ORIENTED_EDGE('',*,*,#3433,.F.);
#4751=ORIENTED_EDGE('',*,*,#3436,.F.);
#4752=ORIENTED_EDGE('',*,*,#3439,.F.);
#4753=ORIENTED_EDGE('',*,*,#3442,.F.);
#4754=ORIENTED_EDGE('',*,*,#3443,.T.);
#4755=ORIENTED_EDGE('',*,*,#3444,.T.);
#4756=ORIENTED_EDGE('',*,*,#3445,.F.);
#4757=ORIENTED_EDGE('',*,*,#3446,.F.);
#4758=ORIENTED_EDGE('',*,*,#3447,.T.);
#4759=ORIENTED_EDGE('',*,*,#3448,.T.);
#4760=ORIENTED_EDGE('',*,*,#3443,.F.);
#4761=ORIENTED_EDGE('',*,*,#3449,.F.);
#4762=ORIENTED_EDGE('',*,*,#3450,.T.);
#4763=ORIENTED_EDGE('',*,*,#3451,.T.);
#4764=ORIENTED_EDGE('',*,*,#3447,.F.);
#4765=ORIENTED_EDGE('',*,*,#3452,.F.);
#4766=ORIENTED_EDGE('',*,*,#3453,.T.);
#4767=ORIENTED_EDGE('',*,*,#3454,.T.);
#4768=ORIENTED_EDGE('',*,*,#3450,.F.);
#4769=ORIENTED_EDGE('',*,*,#3455,.F.);
#4770=ORIENTED_EDGE('',*,*,#3456,.T.);
#4771=ORIENTED_EDGE('',*,*,#3457,.T.);
#4772=ORIENTED_EDGE('',*,*,#3453,.F.);
#4773=ORIENTED_EDGE('',*,*,#3458,.F.);
#4774=ORIENTED_EDGE('',*,*,#3459,.T.);
#4775=ORIENTED_EDGE('',*,*,#3460,.T.);
#4776=ORIENTED_EDGE('',*,*,#3456,.F.);
#4777=ORIENTED_EDGE('',*,*,#3461,.F.);
#4778=ORIENTED_EDGE('',*,*,#3462,.T.);
#4779=ORIENTED_EDGE('',*,*,#3463,.T.);
#4780=ORIENTED_EDGE('',*,*,#3459,.F.);
#4781=ORIENTED_EDGE('',*,*,#3464,.F.);
#4782=ORIENTED_EDGE('',*,*,#3445,.T.);
#4783=ORIENTED_EDGE('',*,*,#3465,.T.);
#4784=ORIENTED_EDGE('',*,*,#3462,.F.);
#4785=ORIENTED_EDGE('',*,*,#3466,.F.);
#4786=ORIENTED_EDGE('',*,*,#3467,.T.);
#4787=ORIENTED_EDGE('',*,*,#3468,.T.);
#4788=ORIENTED_EDGE('',*,*,#3469,.F.);
#4789=ORIENTED_EDGE('',*,*,#3470,.F.);
#4790=ORIENTED_EDGE('',*,*,#3471,.T.);
#4791=ORIENTED_EDGE('',*,*,#3472,.T.);
#4792=ORIENTED_EDGE('',*,*,#3467,.F.);
#4793=ORIENTED_EDGE('',*,*,#3473,.F.);
#4794=ORIENTED_EDGE('',*,*,#3474,.T.);
#4795=ORIENTED_EDGE('',*,*,#3475,.T.);
#4796=ORIENTED_EDGE('',*,*,#3471,.F.);
#4797=ORIENTED_EDGE('',*,*,#3476,.F.);
#4798=ORIENTED_EDGE('',*,*,#3477,.T.);
#4799=ORIENTED_EDGE('',*,*,#3478,.T.);
#4800=ORIENTED_EDGE('',*,*,#3474,.F.);
#4801=ORIENTED_EDGE('',*,*,#3479,.F.);
#4802=ORIENTED_EDGE('',*,*,#3480,.T.);
#4803=ORIENTED_EDGE('',*,*,#3481,.T.);
#4804=ORIENTED_EDGE('',*,*,#3477,.F.);
#4805=ORIENTED_EDGE('',*,*,#3482,.F.);
#4806=ORIENTED_EDGE('',*,*,#3483,.T.);
#4807=ORIENTED_EDGE('',*,*,#3484,.T.);
#4808=ORIENTED_EDGE('',*,*,#3480,.F.);
#4809=ORIENTED_EDGE('',*,*,#3485,.F.);
#4810=ORIENTED_EDGE('',*,*,#3486,.T.);
#4811=ORIENTED_EDGE('',*,*,#3487,.T.);
#4812=ORIENTED_EDGE('',*,*,#3483,.F.);
#4813=ORIENTED_EDGE('',*,*,#3488,.F.);
#4814=ORIENTED_EDGE('',*,*,#3489,.T.);
#4815=ORIENTED_EDGE('',*,*,#3490,.T.);
#4816=ORIENTED_EDGE('',*,*,#3486,.F.);
#4817=ORIENTED_EDGE('',*,*,#3491,.F.);
#4818=ORIENTED_EDGE('',*,*,#3492,.T.);
#4819=ORIENTED_EDGE('',*,*,#3493,.T.);
#4820=ORIENTED_EDGE('',*,*,#3489,.F.);
#4821=ORIENTED_EDGE('',*,*,#3494,.F.);
#4822=ORIENTED_EDGE('',*,*,#3495,.T.);
#4823=ORIENTED_EDGE('',*,*,#3496,.T.);
#4824=ORIENTED_EDGE('',*,*,#3492,.F.);
#4825=ORIENTED_EDGE('',*,*,#3497,.F.);
#4826=ORIENTED_EDGE('',*,*,#3498,.T.);
#4827=ORIENTED_EDGE('',*,*,#3499,.T.);
#4828=ORIENTED_EDGE('',*,*,#3495,.F.);
#4829=ORIENTED_EDGE('',*,*,#3500,.F.);
#4830=ORIENTED_EDGE('',*,*,#3501,.T.);
#4831=ORIENTED_EDGE('',*,*,#3502,.T.);
#4832=ORIENTED_EDGE('',*,*,#3498,.F.);
#4833=ORIENTED_EDGE('',*,*,#3503,.F.);
#4834=ORIENTED_EDGE('',*,*,#3504,.T.);
#4835=ORIENTED_EDGE('',*,*,#3505,.T.);
#4836=ORIENTED_EDGE('',*,*,#3501,.F.);
#4837=ORIENTED_EDGE('',*,*,#3506,.F.);
#4838=ORIENTED_EDGE('',*,*,#3469,.T.);
#4839=ORIENTED_EDGE('',*,*,#3507,.T.);
#4840=ORIENTED_EDGE('',*,*,#3504,.F.);
#4841=ORIENTED_EDGE('',*,*,#3507,.F.);
#4842=ORIENTED_EDGE('',*,*,#3468,.F.);
#4843=ORIENTED_EDGE('',*,*,#3472,.F.);
#4844=ORIENTED_EDGE('',*,*,#3475,.F.);
#4845=ORIENTED_EDGE('',*,*,#3478,.F.);
#4846=ORIENTED_EDGE('',*,*,#3481,.F.);
#4847=ORIENTED_EDGE('',*,*,#3484,.F.);
#4848=ORIENTED_EDGE('',*,*,#3487,.F.);
#4849=ORIENTED_EDGE('',*,*,#3490,.F.);
#4850=ORIENTED_EDGE('',*,*,#3493,.F.);
#4851=ORIENTED_EDGE('',*,*,#3496,.F.);
#4852=ORIENTED_EDGE('',*,*,#3499,.F.);
#4853=ORIENTED_EDGE('',*,*,#3502,.F.);
#4854=ORIENTED_EDGE('',*,*,#3505,.F.);
#4855=ORIENTED_EDGE('',*,*,#3465,.F.);
#4856=ORIENTED_EDGE('',*,*,#3444,.F.);
#4857=ORIENTED_EDGE('',*,*,#3448,.F.);
#4858=ORIENTED_EDGE('',*,*,#3451,.F.);
#4859=ORIENTED_EDGE('',*,*,#3454,.F.);
#4860=ORIENTED_EDGE('',*,*,#3457,.F.);
#4861=ORIENTED_EDGE('',*,*,#3460,.F.);
#4862=ORIENTED_EDGE('',*,*,#3463,.F.);
#4863=ORIENTED_EDGE('',*,*,#3508,.F.);
#4864=ORIENTED_EDGE('',*,*,#3509,.T.);
#4865=ORIENTED_EDGE('',*,*,#3510,.T.);
#4866=ORIENTED_EDGE('',*,*,#3511,.F.);
#4867=ORIENTED_EDGE('',*,*,#3512,.F.);
#4868=ORIENTED_EDGE('',*,*,#3513,.T.);
#4869=ORIENTED_EDGE('',*,*,#3514,.T.);
#4870=ORIENTED_EDGE('',*,*,#3509,.F.);
#4871=ORIENTED_EDGE('',*,*,#3515,.F.);
#4872=ORIENTED_EDGE('',*,*,#3516,.T.);
#4873=ORIENTED_EDGE('',*,*,#3517,.T.);
#4874=ORIENTED_EDGE('',*,*,#3513,.F.);
#4875=ORIENTED_EDGE('',*,*,#3518,.F.);
#4876=ORIENTED_EDGE('',*,*,#3519,.T.);
#4877=ORIENTED_EDGE('',*,*,#3520,.T.);
#4878=ORIENTED_EDGE('',*,*,#3516,.F.);
#4879=ORIENTED_EDGE('',*,*,#3521,.F.);
#4880=ORIENTED_EDGE('',*,*,#3522,.T.);
#4881=ORIENTED_EDGE('',*,*,#3523,.T.);
#4882=ORIENTED_EDGE('',*,*,#3519,.F.);
#4883=ORIENTED_EDGE('',*,*,#3524,.F.);
#4884=ORIENTED_EDGE('',*,*,#3525,.T.);
#4885=ORIENTED_EDGE('',*,*,#3526,.T.);
#4886=ORIENTED_EDGE('',*,*,#3522,.F.);
#4887=ORIENTED_EDGE('',*,*,#3527,.F.);
#4888=ORIENTED_EDGE('',*,*,#3528,.T.);
#4889=ORIENTED_EDGE('',*,*,#3529,.T.);
#4890=ORIENTED_EDGE('',*,*,#3525,.F.);
#4891=ORIENTED_EDGE('',*,*,#3530,.F.);
#4892=ORIENTED_EDGE('',*,*,#3531,.T.);
#4893=ORIENTED_EDGE('',*,*,#3532,.T.);
#4894=ORIENTED_EDGE('',*,*,#3528,.F.);
#4895=ORIENTED_EDGE('',*,*,#3533,.F.);
#4896=ORIENTED_EDGE('',*,*,#3534,.T.);
#4897=ORIENTED_EDGE('',*,*,#3535,.T.);
#4898=ORIENTED_EDGE('',*,*,#3531,.F.);
#4899=ORIENTED_EDGE('',*,*,#3536,.F.);
#4900=ORIENTED_EDGE('',*,*,#3537,.T.);
#4901=ORIENTED_EDGE('',*,*,#3538,.T.);
#4902=ORIENTED_EDGE('',*,*,#3534,.F.);
#4903=ORIENTED_EDGE('',*,*,#3539,.F.);
#4904=ORIENTED_EDGE('',*,*,#3540,.T.);
#4905=ORIENTED_EDGE('',*,*,#3541,.T.);
#4906=ORIENTED_EDGE('',*,*,#3537,.F.);
#4907=ORIENTED_EDGE('',*,*,#3542,.F.);
#4908=ORIENTED_EDGE('',*,*,#3543,.T.);
#4909=ORIENTED_EDGE('',*,*,#3544,.T.);
#4910=ORIENTED_EDGE('',*,*,#3540,.F.);
#4911=ORIENTED_EDGE('',*,*,#3545,.F.);
#4912=ORIENTED_EDGE('',*,*,#3546,.T.);
#4913=ORIENTED_EDGE('',*,*,#3547,.T.);
#4914=ORIENTED_EDGE('',*,*,#3543,.F.);
#4915=ORIENTED_EDGE('',*,*,#3548,.F.);
#4916=ORIENTED_EDGE('',*,*,#3549,.T.);
#4917=ORIENTED_EDGE('',*,*,#3550,.T.);
#4918=ORIENTED_EDGE('',*,*,#3546,.F.);
#4919=ORIENTED_EDGE('',*,*,#3551,.F.);
#4920=ORIENTED_EDGE('',*,*,#3511,.T.);
#4921=ORIENTED_EDGE('',*,*,#3552,.T.);
#4922=ORIENTED_EDGE('',*,*,#3549,.F.);
#4923=ORIENTED_EDGE('',*,*,#3552,.F.);
#4924=ORIENTED_EDGE('',*,*,#3510,.F.);
#4925=ORIENTED_EDGE('',*,*,#3514,.F.);
#4926=ORIENTED_EDGE('',*,*,#3517,.F.);
#4927=ORIENTED_EDGE('',*,*,#3520,.F.);
#4928=ORIENTED_EDGE('',*,*,#3523,.F.);
#4929=ORIENTED_EDGE('',*,*,#3526,.F.);
#4930=ORIENTED_EDGE('',*,*,#3529,.F.);
#4931=ORIENTED_EDGE('',*,*,#3532,.F.);
#4932=ORIENTED_EDGE('',*,*,#3535,.F.);
#4933=ORIENTED_EDGE('',*,*,#3538,.F.);
#4934=ORIENTED_EDGE('',*,*,#3541,.F.);
#4935=ORIENTED_EDGE('',*,*,#3544,.F.);
#4936=ORIENTED_EDGE('',*,*,#3547,.F.);
#4937=ORIENTED_EDGE('',*,*,#3550,.F.);
#4938=ORIENTED_EDGE('',*,*,#3553,.F.);
#4939=ORIENTED_EDGE('',*,*,#3554,.T.);
#4940=ORIENTED_EDGE('',*,*,#3555,.T.);
#4941=ORIENTED_EDGE('',*,*,#3556,.F.);
#4942=ORIENTED_EDGE('',*,*,#3557,.F.);
#4943=ORIENTED_EDGE('',*,*,#3558,.T.);
#4944=ORIENTED_EDGE('',*,*,#3559,.T.);
#4945=ORIENTED_EDGE('',*,*,#3554,.F.);
#4946=ORIENTED_EDGE('',*,*,#3560,.F.);
#4947=ORIENTED_EDGE('',*,*,#3561,.T.);
#4948=ORIENTED_EDGE('',*,*,#3562,.T.);
#4949=ORIENTED_EDGE('',*,*,#3558,.F.);
#4950=ORIENTED_EDGE('',*,*,#3563,.F.);
#4951=ORIENTED_EDGE('',*,*,#3564,.T.);
#4952=ORIENTED_EDGE('',*,*,#3565,.T.);
#4953=ORIENTED_EDGE('',*,*,#3561,.F.);
#4954=ORIENTED_EDGE('',*,*,#3566,.F.);
#4955=ORIENTED_EDGE('',*,*,#3567,.T.);
#4956=ORIENTED_EDGE('',*,*,#3568,.T.);
#4957=ORIENTED_EDGE('',*,*,#3564,.F.);
#4958=ORIENTED_EDGE('',*,*,#3569,.F.);
#4959=ORIENTED_EDGE('',*,*,#3570,.T.);
#4960=ORIENTED_EDGE('',*,*,#3571,.T.);
#4961=ORIENTED_EDGE('',*,*,#3567,.F.);
#4962=ORIENTED_EDGE('',*,*,#3572,.F.);
#4963=ORIENTED_EDGE('',*,*,#3573,.T.);
#4964=ORIENTED_EDGE('',*,*,#3574,.T.);
#4965=ORIENTED_EDGE('',*,*,#3570,.F.);
#4966=ORIENTED_EDGE('',*,*,#3575,.F.);
#4967=ORIENTED_EDGE('',*,*,#3576,.T.);
#4968=ORIENTED_EDGE('',*,*,#3577,.T.);
#4969=ORIENTED_EDGE('',*,*,#3573,.F.);
#4970=ORIENTED_EDGE('',*,*,#3578,.F.);
#4971=ORIENTED_EDGE('',*,*,#3579,.T.);
#4972=ORIENTED_EDGE('',*,*,#3580,.T.);
#4973=ORIENTED_EDGE('',*,*,#3576,.F.);
#4974=ORIENTED_EDGE('',*,*,#3581,.F.);
#4975=ORIENTED_EDGE('',*,*,#3582,.T.);
#4976=ORIENTED_EDGE('',*,*,#3583,.T.);
#4977=ORIENTED_EDGE('',*,*,#3579,.F.);
#4978=ORIENTED_EDGE('',*,*,#3584,.F.);
#4979=ORIENTED_EDGE('',*,*,#3585,.T.);
#4980=ORIENTED_EDGE('',*,*,#3586,.T.);
#4981=ORIENTED_EDGE('',*,*,#3582,.F.);
#4982=ORIENTED_EDGE('',*,*,#3587,.F.);
#4983=ORIENTED_EDGE('',*,*,#3588,.T.);
#4984=ORIENTED_EDGE('',*,*,#3589,.T.);
#4985=ORIENTED_EDGE('',*,*,#3585,.F.);
#4986=ORIENTED_EDGE('',*,*,#3590,.F.);
#4987=ORIENTED_EDGE('',*,*,#3591,.T.);
#4988=ORIENTED_EDGE('',*,*,#3592,.T.);
#4989=ORIENTED_EDGE('',*,*,#3588,.F.);
#4990=ORIENTED_EDGE('',*,*,#3593,.F.);
#4991=ORIENTED_EDGE('',*,*,#3594,.T.);
#4992=ORIENTED_EDGE('',*,*,#3595,.T.);
#4993=ORIENTED_EDGE('',*,*,#3591,.F.);
#4994=ORIENTED_EDGE('',*,*,#3596,.F.);
#4995=ORIENTED_EDGE('',*,*,#3597,.T.);
#4996=ORIENTED_EDGE('',*,*,#3598,.T.);
#4997=ORIENTED_EDGE('',*,*,#3594,.F.);
#4998=ORIENTED_EDGE('',*,*,#3599,.F.);
#4999=ORIENTED_EDGE('',*,*,#3600,.T.);
#5000=ORIENTED_EDGE('',*,*,#3601,.T.);
#5001=ORIENTED_EDGE('',*,*,#3597,.F.);
#5002=ORIENTED_EDGE('',*,*,#3602,.F.);
#5003=ORIENTED_EDGE('',*,*,#3603,.T.);
#5004=ORIENTED_EDGE('',*,*,#3604,.T.);
#5005=ORIENTED_EDGE('',*,*,#3600,.F.);
#5006=ORIENTED_EDGE('',*,*,#3605,.F.);
#5007=ORIENTED_EDGE('',*,*,#3556,.T.);
#5008=ORIENTED_EDGE('',*,*,#3606,.T.);
#5009=ORIENTED_EDGE('',*,*,#3603,.F.);
#5010=ORIENTED_EDGE('',*,*,#3606,.F.);
#5011=ORIENTED_EDGE('',*,*,#3555,.F.);
#5012=ORIENTED_EDGE('',*,*,#3559,.F.);
#5013=ORIENTED_EDGE('',*,*,#3562,.F.);
#5014=ORIENTED_EDGE('',*,*,#3565,.F.);
#5015=ORIENTED_EDGE('',*,*,#3568,.F.);
#5016=ORIENTED_EDGE('',*,*,#3571,.F.);
#5017=ORIENTED_EDGE('',*,*,#3574,.F.);
#5018=ORIENTED_EDGE('',*,*,#3577,.F.);
#5019=ORIENTED_EDGE('',*,*,#3580,.F.);
#5020=ORIENTED_EDGE('',*,*,#3583,.F.);
#5021=ORIENTED_EDGE('',*,*,#3586,.F.);
#5022=ORIENTED_EDGE('',*,*,#3589,.F.);
#5023=ORIENTED_EDGE('',*,*,#3592,.F.);
#5024=ORIENTED_EDGE('',*,*,#3595,.F.);
#5025=ORIENTED_EDGE('',*,*,#3598,.F.);
#5026=ORIENTED_EDGE('',*,*,#3601,.F.);
#5027=ORIENTED_EDGE('',*,*,#3604,.F.);
#5028=ORIENTED_EDGE('',*,*,#3607,.F.);
#5029=ORIENTED_EDGE('',*,*,#3608,.T.);
#5030=ORIENTED_EDGE('',*,*,#3609,.T.);
#5031=ORIENTED_EDGE('',*,*,#3610,.F.);
#5032=ORIENTED_EDGE('',*,*,#3611,.F.);
#5033=ORIENTED_EDGE('',*,*,#3612,.T.);
#5034=ORIENTED_EDGE('',*,*,#3613,.T.);
#5035=ORIENTED_EDGE('',*,*,#3608,.F.);
#5036=ORIENTED_EDGE('',*,*,#3614,.F.);
#5037=ORIENTED_EDGE('',*,*,#3615,.T.);
#5038=ORIENTED_EDGE('',*,*,#3616,.T.);
#5039=ORIENTED_EDGE('',*,*,#3612,.F.);
#5040=ORIENTED_EDGE('',*,*,#3617,.F.);
#5041=ORIENTED_EDGE('',*,*,#3618,.T.);
#5042=ORIENTED_EDGE('',*,*,#3619,.T.);
#5043=ORIENTED_EDGE('',*,*,#3615,.F.);
#5044=ORIENTED_EDGE('',*,*,#3620,.F.);
#5045=ORIENTED_EDGE('',*,*,#3621,.T.);
#5046=ORIENTED_EDGE('',*,*,#3622,.T.);
#5047=ORIENTED_EDGE('',*,*,#3618,.F.);
#5048=ORIENTED_EDGE('',*,*,#3623,.F.);
#5049=ORIENTED_EDGE('',*,*,#3624,.T.);
#5050=ORIENTED_EDGE('',*,*,#3625,.T.);
#5051=ORIENTED_EDGE('',*,*,#3621,.F.);
#5052=ORIENTED_EDGE('',*,*,#3626,.F.);
#5053=ORIENTED_EDGE('',*,*,#3627,.T.);
#5054=ORIENTED_EDGE('',*,*,#3628,.T.);
#5055=ORIENTED_EDGE('',*,*,#3624,.F.);
#5056=ORIENTED_EDGE('',*,*,#3629,.F.);
#5057=ORIENTED_EDGE('',*,*,#3630,.T.);
#5058=ORIENTED_EDGE('',*,*,#3631,.T.);
#5059=ORIENTED_EDGE('',*,*,#3627,.F.);
#5060=ORIENTED_EDGE('',*,*,#3632,.F.);
#5061=ORIENTED_EDGE('',*,*,#3610,.T.);
#5062=ORIENTED_EDGE('',*,*,#3633,.T.);
#5063=ORIENTED_EDGE('',*,*,#3630,.F.);
#5064=ORIENTED_EDGE('',*,*,#3634,.F.);
#5065=ORIENTED_EDGE('',*,*,#3635,.T.);
#5066=ORIENTED_EDGE('',*,*,#3636,.T.);
#5067=ORIENTED_EDGE('',*,*,#3637,.F.);
#5068=ORIENTED_EDGE('',*,*,#3638,.F.);
#5069=ORIENTED_EDGE('',*,*,#3639,.T.);
#5070=ORIENTED_EDGE('',*,*,#3640,.T.);
#5071=ORIENTED_EDGE('',*,*,#3635,.F.);
#5072=ORIENTED_EDGE('',*,*,#3641,.F.);
#5073=ORIENTED_EDGE('',*,*,#3642,.T.);
#5074=ORIENTED_EDGE('',*,*,#3643,.T.);
#5075=ORIENTED_EDGE('',*,*,#3639,.F.);
#5076=ORIENTED_EDGE('',*,*,#3644,.F.);
#5077=ORIENTED_EDGE('',*,*,#3645,.T.);
#5078=ORIENTED_EDGE('',*,*,#3646,.T.);
#5079=ORIENTED_EDGE('',*,*,#3642,.F.);
#5080=ORIENTED_EDGE('',*,*,#3647,.F.);
#5081=ORIENTED_EDGE('',*,*,#3648,.T.);
#5082=ORIENTED_EDGE('',*,*,#3649,.T.);
#5083=ORIENTED_EDGE('',*,*,#3645,.F.);
#5084=ORIENTED_EDGE('',*,*,#3650,.F.);
#5085=ORIENTED_EDGE('',*,*,#3651,.T.);
#5086=ORIENTED_EDGE('',*,*,#3652,.T.);
#5087=ORIENTED_EDGE('',*,*,#3648,.F.);
#5088=ORIENTED_EDGE('',*,*,#3653,.F.);
#5089=ORIENTED_EDGE('',*,*,#3654,.T.);
#5090=ORIENTED_EDGE('',*,*,#3655,.T.);
#5091=ORIENTED_EDGE('',*,*,#3651,.F.);
#5092=ORIENTED_EDGE('',*,*,#3656,.F.);
#5093=ORIENTED_EDGE('',*,*,#3657,.T.);
#5094=ORIENTED_EDGE('',*,*,#3658,.T.);
#5095=ORIENTED_EDGE('',*,*,#3654,.F.);
#5096=ORIENTED_EDGE('',*,*,#3659,.F.);
#5097=ORIENTED_EDGE('',*,*,#3660,.T.);
#5098=ORIENTED_EDGE('',*,*,#3661,.T.);
#5099=ORIENTED_EDGE('',*,*,#3657,.F.);
#5100=ORIENTED_EDGE('',*,*,#3662,.F.);
#5101=ORIENTED_EDGE('',*,*,#3637,.T.);
#5102=ORIENTED_EDGE('',*,*,#3663,.T.);
#5103=ORIENTED_EDGE('',*,*,#3660,.F.);
#5104=ORIENTED_EDGE('',*,*,#3664,.F.);
#5105=ORIENTED_EDGE('',*,*,#3665,.T.);
#5106=ORIENTED_EDGE('',*,*,#3666,.T.);
#5107=ORIENTED_EDGE('',*,*,#3667,.F.);
#5108=ORIENTED_EDGE('',*,*,#3668,.F.);
#5109=ORIENTED_EDGE('',*,*,#3669,.T.);
#5110=ORIENTED_EDGE('',*,*,#3670,.T.);
#5111=ORIENTED_EDGE('',*,*,#3665,.F.);
#5112=ORIENTED_EDGE('',*,*,#3671,.F.);
#5113=ORIENTED_EDGE('',*,*,#3672,.T.);
#5114=ORIENTED_EDGE('',*,*,#3673,.T.);
#5115=ORIENTED_EDGE('',*,*,#3669,.F.);
#5116=ORIENTED_EDGE('',*,*,#3674,.F.);
#5117=ORIENTED_EDGE('',*,*,#3675,.T.);
#5118=ORIENTED_EDGE('',*,*,#3676,.T.);
#5119=ORIENTED_EDGE('',*,*,#3672,.F.);
#5120=ORIENTED_EDGE('',*,*,#3677,.F.);
#5121=ORIENTED_EDGE('',*,*,#3678,.T.);
#5122=ORIENTED_EDGE('',*,*,#3679,.T.);
#5123=ORIENTED_EDGE('',*,*,#3675,.F.);
#5124=ORIENTED_EDGE('',*,*,#3680,.F.);
#5125=ORIENTED_EDGE('',*,*,#3681,.T.);
#5126=ORIENTED_EDGE('',*,*,#3682,.T.);
#5127=ORIENTED_EDGE('',*,*,#3678,.F.);
#5128=ORIENTED_EDGE('',*,*,#3683,.F.);
#5129=ORIENTED_EDGE('',*,*,#3684,.T.);
#5130=ORIENTED_EDGE('',*,*,#3685,.T.);
#5131=ORIENTED_EDGE('',*,*,#3681,.F.);
#5132=ORIENTED_EDGE('',*,*,#3686,.F.);
#5133=ORIENTED_EDGE('',*,*,#3687,.T.);
#5134=ORIENTED_EDGE('',*,*,#3688,.T.);
#5135=ORIENTED_EDGE('',*,*,#3684,.F.);
#5136=ORIENTED_EDGE('',*,*,#3689,.F.);
#5137=ORIENTED_EDGE('',*,*,#3690,.T.);
#5138=ORIENTED_EDGE('',*,*,#3691,.T.);
#5139=ORIENTED_EDGE('',*,*,#3687,.F.);
#5140=ORIENTED_EDGE('',*,*,#3692,.F.);
#5141=ORIENTED_EDGE('',*,*,#3693,.T.);
#5142=ORIENTED_EDGE('',*,*,#3694,.T.);
#5143=ORIENTED_EDGE('',*,*,#3690,.F.);
#5144=ORIENTED_EDGE('',*,*,#3695,.F.);
#5145=ORIENTED_EDGE('',*,*,#3696,.T.);
#5146=ORIENTED_EDGE('',*,*,#3697,.T.);
#5147=ORIENTED_EDGE('',*,*,#3693,.F.);
#5148=ORIENTED_EDGE('',*,*,#3698,.F.);
#5149=ORIENTED_EDGE('',*,*,#3699,.T.);
#5150=ORIENTED_EDGE('',*,*,#3700,.T.);
#5151=ORIENTED_EDGE('',*,*,#3696,.F.);
#5152=ORIENTED_EDGE('',*,*,#3701,.F.);
#5153=ORIENTED_EDGE('',*,*,#3702,.T.);
#5154=ORIENTED_EDGE('',*,*,#3703,.T.);
#5155=ORIENTED_EDGE('',*,*,#3699,.F.);
#5156=ORIENTED_EDGE('',*,*,#3704,.F.);
#5157=ORIENTED_EDGE('',*,*,#3667,.T.);
#5158=ORIENTED_EDGE('',*,*,#3705,.T.);
#5159=ORIENTED_EDGE('',*,*,#3702,.F.);
#5160=ORIENTED_EDGE('',*,*,#3705,.F.);
#5161=ORIENTED_EDGE('',*,*,#3666,.F.);
#5162=ORIENTED_EDGE('',*,*,#3670,.F.);
#5163=ORIENTED_EDGE('',*,*,#3673,.F.);
#5164=ORIENTED_EDGE('',*,*,#3676,.F.);
#5165=ORIENTED_EDGE('',*,*,#3679,.F.);
#5166=ORIENTED_EDGE('',*,*,#3682,.F.);
#5167=ORIENTED_EDGE('',*,*,#3685,.F.);
#5168=ORIENTED_EDGE('',*,*,#3688,.F.);
#5169=ORIENTED_EDGE('',*,*,#3691,.F.);
#5170=ORIENTED_EDGE('',*,*,#3694,.F.);
#5171=ORIENTED_EDGE('',*,*,#3697,.F.);
#5172=ORIENTED_EDGE('',*,*,#3700,.F.);
#5173=ORIENTED_EDGE('',*,*,#3703,.F.);
#5174=ORIENTED_EDGE('',*,*,#3663,.F.);
#5175=ORIENTED_EDGE('',*,*,#3636,.F.);
#5176=ORIENTED_EDGE('',*,*,#3640,.F.);
#5177=ORIENTED_EDGE('',*,*,#3643,.F.);
#5178=ORIENTED_EDGE('',*,*,#3646,.F.);
#5179=ORIENTED_EDGE('',*,*,#3649,.F.);
#5180=ORIENTED_EDGE('',*,*,#3652,.F.);
#5181=ORIENTED_EDGE('',*,*,#3655,.F.);
#5182=ORIENTED_EDGE('',*,*,#3658,.F.);
#5183=ORIENTED_EDGE('',*,*,#3661,.F.);
#5184=ORIENTED_EDGE('',*,*,#3633,.F.);
#5185=ORIENTED_EDGE('',*,*,#3609,.F.);
#5186=ORIENTED_EDGE('',*,*,#3613,.F.);
#5187=ORIENTED_EDGE('',*,*,#3616,.F.);
#5188=ORIENTED_EDGE('',*,*,#3619,.F.);
#5189=ORIENTED_EDGE('',*,*,#3622,.F.);
#5190=ORIENTED_EDGE('',*,*,#3625,.F.);
#5191=ORIENTED_EDGE('',*,*,#3628,.F.);
#5192=ORIENTED_EDGE('',*,*,#3631,.F.);
#5193=ORIENTED_EDGE('',*,*,#3706,.F.);
#5194=ORIENTED_EDGE('',*,*,#3707,.F.);
#5195=ORIENTED_EDGE('',*,*,#3708,.F.);
#5196=ORIENTED_EDGE('',*,*,#3709,.F.);
#5197=ORIENTED_EDGE('',*,*,#3710,.F.);
#5198=ORIENTED_EDGE('',*,*,#3711,.F.);
#5199=ORIENTED_EDGE('',*,*,#3712,.F.);
#5200=ORIENTED_EDGE('',*,*,#3713,.F.);
#5201=ORIENTED_EDGE('',*,*,#2872,.T.);
#5202=ORIENTED_EDGE('',*,*,#2915,.T.);
#5203=ORIENTED_EDGE('',*,*,#2912,.T.);
#5204=ORIENTED_EDGE('',*,*,#2909,.T.);
#5205=ORIENTED_EDGE('',*,*,#2906,.T.);
#5206=ORIENTED_EDGE('',*,*,#2903,.T.);
#5207=ORIENTED_EDGE('',*,*,#2900,.T.);
#5208=ORIENTED_EDGE('',*,*,#2897,.T.);
#5209=ORIENTED_EDGE('',*,*,#2894,.T.);
#5210=ORIENTED_EDGE('',*,*,#2891,.T.);
#5211=ORIENTED_EDGE('',*,*,#2888,.T.);
#5212=ORIENTED_EDGE('',*,*,#2885,.T.);
#5213=ORIENTED_EDGE('',*,*,#2882,.T.);
#5214=ORIENTED_EDGE('',*,*,#2879,.T.);
#5215=ORIENTED_EDGE('',*,*,#2876,.T.);
#5216=ORIENTED_EDGE('',*,*,#2917,.T.);
#5217=ORIENTED_EDGE('',*,*,#3014,.T.);
#5218=ORIENTED_EDGE('',*,*,#3011,.T.);
#5219=ORIENTED_EDGE('',*,*,#3008,.T.);
#5220=ORIENTED_EDGE('',*,*,#3005,.T.);
#5221=ORIENTED_EDGE('',*,*,#3002,.T.);
#5222=ORIENTED_EDGE('',*,*,#2999,.T.);
#5223=ORIENTED_EDGE('',*,*,#2996,.T.);
#5224=ORIENTED_EDGE('',*,*,#2993,.T.);
#5225=ORIENTED_EDGE('',*,*,#2990,.T.);
#5226=ORIENTED_EDGE('',*,*,#2987,.T.);
#5227=ORIENTED_EDGE('',*,*,#2984,.T.);
#5228=ORIENTED_EDGE('',*,*,#2981,.T.);
#5229=ORIENTED_EDGE('',*,*,#2978,.T.);
#5230=ORIENTED_EDGE('',*,*,#2975,.T.);
#5231=ORIENTED_EDGE('',*,*,#2972,.T.);
#5232=ORIENTED_EDGE('',*,*,#2969,.T.);
#5233=ORIENTED_EDGE('',*,*,#2966,.T.);
#5234=ORIENTED_EDGE('',*,*,#2963,.T.);
#5235=ORIENTED_EDGE('',*,*,#2960,.T.);
#5236=ORIENTED_EDGE('',*,*,#2957,.T.);
#5237=ORIENTED_EDGE('',*,*,#2954,.T.);
#5238=ORIENTED_EDGE('',*,*,#2951,.T.);
#5239=ORIENTED_EDGE('',*,*,#2948,.T.);
#5240=ORIENTED_EDGE('',*,*,#2945,.T.);
#5241=ORIENTED_EDGE('',*,*,#2942,.T.);
#5242=ORIENTED_EDGE('',*,*,#2939,.T.);
#5243=ORIENTED_EDGE('',*,*,#2936,.T.);
#5244=ORIENTED_EDGE('',*,*,#2933,.T.);
#5245=ORIENTED_EDGE('',*,*,#2930,.T.);
#5246=ORIENTED_EDGE('',*,*,#2927,.T.);
#5247=ORIENTED_EDGE('',*,*,#2924,.T.);
#5248=ORIENTED_EDGE('',*,*,#2921,.T.);
#5249=ORIENTED_EDGE('',*,*,#3046,.T.);
#5250=ORIENTED_EDGE('',*,*,#3125,.T.);
#5251=ORIENTED_EDGE('',*,*,#3122,.T.);
#5252=ORIENTED_EDGE('',*,*,#3119,.T.);
#5253=ORIENTED_EDGE('',*,*,#3116,.T.);
#5254=ORIENTED_EDGE('',*,*,#3113,.T.);
#5255=ORIENTED_EDGE('',*,*,#3110,.T.);
#5256=ORIENTED_EDGE('',*,*,#3107,.T.);
#5257=ORIENTED_EDGE('',*,*,#3104,.T.);
#5258=ORIENTED_EDGE('',*,*,#3101,.T.);
#5259=ORIENTED_EDGE('',*,*,#3098,.T.);
#5260=ORIENTED_EDGE('',*,*,#3095,.T.);
#5261=ORIENTED_EDGE('',*,*,#3092,.T.);
#5262=ORIENTED_EDGE('',*,*,#3089,.T.);
#5263=ORIENTED_EDGE('',*,*,#3086,.T.);
#5264=ORIENTED_EDGE('',*,*,#3083,.T.);
#5265=ORIENTED_EDGE('',*,*,#3080,.T.);
#5266=ORIENTED_EDGE('',*,*,#3077,.T.);
#5267=ORIENTED_EDGE('',*,*,#3074,.T.);
#5268=ORIENTED_EDGE('',*,*,#3071,.T.);
#5269=ORIENTED_EDGE('',*,*,#3068,.T.);
#5270=ORIENTED_EDGE('',*,*,#3065,.T.);
#5271=ORIENTED_EDGE('',*,*,#3062,.T.);
#5272=ORIENTED_EDGE('',*,*,#3059,.T.);
#5273=ORIENTED_EDGE('',*,*,#3056,.T.);
#5274=ORIENTED_EDGE('',*,*,#3053,.T.);
#5275=ORIENTED_EDGE('',*,*,#3050,.T.);
#5276=ORIENTED_EDGE('',*,*,#3127,.T.);
#5277=ORIENTED_EDGE('',*,*,#3182,.T.);
#5278=ORIENTED_EDGE('',*,*,#3179,.T.);
#5279=ORIENTED_EDGE('',*,*,#3176,.T.);
#5280=ORIENTED_EDGE('',*,*,#3173,.T.);
#5281=ORIENTED_EDGE('',*,*,#3170,.T.);
#5282=ORIENTED_EDGE('',*,*,#3167,.T.);
#5283=ORIENTED_EDGE('',*,*,#3164,.T.);
#5284=ORIENTED_EDGE('',*,*,#3161,.T.);
#5285=ORIENTED_EDGE('',*,*,#3158,.T.);
#5286=ORIENTED_EDGE('',*,*,#3155,.T.);
#5287=ORIENTED_EDGE('',*,*,#3152,.T.);
#5288=ORIENTED_EDGE('',*,*,#3149,.T.);
#5289=ORIENTED_EDGE('',*,*,#3146,.T.);
#5290=ORIENTED_EDGE('',*,*,#3143,.T.);
#5291=ORIENTED_EDGE('',*,*,#3140,.T.);
#5292=ORIENTED_EDGE('',*,*,#3137,.T.);
#5293=ORIENTED_EDGE('',*,*,#3134,.T.);
#5294=ORIENTED_EDGE('',*,*,#3131,.T.);
#5295=ORIENTED_EDGE('',*,*,#3208,.T.);
#5296=ORIENTED_EDGE('',*,*,#3233,.T.);
#5297=ORIENTED_EDGE('',*,*,#3230,.T.);
#5298=ORIENTED_EDGE('',*,*,#3227,.T.);
#5299=ORIENTED_EDGE('',*,*,#3224,.T.);
#5300=ORIENTED_EDGE('',*,*,#3221,.T.);
#5301=ORIENTED_EDGE('',*,*,#3218,.T.);
#5302=ORIENTED_EDGE('',*,*,#3215,.T.);
#5303=ORIENTED_EDGE('',*,*,#3212,.T.);
#5304=ORIENTED_EDGE('',*,*,#3265,.T.);
#5305=ORIENTED_EDGE('',*,*,#3344,.T.);
#5306=ORIENTED_EDGE('',*,*,#3341,.T.);
#5307=ORIENTED_EDGE('',*,*,#3338,.T.);
#5308=ORIENTED_EDGE('',*,*,#3335,.T.);
#5309=ORIENTED_EDGE('',*,*,#3332,.T.);
#5310=ORIENTED_EDGE('',*,*,#3329,.T.);
#5311=ORIENTED_EDGE('',*,*,#3326,.T.);
#5312=ORIENTED_EDGE('',*,*,#3323,.T.);
#5313=ORIENTED_EDGE('',*,*,#3320,.T.);
#5314=ORIENTED_EDGE('',*,*,#3317,.T.);
#5315=ORIENTED_EDGE('',*,*,#3314,.T.);
#5316=ORIENTED_EDGE('',*,*,#3311,.T.);
#5317=ORIENTED_EDGE('',*,*,#3308,.T.);
#5318=ORIENTED_EDGE('',*,*,#3305,.T.);
#5319=ORIENTED_EDGE('',*,*,#3302,.T.);
#5320=ORIENTED_EDGE('',*,*,#3299,.T.);
#5321=ORIENTED_EDGE('',*,*,#3296,.T.);
#5322=ORIENTED_EDGE('',*,*,#3293,.T.);
#5323=ORIENTED_EDGE('',*,*,#3290,.T.);
#5324=ORIENTED_EDGE('',*,*,#3287,.T.);
#5325=ORIENTED_EDGE('',*,*,#3284,.T.);
#5326=ORIENTED_EDGE('',*,*,#3281,.T.);
#5327=ORIENTED_EDGE('',*,*,#3278,.T.);
#5328=ORIENTED_EDGE('',*,*,#3275,.T.);
#5329=ORIENTED_EDGE('',*,*,#3272,.T.);
#5330=ORIENTED_EDGE('',*,*,#3269,.T.);
#5331=ORIENTED_EDGE('',*,*,#3370,.T.);
#5332=ORIENTED_EDGE('',*,*,#3401,.T.);
#5333=ORIENTED_EDGE('',*,*,#3398,.T.);
#5334=ORIENTED_EDGE('',*,*,#3395,.T.);
#5335=ORIENTED_EDGE('',*,*,#3392,.T.);
#5336=ORIENTED_EDGE('',*,*,#3389,.T.);
#5337=ORIENTED_EDGE('',*,*,#3386,.T.);
#5338=ORIENTED_EDGE('',*,*,#3383,.T.);
#5339=ORIENTED_EDGE('',*,*,#3380,.T.);
#5340=ORIENTED_EDGE('',*,*,#3377,.T.);
#5341=ORIENTED_EDGE('',*,*,#3374,.T.);
#5342=ORIENTED_EDGE('',*,*,#3403,.T.);
#5343=ORIENTED_EDGE('',*,*,#3440,.T.);
#5344=ORIENTED_EDGE('',*,*,#3437,.T.);
#5345=ORIENTED_EDGE('',*,*,#3434,.T.);
#5346=ORIENTED_EDGE('',*,*,#3431,.T.);
#5347=ORIENTED_EDGE('',*,*,#3428,.T.);
#5348=ORIENTED_EDGE('',*,*,#3425,.T.);
#5349=ORIENTED_EDGE('',*,*,#3422,.T.);
#5350=ORIENTED_EDGE('',*,*,#3419,.T.);
#5351=ORIENTED_EDGE('',*,*,#3416,.T.);
#5352=ORIENTED_EDGE('',*,*,#3413,.T.);
#5353=ORIENTED_EDGE('',*,*,#3410,.T.);
#5354=ORIENTED_EDGE('',*,*,#3407,.T.);
#5355=ORIENTED_EDGE('',*,*,#3466,.T.);
#5356=ORIENTED_EDGE('',*,*,#3506,.T.);
#5357=ORIENTED_EDGE('',*,*,#3503,.T.);
#5358=ORIENTED_EDGE('',*,*,#3500,.T.);
#5359=ORIENTED_EDGE('',*,*,#3497,.T.);
#5360=ORIENTED_EDGE('',*,*,#3494,.T.);
#5361=ORIENTED_EDGE('',*,*,#3491,.T.);
#5362=ORIENTED_EDGE('',*,*,#3488,.T.);
#5363=ORIENTED_EDGE('',*,*,#3485,.T.);
#5364=ORIENTED_EDGE('',*,*,#3482,.T.);
#5365=ORIENTED_EDGE('',*,*,#3479,.T.);
#5366=ORIENTED_EDGE('',*,*,#3476,.T.);
#5367=ORIENTED_EDGE('',*,*,#3473,.T.);
#5368=ORIENTED_EDGE('',*,*,#3470,.T.);
#5369=ORIENTED_EDGE('',*,*,#3508,.T.);
#5370=ORIENTED_EDGE('',*,*,#3551,.T.);
#5371=ORIENTED_EDGE('',*,*,#3548,.T.);
#5372=ORIENTED_EDGE('',*,*,#3545,.T.);
#5373=ORIENTED_EDGE('',*,*,#3542,.T.);
#5374=ORIENTED_EDGE('',*,*,#3539,.T.);
#5375=ORIENTED_EDGE('',*,*,#3536,.T.);
#5376=ORIENTED_EDGE('',*,*,#3533,.T.);
#5377=ORIENTED_EDGE('',*,*,#3530,.T.);
#5378=ORIENTED_EDGE('',*,*,#3527,.T.);
#5379=ORIENTED_EDGE('',*,*,#3524,.T.);
#5380=ORIENTED_EDGE('',*,*,#3521,.T.);
#5381=ORIENTED_EDGE('',*,*,#3518,.T.);
#5382=ORIENTED_EDGE('',*,*,#3515,.T.);
#5383=ORIENTED_EDGE('',*,*,#3512,.T.);
#5384=ORIENTED_EDGE('',*,*,#3553,.T.);
#5385=ORIENTED_EDGE('',*,*,#3605,.T.);
#5386=ORIENTED_EDGE('',*,*,#3602,.T.);
#5387=ORIENTED_EDGE('',*,*,#3599,.T.);
#5388=ORIENTED_EDGE('',*,*,#3596,.T.);
#5389=ORIENTED_EDGE('',*,*,#3593,.T.);
#5390=ORIENTED_EDGE('',*,*,#3590,.T.);
#5391=ORIENTED_EDGE('',*,*,#3587,.T.);
#5392=ORIENTED_EDGE('',*,*,#3584,.T.);
#5393=ORIENTED_EDGE('',*,*,#3581,.T.);
#5394=ORIENTED_EDGE('',*,*,#3578,.T.);
#5395=ORIENTED_EDGE('',*,*,#3575,.T.);
#5396=ORIENTED_EDGE('',*,*,#3572,.T.);
#5397=ORIENTED_EDGE('',*,*,#3569,.T.);
#5398=ORIENTED_EDGE('',*,*,#3566,.T.);
#5399=ORIENTED_EDGE('',*,*,#3563,.T.);
#5400=ORIENTED_EDGE('',*,*,#3560,.T.);
#5401=ORIENTED_EDGE('',*,*,#3557,.T.);
#5402=ORIENTED_EDGE('',*,*,#3664,.T.);
#5403=ORIENTED_EDGE('',*,*,#3704,.T.);
#5404=ORIENTED_EDGE('',*,*,#3701,.T.);
#5405=ORIENTED_EDGE('',*,*,#3698,.T.);
#5406=ORIENTED_EDGE('',*,*,#3695,.T.);
#5407=ORIENTED_EDGE('',*,*,#3692,.T.);
#5408=ORIENTED_EDGE('',*,*,#3689,.T.);
#5409=ORIENTED_EDGE('',*,*,#3686,.T.);
#5410=ORIENTED_EDGE('',*,*,#3683,.T.);
#5411=ORIENTED_EDGE('',*,*,#3680,.T.);
#5412=ORIENTED_EDGE('',*,*,#3677,.T.);
#5413=ORIENTED_EDGE('',*,*,#3674,.T.);
#5414=ORIENTED_EDGE('',*,*,#3671,.T.);
#5415=ORIENTED_EDGE('',*,*,#3668,.T.);
#5416=ORIENTED_EDGE('',*,*,#3714,.F.);
#5417=ORIENTED_EDGE('',*,*,#3715,.F.);
#5418=ORIENTED_EDGE('',*,*,#3716,.F.);
#5419=ORIENTED_EDGE('',*,*,#3717,.F.);
#5420=ORIENTED_EDGE('',*,*,#3634,.T.);
#5421=ORIENTED_EDGE('',*,*,#3662,.T.);
#5422=ORIENTED_EDGE('',*,*,#3659,.T.);
#5423=ORIENTED_EDGE('',*,*,#3656,.T.);
#5424=ORIENTED_EDGE('',*,*,#3653,.T.);
#5425=ORIENTED_EDGE('',*,*,#3650,.T.);
#5426=ORIENTED_EDGE('',*,*,#3647,.T.);
#5427=ORIENTED_EDGE('',*,*,#3644,.T.);
#5428=ORIENTED_EDGE('',*,*,#3641,.T.);
#5429=ORIENTED_EDGE('',*,*,#3638,.T.);
#5430=ORIENTED_EDGE('',*,*,#3607,.T.);
#5431=ORIENTED_EDGE('',*,*,#3632,.T.);
#5432=ORIENTED_EDGE('',*,*,#3629,.T.);
#5433=ORIENTED_EDGE('',*,*,#3626,.T.);
#5434=ORIENTED_EDGE('',*,*,#3623,.T.);
#5435=ORIENTED_EDGE('',*,*,#3620,.T.);
#5436=ORIENTED_EDGE('',*,*,#3617,.T.);
#5437=ORIENTED_EDGE('',*,*,#3614,.T.);
#5438=ORIENTED_EDGE('',*,*,#3611,.T.);
#5439=ORIENTED_EDGE('',*,*,#3442,.T.);
#5440=ORIENTED_EDGE('',*,*,#3464,.T.);
#5441=ORIENTED_EDGE('',*,*,#3461,.T.);
#5442=ORIENTED_EDGE('',*,*,#3458,.T.);
#5443=ORIENTED_EDGE('',*,*,#3455,.T.);
#5444=ORIENTED_EDGE('',*,*,#3452,.T.);
#5445=ORIENTED_EDGE('',*,*,#3449,.T.);
#5446=ORIENTED_EDGE('',*,*,#3446,.T.);
#5447=ORIENTED_EDGE('',*,*,#3346,.T.);
#5448=ORIENTED_EDGE('',*,*,#3368,.T.);
#5449=ORIENTED_EDGE('',*,*,#3365,.T.);
#5450=ORIENTED_EDGE('',*,*,#3362,.T.);
#5451=ORIENTED_EDGE('',*,*,#3359,.T.);
#5452=ORIENTED_EDGE('',*,*,#3356,.T.);
#5453=ORIENTED_EDGE('',*,*,#3353,.T.);
#5454=ORIENTED_EDGE('',*,*,#3350,.T.);
#5455=ORIENTED_EDGE('',*,*,#3235,.T.);
#5456=ORIENTED_EDGE('',*,*,#3263,.T.);
#5457=ORIENTED_EDGE('',*,*,#3260,.T.);
#5458=ORIENTED_EDGE('',*,*,#3257,.T.);
#5459=ORIENTED_EDGE('',*,*,#3254,.T.);
#5460=ORIENTED_EDGE('',*,*,#3251,.T.);
#5461=ORIENTED_EDGE('',*,*,#3248,.T.);
#5462=ORIENTED_EDGE('',*,*,#3245,.T.);
#5463=ORIENTED_EDGE('',*,*,#3242,.T.);
#5464=ORIENTED_EDGE('',*,*,#3239,.T.);
#5465=ORIENTED_EDGE('',*,*,#3184,.T.);
#5466=ORIENTED_EDGE('',*,*,#3206,.T.);
#5467=ORIENTED_EDGE('',*,*,#3203,.T.);
#5468=ORIENTED_EDGE('',*,*,#3200,.T.);
#5469=ORIENTED_EDGE('',*,*,#3197,.T.);
#5470=ORIENTED_EDGE('',*,*,#3194,.T.);
#5471=ORIENTED_EDGE('',*,*,#3191,.T.);
#5472=ORIENTED_EDGE('',*,*,#3188,.T.);
#5473=ORIENTED_EDGE('',*,*,#3016,.T.);
#5474=ORIENTED_EDGE('',*,*,#3044,.T.);
#5475=ORIENTED_EDGE('',*,*,#3041,.T.);
#5476=ORIENTED_EDGE('',*,*,#3038,.T.);
#5477=ORIENTED_EDGE('',*,*,#3035,.T.);
#5478=ORIENTED_EDGE('',*,*,#3032,.T.);
#5479=ORIENTED_EDGE('',*,*,#3029,.T.);
#5480=ORIENTED_EDGE('',*,*,#3026,.T.);
#5481=ORIENTED_EDGE('',*,*,#3023,.T.);
#5482=ORIENTED_EDGE('',*,*,#3020,.T.);
#5483=ORIENTED_EDGE('',*,*,#3718,.T.);
#5484=ORIENTED_EDGE('',*,*,#3719,.T.);
#5485=ORIENTED_EDGE('',*,*,#3706,.T.);
#5486=ORIENTED_EDGE('',*,*,#3720,.T.);
#5487=ORIENTED_EDGE('',*,*,#3719,.F.);
#5488=ORIENTED_EDGE('',*,*,#3721,.F.);
#5489=ORIENTED_EDGE('',*,*,#3722,.T.);
#5490=ORIENTED_EDGE('',*,*,#3723,.T.);
#5491=ORIENTED_EDGE('',*,*,#3724,.T.);
#5492=ORIENTED_EDGE('',*,*,#3725,.F.);
#5493=ORIENTED_EDGE('',*,*,#3726,.F.);
#5494=ORIENTED_EDGE('',*,*,#3707,.T.);
#5495=ORIENTED_EDGE('',*,*,#3718,.F.);
#5496=ORIENTED_EDGE('',*,*,#3727,.T.);
#5497=ORIENTED_EDGE('',*,*,#3728,.F.);
#5498=ORIENTED_EDGE('',*,*,#3729,.T.);
#5499=ORIENTED_EDGE('',*,*,#3730,.F.);
#5500=ORIENTED_EDGE('',*,*,#3731,.T.);
#5501=ORIENTED_EDGE('',*,*,#3732,.F.);
#5502=ORIENTED_EDGE('',*,*,#3725,.T.);
#5503=ORIENTED_EDGE('',*,*,#3733,.T.);
#5504=ORIENTED_EDGE('',*,*,#3734,.T.);
#5505=ORIENTED_EDGE('',*,*,#3735,.T.);
#5506=ORIENTED_EDGE('',*,*,#3736,.T.);
#5507=ORIENTED_EDGE('',*,*,#3737,.T.);
#5508=ORIENTED_EDGE('',*,*,#3738,.T.);
#5509=ORIENTED_EDGE('',*,*,#3739,.T.);
#5510=ORIENTED_EDGE('',*,*,#3721,.T.);
#5511=ORIENTED_EDGE('',*,*,#3740,.T.);
#5512=ORIENTED_EDGE('',*,*,#3741,.T.);
#5513=ORIENTED_EDGE('',*,*,#3742,.T.);
#5514=ORIENTED_EDGE('',*,*,#3743,.T.);
#5515=ORIENTED_EDGE('',*,*,#3732,.T.);
#5516=ORIENTED_EDGE('',*,*,#3744,.T.);
#5517=ORIENTED_EDGE('',*,*,#3708,.T.);
#5518=ORIENTED_EDGE('',*,*,#3726,.T.);
#5519=ORIENTED_EDGE('',*,*,#3744,.F.);
#5520=ORIENTED_EDGE('',*,*,#3731,.F.);
#5521=ORIENTED_EDGE('',*,*,#3745,.F.);
#5522=ORIENTED_EDGE('',*,*,#3709,.T.);
#5523=ORIENTED_EDGE('',*,*,#3730,.T.);
#5524=ORIENTED_EDGE('',*,*,#3746,.T.);
#5525=ORIENTED_EDGE('',*,*,#3710,.T.);
#5526=ORIENTED_EDGE('',*,*,#3745,.T.);
#5527=ORIENTED_EDGE('',*,*,#3746,.F.);
#5528=ORIENTED_EDGE('',*,*,#3729,.F.);
#5529=ORIENTED_EDGE('',*,*,#3747,.F.);
#5530=ORIENTED_EDGE('',*,*,#3711,.T.);
#5531=ORIENTED_EDGE('',*,*,#3728,.T.);
#5532=ORIENTED_EDGE('',*,*,#3748,.T.);
#5533=ORIENTED_EDGE('',*,*,#3712,.T.);
#5534=ORIENTED_EDGE('',*,*,#3747,.T.);
#5535=ORIENTED_EDGE('',*,*,#3720,.F.);
#5536=ORIENTED_EDGE('',*,*,#3713,.T.);
#5537=ORIENTED_EDGE('',*,*,#3748,.F.);
#5538=ORIENTED_EDGE('',*,*,#3727,.F.);
#5539=ORIENTED_EDGE('',*,*,#3733,.F.);
#5540=ORIENTED_EDGE('',*,*,#3724,.F.);
#5541=ORIENTED_EDGE('',*,*,#3749,.T.);
#5542=ORIENTED_EDGE('',*,*,#3750,.F.);
#5543=ORIENTED_EDGE('',*,*,#3739,.F.);
#5544=ORIENTED_EDGE('',*,*,#3751,.F.);
#5545=ORIENTED_EDGE('',*,*,#3752,.T.);
#5546=ORIENTED_EDGE('',*,*,#3722,.F.);
#5547=ORIENTED_EDGE('',*,*,#3753,.F.);
#5548=ORIENTED_EDGE('',*,*,#3749,.F.);
#5549=ORIENTED_EDGE('',*,*,#3723,.F.);
#5550=ORIENTED_EDGE('',*,*,#3752,.F.);
#5551=ORIENTED_EDGE('',*,*,#3750,.T.);
#5552=ORIENTED_EDGE('',*,*,#3753,.T.);
#5553=ORIENTED_EDGE('',*,*,#3751,.T.);
#5554=ORIENTED_EDGE('',*,*,#3738,.F.);
#5555=ORIENTED_EDGE('',*,*,#3754,.F.);
#5556=ORIENTED_EDGE('',*,*,#3755,.T.);
#5557=ORIENTED_EDGE('',*,*,#3756,.T.);
#5558=ORIENTED_EDGE('',*,*,#3734,.F.);
#5559=ORIENTED_EDGE('',*,*,#3757,.F.);
#5560=ORIENTED_EDGE('',*,*,#3758,.F.);
#5561=ORIENTED_EDGE('',*,*,#3759,.F.);
#5562=ORIENTED_EDGE('',*,*,#3755,.F.);
#5563=ORIENTED_EDGE('',*,*,#3759,.T.);
#5564=ORIENTED_EDGE('',*,*,#3760,.T.);
#5565=ORIENTED_EDGE('',*,*,#3735,.F.);
#5566=ORIENTED_EDGE('',*,*,#3756,.F.);
#5567=ORIENTED_EDGE('',*,*,#3758,.T.);
#5568=ORIENTED_EDGE('',*,*,#3761,.T.);
#5569=ORIENTED_EDGE('',*,*,#3736,.F.);
#5570=ORIENTED_EDGE('',*,*,#3760,.F.);
#5571=ORIENTED_EDGE('',*,*,#3762,.T.);
#5572=ORIENTED_EDGE('',*,*,#3763,.T.);
#5573=ORIENTED_EDGE('',*,*,#3714,.T.);
#5574=ORIENTED_EDGE('',*,*,#3763,.F.);
#5575=ORIENTED_EDGE('',*,*,#3764,.T.);
#5576=ORIENTED_EDGE('',*,*,#3765,.T.);
#5577=ORIENTED_EDGE('',*,*,#3717,.T.);
#5578=ORIENTED_EDGE('',*,*,#3765,.F.);
#5579=ORIENTED_EDGE('',*,*,#3766,.T.);
#5580=ORIENTED_EDGE('',*,*,#3767,.T.);
#5581=ORIENTED_EDGE('',*,*,#3716,.T.);
#5582=ORIENTED_EDGE('',*,*,#3767,.F.);
#5583=ORIENTED_EDGE('',*,*,#3768,.T.);
#5584=ORIENTED_EDGE('',*,*,#3769,.T.);
#5585=ORIENTED_EDGE('',*,*,#3715,.T.);
#5586=ORIENTED_EDGE('',*,*,#3769,.F.);
#5587=ORIENTED_EDGE('',*,*,#3757,.T.);
#5588=ORIENTED_EDGE('',*,*,#3754,.T.);
#5589=ORIENTED_EDGE('',*,*,#3737,.F.);
#5590=ORIENTED_EDGE('',*,*,#3761,.F.);
#5591=ORIENTED_EDGE('',*,*,#2857,.T.);
#5592=ORIENTED_EDGE('',*,*,#2870,.T.);
#5593=ORIENTED_EDGE('',*,*,#2867,.T.);
#5594=ORIENTED_EDGE('',*,*,#2864,.T.);
#5595=ORIENTED_EDGE('',*,*,#2861,.T.);
#5596=ORIENTED_EDGE('',*,*,#3742,.F.);
#5597=ORIENTED_EDGE('',*,*,#3770,.T.);
#5598=ORIENTED_EDGE('',*,*,#3771,.T.);
#5599=ORIENTED_EDGE('',*,*,#3770,.F.);
#5600=ORIENTED_EDGE('',*,*,#3768,.F.);
#5601=ORIENTED_EDGE('',*,*,#3771,.F.);
#5602=ORIENTED_EDGE('',*,*,#3741,.F.);
#5603=ORIENTED_EDGE('',*,*,#3772,.T.);
#5604=ORIENTED_EDGE('',*,*,#3773,.T.);
#5605=ORIENTED_EDGE('',*,*,#3772,.F.);
#5606=ORIENTED_EDGE('',*,*,#3766,.F.);
#5607=ORIENTED_EDGE('',*,*,#3773,.F.);
#5608=ORIENTED_EDGE('',*,*,#3743,.F.);
#5609=ORIENTED_EDGE('',*,*,#3774,.T.);
#5610=ORIENTED_EDGE('',*,*,#3775,.T.);
#5611=ORIENTED_EDGE('',*,*,#3774,.F.);
#5612=ORIENTED_EDGE('',*,*,#3764,.F.);
#5613=ORIENTED_EDGE('',*,*,#3775,.F.);
#5614=ORIENTED_EDGE('',*,*,#3740,.F.);
#5615=ORIENTED_EDGE('',*,*,#3776,.T.);
#5616=ORIENTED_EDGE('',*,*,#3777,.T.);
#5617=ORIENTED_EDGE('',*,*,#3776,.F.);
#5618=ORIENTED_EDGE('',*,*,#3762,.F.);
#5619=ORIENTED_EDGE('',*,*,#3777,.F.);
#5620=B_SPLINE_SURFACE_WITH_KNOTS('',3,1,((#7069,#7070),(#7071,#7072),(#7073,
#7074),(#7075,#7076),(#7077,#7078)),.UNSPECIFIED.,.F.,.F.,.F.,(4,1,4),(2,
2),(0.,0.0792079865442166,0.15654050178015),(0.,0.1),.UNSPECIFIED.);
#5621=B_SPLINE_SURFACE_WITH_KNOTS('',3,1,((#7095,#7096),(#7097,#7098),(#7099,
#7100),(#7101,#7102),(#7103,#7104)),.UNSPECIFIED.,.F.,.F.,.F.,(4,1,4),(2,
2),(0.,0.0858386069476378,0.17242880700158),(0.,0.1),.UNSPECIFIED.);
#5622=B_SPLINE_SURFACE_WITH_KNOTS('',3,1,((#7118,#7119),(#7120,#7121),(#7122,
#7123),(#7124,#7125),(#7126,#7127)),.UNSPECIFIED.,.F.,.F.,.F.,(4,1,4),(2,
2),(0.,0.0815038149372333,0.146356429309531),(0.,0.1),.UNSPECIFIED.);
#5623=B_SPLINE_SURFACE_WITH_KNOTS('',3,1,((#7147,#7148),(#7149,#7150),(#7151,
#7152),(#7153,#7154),(#7155,#7156)),.UNSPECIFIED.,.F.,.F.,.F.,(4,1,4),(2,
2),(0.,0.0797436248526814,0.16708546455649),(0.,0.1),.UNSPECIFIED.);
#5624=B_SPLINE_SURFACE_WITH_KNOTS('',3,1,((#7167,#7168),(#7169,#7170),(#7171,
#7172),(#7173,#7174),(#7175,#7176)),.UNSPECIFIED.,.F.,.F.,.F.,(4,1,4),(2,
2),(0.,0.0632104685997126,0.122239361199419),(0.,0.1),.UNSPECIFIED.);
#5625=B_SPLINE_SURFACE_WITH_KNOTS('',3,1,((#7193,#7194),(#7195,#7196),(#7197,
#7198),(#7199,#7200),(#7201,#7202)),.UNSPECIFIED.,.F.,.F.,.F.,(4,1,4),(2,
2),(0.,0.0831666292348243,0.167884000350273),(0.,0.1),.UNSPECIFIED.);
#5626=B_SPLINE_SURFACE_WITH_KNOTS('',3,1,((#7216,#7217),(#7218,#7219),(#7220,
#7221),(#7222,#7223),(#7224,#7225)),.UNSPECIFIED.,.F.,.F.,.F.,(4,1,4),(2,
2),(0.,0.107324909676707,0.198019272157821),(0.,0.1),.UNSPECIFIED.);
#5627=B_SPLINE_SURFACE_WITH_KNOTS('',3,1,((#7245,#7246),(#7247,#7248),(#7249,
#7250),(#7251,#7252),(#7253,#7254)),.UNSPECIFIED.,.F.,.F.,.F.,(4,1,4),(2,
2),(0.,0.0136436145152145,0.032750062716829),(0.,0.1),.UNSPECIFIED.);
#5628=B_SPLINE_SURFACE_WITH_KNOTS('',3,1,((#7268,#7269),(#7270,#7271),(#7272,
#7273),(#7274,#7275),(#7276,#7277)),.UNSPECIFIED.,.F.,.F.,.F.,(4,1,4),(2,
2),(0.,0.137617235755945,0.298549337222101),(0.,0.1),.UNSPECIFIED.);
#5629=B_SPLINE_SURFACE_WITH_KNOTS('',3,1,((#7291,#7292),(#7293,#7294),(#7295,
#7296),(#7297,#7298),(#7299,#7300)),.UNSPECIFIED.,.F.,.F.,.F.,(4,1,4),(2,
2),(0.,0.134287948895676,0.263166580362941),(0.,0.1),.UNSPECIFIED.);
#5630=B_SPLINE_SURFACE_WITH_KNOTS('',3,1,((#7314,#7315),(#7316,#7317),(#7318,
#7319),(#7320,#7321),(#7322,#7323)),.UNSPECIFIED.,.F.,.F.,.F.,(4,1,4),(2,
2),(0.,0.131993568792442,0.270398775198888),(0.,0.1),.UNSPECIFIED.);
#5631=B_SPLINE_SURFACE_WITH_KNOTS('',3,1,((#7337,#7338),(#7339,#7340),(#7341,
#7342),(#7343,#7344),(#7345,#7346)),.UNSPECIFIED.,.F.,.F.,.F.,(4,1,4),(2,
2),(0.,0.164043350242465,0.304495945384122),(0.,0.1),.UNSPECIFIED.);
#5632=B_SPLINE_SURFACE_WITH_KNOTS('',3,1,((#7360,#7361),(#7362,#7363),(#7364,
#7365),(#7366,#7367),(#7368,#7369)),.UNSPECIFIED.,.F.,.F.,.F.,(4,1,4),(2,
2),(0.,0.136845491064997,0.295608579703848),(0.,0.1),.UNSPECIFIED.);
#5633=B_SPLINE_SURFACE_WITH_KNOTS('',3,1,((#7383,#7384),(#7385,#7386),(#7387,
#7388),(#7389,#7390),(#7391,#7392)),.UNSPECIFIED.,.F.,.F.,.F.,(4,1,4),(2,
2),(0.,0.14463552059164,0.276594285685466),(0.,0.1),.UNSPECIFIED.);
#5634=B_SPLINE_SURFACE_WITH_KNOTS('',3,1,((#7406,#7407),(#7408,#7409),(#7410,
#7411),(#7412,#7413),(#7414,#7415)),.UNSPECIFIED.,.F.,.F.,.F.,(4,1,4),(2,
2),(0.,0.103261967180955,0.219220776349721),(0.,0.1),.UNSPECIFIED.);
#5635=B_SPLINE_SURFACE_WITH_KNOTS('',3,1,((#7429,#7430),(#7431,#7432),(#7433,
#7434),(#7435,#7436),(#7437,#7438)),.UNSPECIFIED.,.F.,.F.,.F.,(4,1,4),(2,
2),(0.,0.107616724321804,0.208257998281777),(0.,0.1),.UNSPECIFIED.);
#5636=B_SPLINE_SURFACE_WITH_KNOTS('',3,1,((#7458,#7459),(#7460,#7461),(#7462,
#7463),(#7464,#7465),(#7466,#7467)),.UNSPECIFIED.,.F.,.F.,.F.,(4,1,4),(2,
2),(0.,0.0628661920406909,0.137683882194052),(0.,0.1),.UNSPECIFIED.);
#5637=B_SPLINE_SURFACE_WITH_KNOTS('',3,1,((#7479,#7480),(#7481,#7482),(#7483,
#7484),(#7485,#7486),(#7487,#7488)),.UNSPECIFIED.,.F.,.F.,.F.,(4,1,4),(2,
2),(0.,0.125349497398943,0.226485095022779),(0.,0.1),.UNSPECIFIED.);
#5638=B_SPLINE_SURFACE_WITH_KNOTS('',3,1,((#7505,#7506),(#7507,#7508),(#7509,
#7510),(#7511,#7512),(#7513,#7514)),.UNSPECIFIED.,.F.,.F.,.F.,(4,1,4),(2,
2),(0.,0.0752520049169187,0.15641594204364),(0.,0.1),.UNSPECIFIED.);
#5639=B_SPLINE_SURFACE_WITH_KNOTS('',3,1,((#7528,#7529),(#7530,#7531),(#7532,
#7533),(#7534,#7535),(#7536,#7537)),.UNSPECIFIED.,.F.,.F.,.F.,(4,1,4),(2,
2),(0.,0.0647093606921351,0.134256569906956),(0.,0.1),.UNSPECIFIED.);
#5640=B_SPLINE_SURFACE_WITH_KNOTS('',3,1,((#7551,#7552),(#7553,#7554),(#7555,
#7556),(#7557,#7558),(#7559,#7560)),.UNSPECIFIED.,.F.,.F.,.F.,(4,1,4),(2,
2),(0.,0.0603666281195982,0.12283379545086),(0.,0.1),.UNSPECIFIED.);
#5641=B_SPLINE_SURFACE_WITH_KNOTS('',3,1,((#7574,#7575),(#7576,#7577),(#7578,
#7579),(#7580,#7581),(#7582,#7583)),.UNSPECIFIED.,.F.,.F.,.F.,(4,1,4),(2,
2),(0.,0.0522632920640799,0.11036768796019),(0.,0.1),.UNSPECIFIED.);
#5642=B_SPLINE_SURFACE_WITH_KNOTS('',3,1,((#7597,#7598),(#7599,#7600),(#7601,
#7602),(#7603,#7604),(#7605,#7606)),.UNSPECIFIED.,.F.,.F.,.F.,(4,1,4),(2,
2),(0.,0.0534953267895068,0.104526578326208),(0.,0.1),.UNSPECIFIED.);
#5643=B_SPLINE_SURFACE_WITH_KNOTS('',3,1,((#7620,#7621),(#7622,#7623),(#7624,
#7625),(#7626,#7627),(#7628,#7629)),.UNSPECIFIED.,.F.,.F.,.F.,(4,1,4),(2,
2),(0.,0.114966802404287,0.190379107509596),(0.,0.1),.UNSPECIFIED.);
#5644=B_SPLINE_SURFACE_WITH_KNOTS('',3,1,((#7643,#7644),(#7645,#7646),(#7647,
#7648),(#7649,#7650),(#7651,#7652)),.UNSPECIFIED.,.F.,.F.,.F.,(4,1,4),(2,
2),(0.,0.0380270919423356,0.112916225070249),(0.,0.1),.UNSPECIFIED.);
#5645=B_SPLINE_SURFACE_WITH_KNOTS('',3,1,((#7666,#7667),(#7668,#7669),(#7670,
#7671),(#7672,#7673),(#7674,#7675)),.UNSPECIFIED.,.F.,.F.,.F.,(4,1,4),(2,
2),(0.,0.0264215225702992,0.0578498931280283),(0.,0.1),.UNSPECIFIED.);
#5646=B_SPLINE_SURFACE_WITH_KNOTS('',3,1,((#7689,#7690),(#7691,#7692),(#7693,
#7694),(#7695,#7696),(#7697,#7698)),.UNSPECIFIED.,.F.,.F.,.F.,(4,1,4),(2,
2),(0.,0.022988926098971,0.0461945553887733),(0.,0.1),.UNSPECIFIED.);
#5647=B_SPLINE_SURFACE_WITH_KNOTS('',3,1,((#7712,#7713),(#7714,#7715),(#7716,
#7717),(#7718,#7719),(#7720,#7721)),.UNSPECIFIED.,.F.,.F.,.F.,(4,1,4),(2,
2),(0.,0.0407015144629629,0.0769751180786286),(0.,0.1),.UNSPECIFIED.);
#5648=B_SPLINE_SURFACE_WITH_KNOTS('',3,1,((#7735,#7736),(#7737,#7738),(#7739,
#7740),(#7741,#7742),(#7743,#7744)),.UNSPECIFIED.,.F.,.F.,.F.,(4,1,4),(2,
2),(0.,0.072812381334673,0.125434282157279),(0.,0.1),.UNSPECIFIED.);
#5649=B_SPLINE_SURFACE_WITH_KNOTS('',3,1,((#7758,#7759),(#7760,#7761),(#7762,
#7763),(#7764,#7765),(#7766,#7767)),.UNSPECIFIED.,.F.,.F.,.F.,(4,1,4),(2,
2),(0.,0.0526224240830142,0.116543527257867),(0.,0.1),.UNSPECIFIED.);
#5650=B_SPLINE_SURFACE_WITH_KNOTS('',3,1,((#7781,#7782),(#7783,#7784),(#7785,
#7786),(#7787,#7788),(#7789,#7790)),.UNSPECIFIED.,.F.,.F.,.F.,(4,1,4),(2,
2),(0.,0.0523118576336937,0.101440501167745),(0.,0.1),.UNSPECIFIED.);
#5651=B_SPLINE_SURFACE_WITH_KNOTS('',3,1,((#7810,#7811),(#7812,#7813),(#7814,
#7815),(#7816,#7817),(#7818,#7819)),.UNSPECIFIED.,.F.,.F.,.F.,(4,1,4),(2,
2),(0.,0.0552323692944648,0.120418459882233),(0.,0.1),.UNSPECIFIED.);
#5652=B_SPLINE_SURFACE_WITH_KNOTS('',3,1,((#7833,#7834),(#7835,#7836),(#7837,
#7838),(#7839,#7840),(#7841,#7842)),.UNSPECIFIED.,.F.,.F.,.F.,(4,1,4),(2,
2),(0.,0.0633037365515965,0.117816665736911),(0.,0.1),.UNSPECIFIED.);
#5653=B_SPLINE_SURFACE_WITH_KNOTS('',3,1,((#7856,#7857),(#7858,#7859),(#7860,
#7861),(#7862,#7863),(#7864,#7865)),.UNSPECIFIED.,.F.,.F.,.F.,(4,1,4),(2,
2),(0.,0.0802149254064235,0.152023469664346),(0.,0.1),.UNSPECIFIED.);
#5654=B_SPLINE_SURFACE_WITH_KNOTS('',3,1,((#7879,#7880),(#7881,#7882),(#7883,
#7884),(#7885,#7886),(#7887,#7888)),.UNSPECIFIED.,.F.,.F.,.F.,(4,1,4),(2,
2),(0.,0.0527163074249538,0.107755458419814),(0.,0.1),.UNSPECIFIED.);
#5655=B_SPLINE_SURFACE_WITH_KNOTS('',3,1,((#7902,#7903),(#7904,#7905),(#7906,
#7907),(#7908,#7909),(#7910,#7911)),.UNSPECIFIED.,.F.,.F.,.F.,(4,1,4),(2,
2),(0.,0.0389619747214062,0.0857885118032969),(0.,0.1),.UNSPECIFIED.);
#5656=B_SPLINE_SURFACE_WITH_KNOTS('',3,1,((#7925,#7926),(#7927,#7928),(#7929,
#7930),(#7931,#7932),(#7933,#7934)),.UNSPECIFIED.,.F.,.F.,.F.,(4,1,4),(2,
2),(0.,0.0463125964814435,0.0924389065066789),(0.,0.1),.UNSPECIFIED.);
#5657=B_SPLINE_SURFACE_WITH_KNOTS('',3,1,((#7948,#7949),(#7950,#7951),(#7952,
#7953),(#7954,#7955),(#7956,#7957)),.UNSPECIFIED.,.F.,.F.,.F.,(4,1,4),(2,
2),(0.,0.046873944086321,0.0927014135709161),(0.,0.1),.UNSPECIFIED.);
#5658=B_SPLINE_SURFACE_WITH_KNOTS('',3,1,((#7971,#7972),(#7973,#7974),(#7975,
#7976),(#7977,#7978),(#7979,#7980)),.UNSPECIFIED.,.F.,.F.,.F.,(4,1,4),(2,
2),(0.,0.0506505950000999,0.102071593329636),(0.,0.1),.UNSPECIFIED.);
#5659=B_SPLINE_SURFACE_WITH_KNOTS('',3,1,((#7994,#7995),(#7996,#7997),(#7998,
#7999),(#8000,#8001),(#8002,#8003)),.UNSPECIFIED.,.F.,.F.,.F.,(4,1,4),(2,
2),(0.,0.0545833907489979,0.105985951104879),(0.,0.1),.UNSPECIFIED.);
#5660=B_SPLINE_SURFACE_WITH_KNOTS('',3,1,((#8017,#8018),(#8019,#8020),(#8021,
#8022),(#8023,#8024),(#8025,#8026)),.UNSPECIFIED.,.F.,.F.,.F.,(4,1,4),(2,
2),(0.,0.118741725221056,0.196703978741103),(0.,0.1),.UNSPECIFIED.);
#5661=B_SPLINE_SURFACE_WITH_KNOTS('',3,1,((#8040,#8041),(#8042,#8043),(#8044,
#8045),(#8046,#8047),(#8048,#8049)),.UNSPECIFIED.,.F.,.F.,.F.,(4,1,4),(2,
2),(0.,0.0477626979439927,0.132465677304449),(0.,0.1),.UNSPECIFIED.);
#5662=B_SPLINE_SURFACE_WITH_KNOTS('',3,1,((#8063,#8064),(#8065,#8066),(#8067,
#8068),(#8069,#8070),(#8071,#8072)),.UNSPECIFIED.,.F.,.F.,.F.,(4,1,4),(2,
2),(0.,0.0382589792117733,0.0774578551618362),(0.,0.1),.UNSPECIFIED.);
#5663=B_SPLINE_SURFACE_WITH_KNOTS('',3,1,((#8086,#8087),(#8088,#8089),(#8090,
#8091),(#8092,#8093),(#8094,#8095)),.UNSPECIFIED.,.F.,.F.,.F.,(4,1,4),(2,
2),(0.,0.0486063293180678,0.0932795233004313),(0.,0.1),.UNSPECIFIED.);
#5664=B_SPLINE_SURFACE_WITH_KNOTS('',3,1,((#8109,#8110),(#8111,#8112),(#8113,
#8114),(#8115,#8116),(#8117,#8118)),.UNSPECIFIED.,.F.,.F.,.F.,(4,1,4),(2,
2),(0.,0.0741617016422911,0.131970856285233),(0.,0.1),.UNSPECIFIED.);
#5665=B_SPLINE_SURFACE_WITH_KNOTS('',3,1,((#8132,#8133),(#8134,#8135),(#8136,
#8137),(#8138,#8139),(#8140,#8141)),.UNSPECIFIED.,.F.,.F.,.F.,(4,1,4),(2,
2),(0.,0.0633822245849468,0.138705021141383),(0.,0.1),.UNSPECIFIED.);
#5666=B_SPLINE_SURFACE_WITH_KNOTS('',3,1,((#8155,#8156),(#8157,#8158),(#8159,
#8160),(#8161,#8162),(#8163,#8164)),.UNSPECIFIED.,.F.,.F.,.F.,(4,1,4),(2,
2),(0.,0.0672799393055322,0.127631197421158),(0.,0.1),.UNSPECIFIED.);
#5667=B_SPLINE_SURFACE_WITH_KNOTS('',3,1,((#8184,#8185),(#8186,#8187),(#8188,
#8189),(#8190,#8191),(#8192,#8193)),.UNSPECIFIED.,.F.,.F.,.F.,(4,1,4),(2,
2),(0.,0.0945868760875877,0.201200472858959),(0.,0.1),.UNSPECIFIED.);
#5668=B_SPLINE_SURFACE_WITH_KNOTS('',3,1,((#8205,#8206),(#8207,#8208),(#8209,
#8210),(#8211,#8212),(#8213,#8214)),.UNSPECIFIED.,.F.,.F.,.F.,(4,1,4),(2,
2),(0.,0.0535951930360633,0.125048931911844),(0.,0.1),.UNSPECIFIED.);
#5669=B_SPLINE_SURFACE_WITH_KNOTS('',3,1,((#8231,#8232),(#8233,#8234),(#8235,
#8236),(#8237,#8238),(#8239,#8240)),.UNSPECIFIED.,.F.,.F.,.F.,(4,1,4),(2,
2),(0.,0.0605447737478365,0.119152670388622),(0.,0.1),.UNSPECIFIED.);
#5670=B_SPLINE_SURFACE_WITH_KNOTS('',3,1,((#8254,#8255),(#8256,#8257),(#8258,
#8259),(#8260,#8261),(#8262,#8263)),.UNSPECIFIED.,.F.,.F.,.F.,(4,1,4),(2,
2),(0.,0.0674570261723944,0.130952298215393),(0.,0.1),.UNSPECIFIED.);
#5671=B_SPLINE_SURFACE_WITH_KNOTS('',3,1,((#8277,#8278),(#8279,#8280),(#8281,
#8282),(#8283,#8284),(#8285,#8286)),.UNSPECIFIED.,.F.,.F.,.F.,(4,1,4),(2,
2),(0.,0.0521829128270827,0.115808512515085),(0.,0.1),.UNSPECIFIED.);
#5672=B_SPLINE_SURFACE_WITH_KNOTS('',3,1,((#8300,#8301),(#8302,#8303),(#8304,
#8305),(#8306,#8307),(#8308,#8309)),.UNSPECIFIED.,.F.,.F.,.F.,(4,1,4),(2,
2),(0.,0.0459527433123886,0.0919962108341549),(0.,0.1),.UNSPECIFIED.);
#5673=B_SPLINE_SURFACE_WITH_KNOTS('',3,1,((#8323,#8324),(#8325,#8326),(#8327,
#8328),(#8329,#8330),(#8331,#8332)),.UNSPECIFIED.,.F.,.F.,.F.,(4,1,4),(2,
2),(0.,0.0302886359939591,0.0611101363219087),(0.,0.1),.UNSPECIFIED.);
#5674=B_SPLINE_SURFACE_WITH_KNOTS('',3,1,((#8346,#8347),(#8348,#8349),(#8350,
#8351),(#8352,#8353),(#8354,#8355)),.UNSPECIFIED.,.F.,.F.,.F.,(4,1,4),(2,
2),(0.,0.0325220416117296,0.0636925083730188),(0.,0.1),.UNSPECIFIED.);
#5675=B_SPLINE_SURFACE_WITH_KNOTS('',3,1,((#8369,#8370),(#8371,#8372),(#8373,
#8374),(#8375,#8376),(#8377,#8378)),.UNSPECIFIED.,.F.,.F.,.F.,(4,1,4),(2,
2),(0.,0.0656637543253772,0.110060083560902),(0.,0.1),.UNSPECIFIED.);
#5676=B_SPLINE_SURFACE_WITH_KNOTS('',3,1,((#8392,#8393),(#8394,#8395),(#8396,
#8397),(#8398,#8399),(#8400,#8401)),.UNSPECIFIED.,.F.,.F.,.F.,(4,1,4),(2,
2),(0.,0.08728909480543,0.206169822407864),(0.,0.1),.UNSPECIFIED.);
#5677=B_SPLINE_SURFACE_WITH_KNOTS('',3,1,((#8427,#8428),(#8429,#8430),(#8431,
#8432),(#8433,#8434),(#8435,#8436)),.UNSPECIFIED.,.F.,.F.,.F.,(4,1,4),(2,
2),(0.,0.0457527049869235,0.0924537754917858),(0.,0.1),.UNSPECIFIED.);
#5678=B_SPLINE_SURFACE_WITH_KNOTS('',3,1,((#8450,#8451),(#8452,#8453),(#8454,
#8455),(#8456,#8457),(#8458,#8459)),.UNSPECIFIED.,.F.,.F.,.F.,(4,1,4),(2,
2),(0.,0.139848893042514,0.217134535717672),(0.,0.1),.UNSPECIFIED.);
#5679=B_SPLINE_SURFACE_WITH_KNOTS('',3,1,((#8479,#8480),(#8481,#8482),(#8483,
#8484),(#8485,#8486),(#8487,#8488)),.UNSPECIFIED.,.F.,.F.,.F.,(4,1,4),(2,
2),(0.,0.0442375674093935,0.113490376319169),(0.,0.1),.UNSPECIFIED.);
#5680=B_SPLINE_SURFACE_WITH_KNOTS('',3,1,((#8502,#8503),(#8504,#8505),(#8506,
#8507),(#8508,#8509),(#8510,#8511)),.UNSPECIFIED.,.F.,.F.,.F.,(4,1,4),(2,
2),(0.,0.0438170601568879,0.092244755644008),(0.,0.1),.UNSPECIFIED.);
#5681=B_SPLINE_SURFACE_WITH_KNOTS('',3,1,((#8525,#8526),(#8527,#8528),(#8529,
#8530),(#8531,#8532),(#8533,#8534)),.UNSPECIFIED.,.F.,.F.,.F.,(4,1,4),(2,
2),(0.,0.0560554689309255,0.102465870967428),(0.,0.1),.UNSPECIFIED.);
#5682=B_SPLINE_SURFACE_WITH_KNOTS('',3,1,((#8548,#8549),(#8550,#8551),(#8552,
#8553),(#8554,#8555),(#8556,#8557)),.UNSPECIFIED.,.F.,.F.,.F.,(4,1,4),(2,
2),(0.,0.0842492629262479,0.152907691449776),(0.,0.1),.UNSPECIFIED.);
#5683=B_SPLINE_SURFACE_WITH_KNOTS('',3,1,((#8571,#8572),(#8573,#8574),(#8575,
#8576),(#8577,#8578),(#8579,#8580)),.UNSPECIFIED.,.F.,.F.,.F.,(4,1,4),(2,
2),(0.,0.0789982687412438,0.167061126092243),(0.,0.1),.UNSPECIFIED.);
#5684=B_SPLINE_SURFACE_WITH_KNOTS('',3,1,((#8594,#8595),(#8596,#8597),(#8598,
#8599),(#8600,#8601),(#8602,#8603)),.UNSPECIFIED.,.F.,.F.,.F.,(4,1,4),(2,
2),(0.,0.0622782512259168,0.132060989560707),(0.,0.1),.UNSPECIFIED.);
#5685=B_SPLINE_SURFACE_WITH_KNOTS('',3,1,((#8617,#8618),(#8619,#8620),(#8621,
#8622),(#8623,#8624),(#8625,#8626)),.UNSPECIFIED.,.F.,.F.,.F.,(4,1,4),(2,
2),(0.,0.0728697948281749,0.136247325663798),(0.,0.1),.UNSPECIFIED.);
#5686=B_SPLINE_SURFACE_WITH_KNOTS('',3,1,((#8646,#8647),(#8648,#8649),(#8650,
#8651),(#8652,#8653),(#8654,#8655)),.UNSPECIFIED.,.F.,.F.,.F.,(4,1,4),(2,
2),(0.,0.0549171557231866,0.124876525262444),(0.,0.1),.UNSPECIFIED.);
#5687=B_SPLINE_SURFACE_WITH_KNOTS('',3,1,((#8669,#8670),(#8671,#8672),(#8673,
#8674),(#8675,#8676),(#8677,#8678)),.UNSPECIFIED.,.F.,.F.,.F.,(4,1,4),(2,
2),(0.,0.0757648376420481,0.133425024950825),(0.,0.1),.UNSPECIFIED.);
#5688=B_SPLINE_SURFACE_WITH_KNOTS('',3,1,((#8692,#8693),(#8694,#8695),(#8696,
#8697),(#8698,#8699),(#8700,#8701)),.UNSPECIFIED.,.F.,.F.,.F.,(4,1,4),(2,
2),(0.,0.066296977937214,0.14830319539361),(0.,0.1),.UNSPECIFIED.);
#5689=B_SPLINE_SURFACE_WITH_KNOTS('',3,1,((#8715,#8716),(#8717,#8718),(#8719,
#8720),(#8721,#8722),(#8723,#8724)),.UNSPECIFIED.,.F.,.F.,.F.,(4,1,4),(2,
2),(0.,0.0645382822205816,0.11379623364616),(0.,0.1),.UNSPECIFIED.);
#5690=B_SPLINE_SURFACE_WITH_KNOTS('',3,1,((#8738,#8739),(#8740,#8741),(#8742,
#8743),(#8744,#8745),(#8746,#8747)),.UNSPECIFIED.,.F.,.F.,.F.,(4,1,4),(2,
2),(0.,0.0206407521692345,0.0320675207327565),(0.,0.1),.UNSPECIFIED.);
#5691=B_SPLINE_SURFACE_WITH_KNOTS('',3,1,((#8761,#8762),(#8763,#8764),(#8765,
#8766),(#8767,#8768),(#8769,#8770)),.UNSPECIFIED.,.F.,.F.,.F.,(4,1,4),(2,
2),(0.,0.130548314350922,0.223278444054),(0.,0.1),.UNSPECIFIED.);
#5692=B_SPLINE_SURFACE_WITH_KNOTS('',3,1,((#8784,#8785),(#8786,#8787),(#8788,
#8789),(#8790,#8791),(#8792,#8793)),.UNSPECIFIED.,.F.,.F.,.F.,(4,1,4),(2,
2),(0.,0.0463211734196308,0.110737277173272),(0.,0.1),.UNSPECIFIED.);
#5693=B_SPLINE_SURFACE_WITH_KNOTS('',3,1,((#8807,#8808),(#8809,#8810),(#8811,
#8812),(#8813,#8814),(#8815,#8816)),.UNSPECIFIED.,.F.,.F.,.F.,(4,1,4),(2,
2),(0.,0.0480176569989483,0.0976999575879652),(0.,0.1),.UNSPECIFIED.);
#5694=B_SPLINE_SURFACE_WITH_KNOTS('',3,1,((#8830,#8831),(#8832,#8833),(#8834,
#8835),(#8836,#8837),(#8838,#8839)),.UNSPECIFIED.,.F.,.F.,.F.,(4,1,4),(2,
2),(0.,0.0488273757023114,0.095831480496036),(0.,0.1),.UNSPECIFIED.);
#5695=B_SPLINE_SURFACE_WITH_KNOTS('',3,1,((#8853,#8854),(#8855,#8856),(#8857,
#8858),(#8859,#8860),(#8861,#8862)),.UNSPECIFIED.,.F.,.F.,.F.,(4,1,4),(2,
2),(0.,0.0511679806886746,0.100570542471656),(0.,0.1),.UNSPECIFIED.);
#5696=B_SPLINE_SURFACE_WITH_KNOTS('',3,1,((#8876,#8877),(#8878,#8879),(#8880,
#8881),(#8882,#8883),(#8884,#8885)),.UNSPECIFIED.,.F.,.F.,.F.,(4,1,4),(2,
2),(0.,0.0822107551111781,0.166457988993863),(0.,0.1),.UNSPECIFIED.);
#5697=B_SPLINE_SURFACE_WITH_KNOTS('',3,1,((#8899,#8900),(#8901,#8902),(#8903,
#8904),(#8905,#8906),(#8907,#8908)),.UNSPECIFIED.,.F.,.F.,.F.,(4,1,4),(2,
2),(0.,0.106549800218571,0.195794315286129),(0.,0.1),.UNSPECIFIED.);
#5698=B_SPLINE_SURFACE_WITH_KNOTS('',3,1,((#8922,#8923),(#8924,#8925),(#8926,
#8927),(#8928,#8929),(#8930,#8931)),.UNSPECIFIED.,.F.,.F.,.F.,(4,1,4),(2,
2),(0.,0.0675593306963692,0.137731777772331),(0.,0.1),.UNSPECIFIED.);
#5699=B_SPLINE_SURFACE_WITH_KNOTS('',3,1,((#8945,#8946),(#8947,#8948),(#8949,
#8950),(#8951,#8952),(#8953,#8954)),.UNSPECIFIED.,.F.,.F.,.F.,(4,1,4),(2,
2),(0.,0.083290332767508,0.155588928979661),(0.,0.1),.UNSPECIFIED.);
#5700=B_SPLINE_SURFACE_WITH_KNOTS('',3,1,((#8968,#8969),(#8970,#8971),(#8972,
#8973),(#8974,#8975),(#8976,#8977)),.UNSPECIFIED.,.F.,.F.,.F.,(4,1,4),(2,
2),(0.,0.044309780162978,0.0930428945163197),(0.,0.1),.UNSPECIFIED.);
#5701=B_SPLINE_SURFACE_WITH_KNOTS('',3,1,((#8989,#8990),(#8991,#8992),(#8993,
#8994),(#8995,#8996),(#8997,#8998)),.UNSPECIFIED.,.F.,.F.,.F.,(4,1,4),(2,
2),(0.,0.0672565814001346,0.13101500862267),(0.,0.1),.UNSPECIFIED.);
#5702=B_SPLINE_SURFACE_WITH_KNOTS('',3,1,((#9015,#9016),(#9017,#9018),(#9019,
#9020),(#9021,#9022),(#9023,#9024)),.UNSPECIFIED.,.F.,.F.,.F.,(4,1,4),(2,
2),(0.,0.0813503718868511,0.164526157060668),(0.,0.1),.UNSPECIFIED.);
#5703=B_SPLINE_SURFACE_WITH_KNOTS('',3,1,((#9038,#9039),(#9040,#9041),(#9042,
#9043),(#9044,#9045),(#9046,#9047)),.UNSPECIFIED.,.F.,.F.,.F.,(4,1,4),(2,
2),(0.,0.126796509326312,0.222589471594835),(0.,0.1),.UNSPECIFIED.);
#5704=B_SPLINE_SURFACE_WITH_KNOTS('',3,1,((#9061,#9062),(#9063,#9064),(#9065,
#9066),(#9067,#9068),(#9069,#9070)),.UNSPECIFIED.,.F.,.F.,.F.,(4,1,4),(2,
2),(0.,0.0960187958782186,0.221348198390751),(0.,0.1),.UNSPECIFIED.);
#5705=B_SPLINE_SURFACE_WITH_KNOTS('',3,1,((#9084,#9085),(#9086,#9087),(#9088,
#9089),(#9090,#9091),(#9092,#9093)),.UNSPECIFIED.,.F.,.F.,.F.,(4,1,4),(2,
2),(0.,0.0857173117352918,0.169141608767802),(0.,0.1),.UNSPECIFIED.);
#5706=B_SPLINE_SURFACE_WITH_KNOTS('',3,1,((#9107,#9108),(#9109,#9110),(#9111,
#9112),(#9113,#9114),(#9115,#9116)),.UNSPECIFIED.,.F.,.F.,.F.,(4,1,4),(2,
2),(0.,0.0550175586230018,0.112546375162975),(0.,0.1),.UNSPECIFIED.);
#5707=B_SPLINE_SURFACE_WITH_KNOTS('',3,1,((#9130,#9131),(#9132,#9133),(#9134,
#9135),(#9136,#9137),(#9138,#9139)),.UNSPECIFIED.,.F.,.F.,.F.,(4,1,4),(2,
2),(0.,0.0682010974995508,0.127139763645877),(0.,0.1),.UNSPECIFIED.);
#5708=B_SPLINE_SURFACE_WITH_KNOTS('',3,1,((#9159,#9160),(#9161,#9162),(#9163,
#9164),(#9165,#9166),(#9167,#9168)),.UNSPECIFIED.,.F.,.F.,.F.,(4,1,4),(2,
2),(0.,0.0947036271162792,0.197887306946788),(0.,0.1),.UNSPECIFIED.);
#5709=B_SPLINE_SURFACE_WITH_KNOTS('',3,1,((#9182,#9183),(#9184,#9185),(#9186,
#9187),(#9188,#9189),(#9190,#9191)),.UNSPECIFIED.,.F.,.F.,.F.,(4,1,4),(2,
2),(0.,0.108309189105814,0.205183730052168),(0.,0.1),.UNSPECIFIED.);
#5710=B_SPLINE_SURFACE_WITH_KNOTS('',3,1,((#9205,#9206),(#9207,#9208),(#9209,
#9210),(#9211,#9212),(#9213,#9214)),.UNSPECIFIED.,.F.,.F.,.F.,(4,1,4),(2,
2),(0.,0.0896178105261202,0.180338453485012),(0.,0.1),.UNSPECIFIED.);
#5711=B_SPLINE_SURFACE_WITH_KNOTS('',3,1,((#9228,#9229),(#9230,#9231),(#9232,
#9233),(#9234,#9235),(#9236,#9237)),.UNSPECIFIED.,.F.,.F.,.F.,(4,1,4),(2,
2),(0.,0.0911622131518238,0.17929030630294),(0.,0.1),.UNSPECIFIED.);
#5712=B_SPLINE_SURFACE_WITH_KNOTS('',3,1,((#9251,#9252),(#9253,#9254),(#9255,
#9256),(#9257,#9258),(#9259,#9260)),.UNSPECIFIED.,.F.,.F.,.F.,(4,1,4),(2,
2),(0.,0.11042188657985,0.210109756512769),(0.,0.1),.UNSPECIFIED.);
#5713=B_SPLINE_SURFACE_WITH_KNOTS('',3,1,((#9274,#9275),(#9276,#9277),(#9278,
#9279),(#9280,#9281),(#9282,#9283)),.UNSPECIFIED.,.F.,.F.,.F.,(4,1,4),(2,
2),(0.,0.13640866991509,0.298450536287649),(0.,0.1),.UNSPECIFIED.);
#5714=B_SPLINE_SURFACE_WITH_KNOTS('',3,1,((#9297,#9298),(#9299,#9300),(#9301,
#9302),(#9303,#9304),(#9305,#9306)),.UNSPECIFIED.,.F.,.F.,.F.,(4,1,4),(2,
2),(0.,0.136375797218083,0.264236835056903),(0.,0.1),.UNSPECIFIED.);
#5715=B_SPLINE_SURFACE_WITH_KNOTS('',3,1,((#9320,#9321),(#9322,#9323),(#9324,
#9325),(#9326,#9327),(#9328,#9329)),.UNSPECIFIED.,.F.,.F.,.F.,(4,1,4),(2,
2),(0.,0.104768391718661,0.215481709294826),(0.,0.1),.UNSPECIFIED.);
#5716=B_SPLINE_SURFACE_WITH_KNOTS('',3,1,((#9343,#9344),(#9345,#9346),(#9347,
#9348),(#9349,#9350),(#9351,#9352)),.UNSPECIFIED.,.F.,.F.,.F.,(4,1,4),(2,
2),(0.,0.116818547057547,0.224178948338007),(0.,0.1),.UNSPECIFIED.);
#5717=B_SPLINE_SURFACE_WITH_KNOTS('',3,1,((#9372,#9373),(#9374,#9375),(#9376,
#9377),(#9378,#9379),(#9380,#9381)),.UNSPECIFIED.,.F.,.F.,.F.,(4,1,4),(2,
2),(0.,0.0687910448188491,0.151860366050936),(0.,0.1),.UNSPECIFIED.);
#5718=B_SPLINE_SURFACE_WITH_KNOTS('',3,1,((#9393,#9394),(#9395,#9396),(#9397,
#9398),(#9399,#9400),(#9401,#9402)),.UNSPECIFIED.,.F.,.F.,.F.,(4,1,4),(2,
2),(0.,0.0859854936898904,0.171831780732307),(0.,0.1),.UNSPECIFIED.);
#5719=B_SPLINE_SURFACE_WITH_KNOTS('',3,1,((#9419,#9420),(#9421,#9422),(#9423,
#9424),(#9425,#9426),(#9427,#9428)),.UNSPECIFIED.,.F.,.F.,.F.,(4,1,4),(2,
2),(0.,0.085883892356895,0.170901841607434),(0.,0.1),.UNSPECIFIED.);
#5720=B_SPLINE_SURFACE_WITH_KNOTS('',3,1,((#9442,#9443),(#9444,#9445),(#9446,
#9447),(#9448,#9449),(#9450,#9451)),.UNSPECIFIED.,.F.,.F.,.F.,(4,1,4),(2,
2),(0.,0.119001986636551,0.215905796157001),(0.,0.1),.UNSPECIFIED.);
#5721=B_SPLINE_SURFACE_WITH_KNOTS('',3,1,((#9465,#9466),(#9467,#9468),(#9469,
#9470),(#9471,#9472),(#9473,#9474)),.UNSPECIFIED.,.F.,.F.,.F.,(4,1,4),(2,
2),(0.,0.0989253021765076,0.224166447920048),(0.,0.1),.UNSPECIFIED.);
#5722=B_SPLINE_SURFACE_WITH_KNOTS('',3,1,((#9488,#9489),(#9490,#9491),(#9492,
#9493),(#9494,#9495),(#9496,#9497)),.UNSPECIFIED.,.F.,.F.,.F.,(4,1,4),(2,
2),(0.,0.0855188365167947,0.171538185874475),(0.,0.1),.UNSPECIFIED.);
#5723=B_SPLINE_SURFACE_WITH_KNOTS('',3,1,((#9511,#9512),(#9513,#9514),(#9515,
#9516),(#9517,#9518),(#9519,#9520)),.UNSPECIFIED.,.F.,.F.,.F.,(4,1,4),(2,
2),(0.,0.0858461435367498,0.17183163722664),(0.,0.1),.UNSPECIFIED.);
#5724=B_SPLINE_SURFACE_WITH_KNOTS('',3,1,((#9534,#9535),(#9536,#9537),(#9538,
#9539),(#9540,#9541),(#9542,#9543)),.UNSPECIFIED.,.F.,.F.,.F.,(4,1,4),(2,
2),(0.,0.122702160108585,0.220871228576559),(0.,0.1),.UNSPECIFIED.);
#5725=B_SPLINE_SURFACE_WITH_KNOTS('',3,1,((#9557,#9558),(#9559,#9560),(#9561,
#9562),(#9563,#9564),(#9565,#9566)),.UNSPECIFIED.,.F.,.F.,.F.,(4,1,4),(2,
2),(0.,0.0977160719666898,0.220249073692855),(0.,0.1),.UNSPECIFIED.);
#5726=B_SPLINE_SURFACE_WITH_KNOTS('',3,1,((#9577,#9578),(#9579,#9580),(#9581,
#9582),(#9583,#9584),(#9585,#9586)),.UNSPECIFIED.,.F.,.F.,.F.,(4,1,4),(2,
2),(0.,0.139763409655476,0.270730207065418),(0.,0.1),.UNSPECIFIED.);
#5727=B_SPLINE_SURFACE_WITH_KNOTS('',3,1,((#9603,#9604),(#9605,#9606),(#9607,
#9608),(#9609,#9610),(#9611,#9612)),.UNSPECIFIED.,.F.,.F.,.F.,(4,1,4),(2,
2),(0.,0.0899344094443224,0.181670763168804),(0.,0.1),.UNSPECIFIED.);
#5728=B_SPLINE_SURFACE_WITH_KNOTS('',3,1,((#9626,#9627),(#9628,#9629),(#9630,
#9631),(#9632,#9633),(#9634,#9635)),.UNSPECIFIED.,.F.,.F.,.F.,(4,1,4),(2,
2),(0.,0.0875640746513091,0.176104306361104),(0.,0.1),.UNSPECIFIED.);
#5729=B_SPLINE_SURFACE_WITH_KNOTS('',3,1,((#9649,#9650),(#9651,#9652),(#9653,
#9654),(#9655,#9656),(#9657,#9658)),.UNSPECIFIED.,.F.,.F.,.F.,(4,1,4),(2,
2),(0.,0.125446348820517,0.225912348082645),(0.,0.1),.UNSPECIFIED.);
#5730=B_SPLINE_SURFACE_WITH_KNOTS('',3,1,((#9672,#9673),(#9674,#9675),(#9676,
#9677),(#9678,#9679),(#9680,#9681)),.UNSPECIFIED.,.F.,.F.,.F.,(4,1,4),(2,
2),(0.,0.136320319476011,0.291956067688035),(0.,0.1),.UNSPECIFIED.);
#5731=B_SPLINE_SURFACE_WITH_KNOTS('',3,1,((#9695,#9696),(#9697,#9698),(#9699,
#9700),(#9701,#9702),(#9703,#9704)),.UNSPECIFIED.,.F.,.F.,.F.,(4,1,4),(2,
2),(0.,0.137946705342078,0.269059275458953),(0.,0.1),.UNSPECIFIED.);
#5732=B_SPLINE_SURFACE_WITH_KNOTS('',3,1,((#9718,#9719),(#9720,#9721),(#9722,
#9723),(#9724,#9725),(#9726,#9727)),.UNSPECIFIED.,.F.,.F.,.F.,(4,1,4),(2,
2),(0.,0.1199774723945,0.245745140825591),(0.,0.1),.UNSPECIFIED.);
#5733=B_SPLINE_SURFACE_WITH_KNOTS('',3,1,((#9741,#9742),(#9743,#9744),(#9745,
#9746),(#9747,#9748),(#9749,#9750)),.UNSPECIFIED.,.F.,.F.,.F.,(4,1,4),(2,
2),(0.,0.17735528857944,0.32620805248376),(0.,0.1),.UNSPECIFIED.);
#5734=B_SPLINE_SURFACE_WITH_KNOTS('',3,1,((#9764,#9765),(#9766,#9767),(#9768,
#9769),(#9770,#9771),(#9772,#9773)),.UNSPECIFIED.,.F.,.F.,.F.,(4,1,4),(2,
2),(0.,0.138133618308425,0.30181495962386),(0.,0.1),.UNSPECIFIED.);
#5735=B_SPLINE_SURFACE_WITH_KNOTS('',3,1,((#9785,#9786),(#9787,#9788),(#9789,
#9790),(#9791,#9792),(#9793,#9794)),.UNSPECIFIED.,.F.,.F.,.F.,(4,1,4),(2,
2),(0.,0.0535951930360633,0.125048931911844),(0.,0.1),.UNSPECIFIED.);
#5736=B_SPLINE_SURFACE_WITH_KNOTS('',3,1,((#9811,#9812),(#9813,#9814),(#9815,
#9816),(#9817,#9818),(#9819,#9820)),.UNSPECIFIED.,.F.,.F.,.F.,(4,1,4),(2,
2),(0.,0.0605451595457036,0.11915285986177),(0.,0.1),.UNSPECIFIED.);
#5737=B_SPLINE_SURFACE_WITH_KNOTS('',3,1,((#9834,#9835),(#9836,#9837),(#9838,
#9839),(#9840,#9841),(#9842,#9843)),.UNSPECIFIED.,.F.,.F.,.F.,(4,1,4),(2,
2),(0.,0.0674569990500742,0.130952184648327),(0.,0.1),.UNSPECIFIED.);
#5738=B_SPLINE_SURFACE_WITH_KNOTS('',3,1,((#9857,#9858),(#9859,#9860),(#9861,
#9862),(#9863,#9864),(#9865,#9866)),.UNSPECIFIED.,.F.,.F.,.F.,(4,1,4),(2,
2),(0.,0.0521828006295672,0.11580840031757),(0.,0.1),.UNSPECIFIED.);
#5739=B_SPLINE_SURFACE_WITH_KNOTS('',3,1,((#9880,#9881),(#9882,#9883),(#9884,
#9885),(#9886,#9887),(#9888,#9889)),.UNSPECIFIED.,.F.,.F.,.F.,(4,1,4),(2,
2),(0.,0.0459527194233362,0.0919961869451024),(0.,0.1),.UNSPECIFIED.);
#5740=B_SPLINE_SURFACE_WITH_KNOTS('',3,1,((#9903,#9904),(#9905,#9906),(#9907,
#9908),(#9909,#9910),(#9911,#9912)),.UNSPECIFIED.,.F.,.F.,.F.,(4,1,4),(2,
2),(0.,0.0302886359939591,0.0611101198324441),(0.,0.1),.UNSPECIFIED.);
#5741=B_SPLINE_SURFACE_WITH_KNOTS('',3,1,((#9926,#9927),(#9928,#9929),(#9930,
#9931),(#9932,#9933),(#9934,#9935)),.UNSPECIFIED.,.F.,.F.,.F.,(4,1,4),(2,
2),(0.,0.0325221653788702,0.0636925323561729),(0.,0.1),.UNSPECIFIED.);
#5742=B_SPLINE_SURFACE_WITH_KNOTS('',3,1,((#9949,#9950),(#9951,#9952),(#9953,
#9954),(#9955,#9956),(#9957,#9958)),.UNSPECIFIED.,.F.,.F.,.F.,(4,1,4),(2,
2),(0.,0.0656637543253772,0.110060083560902),(0.,0.1),.UNSPECIFIED.);
#5743=B_SPLINE_SURFACE_WITH_KNOTS('',3,1,((#9972,#9973),(#9974,#9975),(#9976,
#9977),(#9978,#9979),(#9980,#9981)),.UNSPECIFIED.,.F.,.F.,.F.,(4,1,4),(2,
2),(0.,0.0872891637420312,0.206169891344466),(0.,0.1),.UNSPECIFIED.);
#5744=B_SPLINE_SURFACE_WITH_KNOTS('',3,1,((#10007,#10008),(#10009,#10010),
(#10011,#10012),(#10013,#10014),(#10015,#10016)),.UNSPECIFIED.,.F.,.F.,
 .F.,(4,1,4),(2,2),(0.,0.0457527049869235,0.0924537754917858),(0.,0.1),
 .UNSPECIFIED.);
#5745=B_SPLINE_SURFACE_WITH_KNOTS('',3,1,((#10030,#10031),(#10032,#10033),
(#10034,#10035),(#10036,#10037),(#10038,#10039)),.UNSPECIFIED.,.F.,.F.,
 .F.,(4,1,4),(2,2),(0.,0.139848893042514,0.217134297931976),(0.,0.1),
 .UNSPECIFIED.);
#5746=B_SPLINE_SURFACE_WITH_KNOTS('',3,1,((#10059,#10060),(#10061,#10062),
(#10063,#10064),(#10065,#10066),(#10067,#10068)),.UNSPECIFIED.,.F.,.F.,
 .F.,(4,1,4),(2,2),(0.,0.0442375550016761,0.113490366553332),(0.,0.1),
 .UNSPECIFIED.);
#5747=B_SPLINE_SURFACE_WITH_KNOTS('',3,1,((#10082,#10083),(#10084,#10085),
(#10086,#10087),(#10088,#10089),(#10090,#10091)),.UNSPECIFIED.,.F.,.F.,
 .F.,(4,1,4),(2,2),(0.,0.0438172624395536,0.0922447312441546),(0.,0.1),
 .UNSPECIFIED.);
#5748=B_SPLINE_SURFACE_WITH_KNOTS('',3,1,((#10105,#10106),(#10107,#10108),
(#10109,#10110),(#10111,#10112),(#10113,#10114)),.UNSPECIFIED.,.F.,.F.,
 .F.,(4,1,4),(2,2),(0.,0.0560555741021872,0.102465819325559),(0.,0.1),
 .UNSPECIFIED.);
#5749=B_SPLINE_SURFACE_WITH_KNOTS('',3,1,((#10128,#10129),(#10130,#10131),
(#10132,#10133),(#10134,#10135),(#10136,#10137)),.UNSPECIFIED.,.F.,.F.,
 .F.,(4,1,4),(2,2),(0.,0.0842492629262479,0.152907691449776),(0.,0.1),
 .UNSPECIFIED.);
#5750=B_SPLINE_SURFACE_WITH_KNOTS('',3,1,((#10151,#10152),(#10153,#10154),
(#10155,#10156),(#10157,#10158),(#10159,#10160)),.UNSPECIFIED.,.F.,.F.,
 .F.,(4,1,4),(2,2),(0.,0.0789982687412438,0.167061007206148),(0.,0.1),
 .UNSPECIFIED.);
#5751=B_SPLINE_SURFACE_WITH_KNOTS('',3,1,((#10174,#10175),(#10176,#10177),
(#10178,#10179),(#10180,#10181),(#10182,#10183)),.UNSPECIFIED.,.F.,.F.,
 .F.,(4,1,4),(2,2),(0.,0.0622780899727018,0.132060933764596),(0.,0.1),
 .UNSPECIFIED.);
#5752=B_SPLINE_SURFACE_WITH_KNOTS('',3,1,((#10197,#10198),(#10199,#10200),
(#10201,#10202),(#10203,#10204),(#10205,#10206)),.UNSPECIFIED.,.F.,.F.,
 .F.,(4,1,4),(2,2),(0.,0.0728697948281749,0.136247386287489),(0.,0.1),
 .UNSPECIFIED.);
#5753=B_SPLINE_SURFACE_WITH_KNOTS('',3,1,((#10226,#10227),(#10228,#10229),
(#10230,#10231),(#10232,#10233),(#10234,#10235)),.UNSPECIFIED.,.F.,.F.,
 .F.,(4,1,4),(2,2),(0.,0.0549173104564499,0.124876637279971),(0.,0.1),
 .UNSPECIFIED.);
#5754=B_SPLINE_SURFACE_WITH_KNOTS('',3,1,((#10249,#10250),(#10251,#10252),
(#10253,#10254),(#10255,#10256),(#10257,#10258)),.UNSPECIFIED.,.F.,.F.,
 .F.,(4,1,4),(2,2),(0.,0.0757648376420481,0.133425024950825),(0.,0.1),
 .UNSPECIFIED.);
#5755=B_SPLINE_SURFACE_WITH_KNOTS('',3,1,((#10272,#10273),(#10274,#10275),
(#10276,#10277),(#10278,#10279),(#10280,#10281)),.UNSPECIFIED.,.F.,.F.,
 .F.,(4,1,4),(2,2),(0.,0.066296977937214,0.14830319539361),(0.,0.1),
 .UNSPECIFIED.);
#5756=B_SPLINE_SURFACE_WITH_KNOTS('',3,1,((#10295,#10296),(#10297,#10298),
(#10299,#10300),(#10301,#10302),(#10303,#10304)),.UNSPECIFIED.,.F.,.F.,
 .F.,(4,1,4),(2,2),(0.,0.0645380459767874,0.113796199627419),(0.,0.1),
 .UNSPECIFIED.);
#5757=B_SPLINE_SURFACE_WITH_KNOTS('',3,1,((#10318,#10319),(#10320,#10321),
(#10322,#10323),(#10324,#10325),(#10326,#10327)),.UNSPECIFIED.,.F.,.F.,
 .F.,(4,1,4),(2,2),(0.,0.020640755123869,0.0320675219083553),(0.,0.1),
 .UNSPECIFIED.);
#5758=B_SPLINE_SURFACE_WITH_KNOTS('',3,1,((#10341,#10342),(#10343,#10344),
(#10345,#10346),(#10347,#10348),(#10349,#10350)),.UNSPECIFIED.,.F.,.F.,
 .F.,(4,1,4),(2,2),(0.,0.130548278846943,0.223278467303139),(0.,0.1),
 .UNSPECIFIED.);
#5759=B_SPLINE_SURFACE_WITH_KNOTS('',3,1,((#10364,#10365),(#10366,#10367),
(#10368,#10369),(#10370,#10371),(#10372,#10373)),.UNSPECIFIED.,.F.,.F.,
 .F.,(4,1,4),(2,2),(0.,0.0463209399398778,0.110737279753588),(0.,0.1),
 .UNSPECIFIED.);
#5760=B_SPLINE_SURFACE_WITH_KNOTS('',3,1,((#10387,#10388),(#10389,#10390),
(#10391,#10392),(#10393,#10394),(#10395,#10396)),.UNSPECIFIED.,.F.,.F.,
 .F.,(4,1,4),(2,2),(0.,0.0480177730013836,0.0976999925733351),(0.,0.1),
 .UNSPECIFIED.);
#5761=B_SPLINE_SURFACE_WITH_KNOTS('',3,1,((#10410,#10411),(#10412,#10413),
(#10414,#10415),(#10416,#10417),(#10418,#10419)),.UNSPECIFIED.,.F.,.F.,
 .F.,(4,1,4),(2,2),(0.,0.0488273757023114,0.095831480496036),(0.,0.1),
 .UNSPECIFIED.);
#5762=B_SPLINE_SURFACE_WITH_KNOTS('',3,1,((#10433,#10434),(#10435,#10436),
(#10437,#10438),(#10439,#10440),(#10441,#10442)),.UNSPECIFIED.,.F.,.F.,
 .F.,(4,1,4),(2,2),(0.,0.0511682313851236,0.100570793168105),(0.,0.1),
 .UNSPECIFIED.);
#5763=B_SPLINE_SURFACE_WITH_KNOTS('',3,1,((#10456,#10457),(#10458,#10459),
(#10460,#10461),(#10462,#10463),(#10464,#10465)),.UNSPECIFIED.,.F.,.F.,
 .F.,(4,1,4),(2,2),(0.,0.0822108248438687,0.166457801981227),(0.,0.1),
 .UNSPECIFIED.);
#5764=B_SPLINE_SURFACE_WITH_KNOTS('',3,1,((#10479,#10480),(#10481,#10482),
(#10483,#10484),(#10485,#10486),(#10487,#10488)),.UNSPECIFIED.,.F.,.F.,
 .F.,(4,1,4),(2,2),(0.,0.106549950754511,0.195794465822069),(0.,0.1),
 .UNSPECIFIED.);
#5765=B_SPLINE_SURFACE_WITH_KNOTS('',3,1,((#10502,#10503),(#10504,#10505),
(#10506,#10507),(#10508,#10509),(#10510,#10511)),.UNSPECIFIED.,.F.,.F.,
 .F.,(4,1,4),(2,2),(0.,0.0675593938873107,0.137731840963272),(0.,0.1),
 .UNSPECIFIED.);
#5766=B_SPLINE_SURFACE_WITH_KNOTS('',3,1,((#10525,#10526),(#10527,#10528),
(#10529,#10530),(#10531,#10532),(#10533,#10534)),.UNSPECIFIED.,.F.,.F.,
 .F.,(4,1,4),(2,2),(0.,0.0832902368464434,0.155588833058596),(0.,0.1),
 .UNSPECIFIED.);
#5767=B_SPLINE_SURFACE_WITH_KNOTS('',3,1,((#10548,#10549),(#10550,#10551),
(#10552,#10553),(#10554,#10555),(#10556,#10557)),.UNSPECIFIED.,.F.,.F.,
 .F.,(4,1,4),(2,2),(0.,0.0443095993989028,0.0930429264987084),(0.,0.1),
 .UNSPECIFIED.);
#5768=B_SPLINE_SURFACE_WITH_KNOTS('',3,1,((#10578,#10579),(#10580,#10581),
(#10582,#10583),(#10584,#10585),(#10586,#10587)),.UNSPECIFIED.,.F.,.F.,
 .F.,(4,1,4),(2,2),(0.,0.0480410076294441,0.123960165685477),(0.,0.1),
 .UNSPECIFIED.);
#5769=B_SPLINE_SURFACE_WITH_KNOTS('',3,1,((#10601,#10602),(#10603,#10604),
(#10605,#10606),(#10607,#10608),(#10609,#10610)),.UNSPECIFIED.,.F.,.F.,
 .F.,(4,1,4),(2,2),(0.,0.0522165988244002,0.103861889437921),(0.,0.1),
 .UNSPECIFIED.);
#5770=B_SPLINE_SURFACE_WITH_KNOTS('',3,1,((#10624,#10625),(#10626,#10627),
(#10628,#10629),(#10630,#10631),(#10632,#10633)),.UNSPECIFIED.,.F.,.F.,
 .F.,(4,1,4),(2,2),(0.,0.0587012341724878,0.113231401924583),(0.,0.1),
 .UNSPECIFIED.);
#5771=B_SPLINE_SURFACE_WITH_KNOTS('',3,1,((#10647,#10648),(#10649,#10650),
(#10651,#10652),(#10653,#10654),(#10655,#10656)),.UNSPECIFIED.,.F.,.F.,
 .F.,(4,1,4),(2,2),(0.,0.0702580325076576,0.148338821929026),(0.,0.1),
 .UNSPECIFIED.);
#5772=B_SPLINE_SURFACE_WITH_KNOTS('',3,1,((#10670,#10671),(#10672,#10673),
(#10674,#10675),(#10676,#10677),(#10678,#10679)),.UNSPECIFIED.,.F.,.F.,
 .F.,(4,1,4),(2,2),(0.,0.110300004735972,0.191140951417158),(0.,0.1),
 .UNSPECIFIED.);
#5773=B_SPLINE_SURFACE_WITH_KNOTS('',3,1,((#10717,#10718),(#10719,#10720),
(#10721,#10722),(#10723,#10724),(#10725,#10726)),.UNSPECIFIED.,.F.,.F.,
 .F.,(4,1,4),(2,2),(0.,0.131651780241547,0.312395253199485),(0.,0.1),
 .UNSPECIFIED.);
#5774=B_SPLINE_SURFACE_WITH_KNOTS('',3,1,((#10740,#10741),(#10742,#10743),
(#10744,#10745),(#10746,#10747),(#10748,#10749)),.UNSPECIFIED.,.F.,.F.,
 .F.,(4,1,4),(2,2),(0.,0.119572294914673,0.235280292288261),(0.,0.1),
 .UNSPECIFIED.);
#5775=B_SPLINE_SURFACE_WITH_KNOTS('',3,1,((#10763,#10764),(#10765,#10766),
(#10767,#10768),(#10769,#10770),(#10771,#10772)),.UNSPECIFIED.,.F.,.F.,
 .F.,(4,1,4),(2,2),(0.,0.0690914711073704,0.140785736574873),(0.,0.1),
 .UNSPECIFIED.);
#5776=B_SPLINE_SURFACE_WITH_KNOTS('',3,1,((#10786,#10787),(#10788,#10789),
(#10790,#10791),(#10792,#10793),(#10794,#10795)),.UNSPECIFIED.,.F.,.F.,
 .F.,(4,1,4),(2,2),(0.,0.060832324522568,0.126071474561908),(0.,0.1),
 .UNSPECIFIED.);
#5777=B_SPLINE_SURFACE_WITH_KNOTS('',3,1,((#10809,#10810),(#10811,#10812),
(#10813,#10814),(#10815,#10816),(#10817,#10818)),.UNSPECIFIED.,.F.,.F.,
 .F.,(4,1,4),(2,2),(0.,0.0700291248255506,0.132957510846452),(0.,0.1),
 .UNSPECIFIED.);
#5778=B_SPLINE_SURFACE_WITH_KNOTS('',3,1,((#10832,#10833),(#10834,#10835),
(#10836,#10837),(#10838,#10839),(#10840,#10841)),.UNSPECIFIED.,.F.,.F.,
 .F.,(4,1,4),(2,2),(0.,0.0878564636081694,0.152544778526783),(0.,0.1),
 .UNSPECIFIED.);
#5779=B_SPLINE_SURFACE_WITH_KNOTS('',3,1,((#10880,#10881),(#10882,#10883),
(#10884,#10885),(#10886,#10887),(#10888,#10889)),.UNSPECIFIED.,.F.,.F.,
 .F.,(4,1,4),(2,2),(0.,0.0702509813133225,0.145118946861118),(0.,0.1),
 .UNSPECIFIED.);
#5780=B_SPLINE_SURFACE_WITH_KNOTS('',3,1,((#10903,#10904),(#10905,#10906),
(#10907,#10908),(#10909,#10910),(#10911,#10912)),.UNSPECIFIED.,.F.,.F.,
 .F.,(4,1,4),(2,2),(0.,0.0396811334118025,0.0820146520259),(0.,0.1),
 .UNSPECIFIED.);
#5781=B_SPLINE_SURFACE_WITH_KNOTS('',3,1,((#10926,#10927),(#10928,#10929),
(#10930,#10931),(#10932,#10933),(#10934,#10935)),.UNSPECIFIED.,.F.,.F.,
 .F.,(4,1,4),(2,2),(0.,0.0386893858224198,0.0774508609604665),(0.,0.1),
 .UNSPECIFIED.);
#5782=B_SPLINE_SURFACE_WITH_KNOTS('',3,1,((#10949,#10950),(#10951,#10952),
(#10953,#10954),(#10955,#10956),(#10957,#10958)),.UNSPECIFIED.,.F.,.F.,
 .F.,(4,1,4),(2,2),(0.,0.0492436523812939,0.0947526183276968),(0.,0.1),
 .UNSPECIFIED.);
#5783=B_SPLINE_SURFACE_WITH_KNOTS('',3,1,((#10978,#10979),(#10980,#10981),
(#10982,#10983),(#10984,#10985),(#10986,#10987)),.UNSPECIFIED.,.F.,.F.,
 .F.,(4,1,4),(2,2),(0.,0.0633620891192915,0.133551077584483),(0.,0.1),
 .UNSPECIFIED.);
#5784=B_SPLINE_SURFACE_WITH_KNOTS('',3,1,((#11001,#11002),(#11003,#11004),
(#11005,#11006),(#11007,#11008),(#11009,#11010)),.UNSPECIFIED.,.F.,.F.,
 .F.,(4,1,4),(2,2),(0.,0.0421004277128358,0.0838231675758212),(0.,0.1),
 .UNSPECIFIED.);
#5785=B_SPLINE_SURFACE_WITH_KNOTS('',3,1,((#11024,#11025),(#11026,#11027),
(#11028,#11029),(#11030,#11031),(#11032,#11033)),.UNSPECIFIED.,.F.,.F.,
 .F.,(4,1,4),(2,2),(0.,0.075741739418721,0.128679584868434),(0.,0.1),
 .UNSPECIFIED.);
#5786=B_SPLINE_SURFACE_WITH_KNOTS('',3,1,((#11069,#11070),(#11071,#11072),
(#11073,#11074),(#11075,#11076),(#11077,#11078)),.UNSPECIFIED.,.F.,.F.,
 .F.,(4,1,4),(2,2),(0.,0.0770391507034811,0.156698723338119),(0.,0.1),
 .UNSPECIFIED.);
#5787=B_SPLINE_SURFACE_WITH_KNOTS('',3,1,((#11095,#11096),(#11097,#11098),
(#11099,#11100),(#11101,#11102),(#11103,#11104)),.UNSPECIFIED.,.F.,.F.,
 .F.,(4,1,4),(2,2),(0.,0.0825383263354468,0.161723557257561),(0.,0.1),
 .UNSPECIFIED.);
#5788=B_SPLINE_SURFACE_WITH_KNOTS('',3,1,((#11118,#11119),(#11120,#11121),
(#11122,#11123),(#11124,#11125),(#11126,#11127)),.UNSPECIFIED.,.F.,.F.,
 .F.,(4,1,4),(2,2),(0.,0.129715833100578,0.22887117120518),(0.,0.1),
 .UNSPECIFIED.);
#5789=B_SPLINE_SURFACE_WITH_KNOTS('',3,1,((#11141,#11142),(#11143,#11144),
(#11145,#11146),(#11147,#11148),(#11149,#11150)),.UNSPECIFIED.,.F.,.F.,
 .F.,(4,1,4),(2,2),(0.,0.0935788585558637,0.212263318122627),(0.,0.1),
 .UNSPECIFIED.);
#5790=B_SPLINE_SURFACE_WITH_KNOTS('',3,1,((#11164,#11165),(#11166,#11167),
(#11168,#11169),(#11170,#11171),(#11172,#11173)),.UNSPECIFIED.,.F.,.F.,
 .F.,(4,1,4),(2,2),(0.,0.0761328191123088,0.155286207027989),(0.,0.1),
 .UNSPECIFIED.);
#5791=B_SPLINE_SURFACE_WITH_KNOTS('',3,1,((#11187,#11188),(#11189,#11190),
(#11191,#11192),(#11193,#11194),(#11195,#11196)),.UNSPECIFIED.,.F.,.F.,
 .F.,(4,1,4),(2,2),(0.,0.0822158413289811,0.158702851945468),(0.,0.1),
 .UNSPECIFIED.);
#5792=B_SPLINE_SURFACE_WITH_KNOTS('',3,1,((#11210,#11211),(#11212,#11213),
(#11214,#11215),(#11216,#11217),(#11218,#11219)),.UNSPECIFIED.,.F.,.F.,
 .F.,(4,1,4),(2,2),(0.,0.122470457848282,0.219481346722682),(0.,0.1),
 .UNSPECIFIED.);
#5793=B_SPLINE_SURFACE_WITH_KNOTS('',3,1,((#11233,#11234),(#11235,#11236),
(#11237,#11238),(#11239,#11240),(#11241,#11242)),.UNSPECIFIED.,.F.,.F.,
 .F.,(4,1,4),(2,2),(0.,0.0953493711634773,0.220752723408708),(0.,0.1),
 .UNSPECIFIED.);
#5794=B_SPLINE_SURFACE_WITH_KNOTS('',3,1,((#11274,#11275),(#11276,#11277),
(#11278,#11279),(#11280,#11281),(#11282,#11283)),.UNSPECIFIED.,.F.,.F.,
 .F.,(4,1,4),(2,2),(0.,0.056096536644043,0.110528708476411),(0.,0.1),
 .UNSPECIFIED.);
#5795=B_SPLINE_SURFACE_WITH_KNOTS('',3,1,((#11297,#11298),(#11299,#11300),
(#11301,#11302),(#11303,#11304),(#11305,#11306)),.UNSPECIFIED.,.F.,.F.,
 .F.,(4,1,4),(2,2),(0.,0.0622966094230168,0.120918551792595),(0.,0.1),
 .UNSPECIFIED.);
#5796=B_SPLINE_SURFACE_WITH_KNOTS('',3,1,((#11320,#11321),(#11322,#11323),
(#11324,#11325),(#11326,#11327),(#11328,#11329)),.UNSPECIFIED.,.F.,.F.,
 .F.,(4,1,4),(2,2),(0.,0.0843142749993138,0.170219354148961),(0.,0.1),
 .UNSPECIFIED.);
#5797=B_SPLINE_SURFACE_WITH_KNOTS('',3,1,((#11343,#11344),(#11345,#11346),
(#11347,#11348),(#11349,#11350),(#11351,#11352)),.UNSPECIFIED.,.F.,.F.,
 .F.,(4,1,4),(2,2),(0.,0.0903829541740659,0.175855089148337),(0.,0.1),
 .UNSPECIFIED.);
#5798=B_SPLINE_SURFACE_WITH_KNOTS('',3,1,((#11366,#11367),(#11368,#11369),
(#11370,#11371),(#11372,#11373),(#11374,#11375)),.UNSPECIFIED.,.F.,.F.,
 .F.,(4,1,4),(2,2),(0.,0.103737015517061,0.200715259391805),(0.,0.1),
 .UNSPECIFIED.);
#5799=B_SPLINE_SURFACE_WITH_KNOTS('',3,1,((#11389,#11390),(#11391,#11392),
(#11393,#11394),(#11395,#11396),(#11397,#11398)),.UNSPECIFIED.,.F.,.F.,
 .F.,(4,1,4),(2,2),(0.,0.0969118712371686,0.202254701738345),(0.,0.1),
 .UNSPECIFIED.);
#5800=B_SPLINE_SURFACE_WITH_KNOTS('',3,1,((#11412,#11413),(#11414,#11415),
(#11416,#11417),(#11418,#11419),(#11420,#11421)),.UNSPECIFIED.,.F.,.F.,
 .F.,(4,1,4),(2,2),(0.,0.0860054893067135,0.175938118624655),(0.,0.1),
 .UNSPECIFIED.);
#5801=B_SPLINE_SURFACE_WITH_KNOTS('',3,1,((#11435,#11436),(#11437,#11438),
(#11439,#11440),(#11441,#11442),(#11443,#11444)),.UNSPECIFIED.,.F.,.F.,
 .F.,(4,1,4),(2,2),(0.,0.0840714960271952,0.168446666846512),(0.,0.1),
 .UNSPECIFIED.);
#5802=B_SPLINE_SURFACE_WITH_KNOTS('',3,1,((#11458,#11459),(#11460,#11461),
(#11462,#11463),(#11464,#11465),(#11466,#11467)),.UNSPECIFIED.,.F.,.F.,
 .F.,(4,1,4),(2,2),(0.,0.11736762191523,0.23791393275774),(0.,0.1),
 .UNSPECIFIED.);
#5803=B_SPLINE_SURFACE_WITH_KNOTS('',3,1,((#11548,#11549),(#11550,#11551),
(#11552,#11553),(#11554,#11555),(#11556,#11557)),.UNSPECIFIED.,.F.,.F.,
 .F.,(4,1,4),(2,2),(0.,0.070808602073082,0.16890260826842),(0.,0.1),
 .UNSPECIFIED.);
#5804=B_SPLINE_SURFACE_WITH_KNOTS('',3,1,((#11571,#11572),(#11573,#11574),
(#11575,#11576),(#11577,#11578),(#11579,#11580)),.UNSPECIFIED.,.F.,.F.,
 .F.,(4,1,4),(2,2),(0.,0.0909762148157713,0.155534919121868),(0.,0.1),
 .UNSPECIFIED.);
#5805=B_SPLINE_SURFACE_WITH_KNOTS('',3,1,((#11625,#11626),(#11627,#11628),
(#11629,#11630),(#11631,#11632),(#11633,#11634)),.UNSPECIFIED.,.F.,.F.,
 .F.,(4,1,4),(2,2),(0.,0.0837050328828202,0.201373802941622),(0.,0.1),
 .UNSPECIFIED.);
#5806=B_SPLINE_SURFACE_WITH_KNOTS('',3,1,((#11648,#11649),(#11650,#11651),
(#11652,#11653),(#11654,#11655),(#11656,#11657)),.UNSPECIFIED.,.F.,.F.,
 .F.,(4,1,4),(2,2),(0.,0.0742098740995623,0.14709111850242),(0.,0.1),
 .UNSPECIFIED.);
#5807=B_SPLINE_SURFACE_WITH_KNOTS('',3,1,((#11671,#11672),(#11673,#11674),
(#11675,#11676),(#11677,#11678),(#11679,#11680)),.UNSPECIFIED.,.F.,.F.,
 .F.,(4,1,4),(2,2),(0.,0.0428582373098137,0.0890752996542976),(0.,0.1),
 .UNSPECIFIED.);
#5808=B_SPLINE_SURFACE_WITH_KNOTS('',3,1,((#11694,#11695),(#11696,#11697),
(#11698,#11699),(#11700,#11701),(#11702,#11703)),.UNSPECIFIED.,.F.,.F.,
 .F.,(4,1,4),(2,2),(0.,0.0390731095574853,0.0795326816472768),(0.,0.1),
 .UNSPECIFIED.);
#5809=B_SPLINE_SURFACE_WITH_KNOTS('',3,1,((#11717,#11718),(#11719,#11720),
(#11721,#11722),(#11723,#11724),(#11725,#11726)),.UNSPECIFIED.,.F.,.F.,
 .F.,(4,1,4),(2,2),(0.,0.0655821281023795,0.113194783959098),(0.,0.1),
 .UNSPECIFIED.);
#5810=B_SPLINE_SURFACE_WITH_KNOTS('',3,1,((#11758,#11759),(#11760,#11761),
(#11762,#11763),(#11764,#11765),(#11766,#11767)),.UNSPECIFIED.,.F.,.F.,
 .F.,(4,1,4),(2,2),(0.,0.047174534674116,0.119670739542331),(0.,0.1),
 .UNSPECIFIED.);
#5811=B_SPLINE_SURFACE_WITH_KNOTS('',3,1,((#11781,#11782),(#11783,#11784),
(#11785,#11786),(#11787,#11788),(#11789,#11790)),.UNSPECIFIED.,.F.,.F.,
 .F.,(4,1,4),(2,2),(0.,0.0477858820735348,0.098977579566141),(0.,0.1),
 .UNSPECIFIED.);
#5812=B_SPLINE_SURFACE_WITH_KNOTS('',3,1,((#11804,#11805),(#11806,#11807),
(#11808,#11809),(#11810,#11811),(#11812,#11813)),.UNSPECIFIED.,.F.,.F.,
 .F.,(4,1,4),(2,2),(0.,0.0552725286942055,0.103868205364049),(0.,0.1),
 .UNSPECIFIED.);
#5813=B_SPLINE_SURFACE_WITH_KNOTS('',3,1,((#11827,#11828),(#11829,#11830),
(#11831,#11832),(#11833,#11834),(#11835,#11836)),.UNSPECIFIED.,.F.,.F.,
 .F.,(4,1,4),(2,2),(0.,0.0630390187520577,0.123070532040877),(0.,0.1),
 .UNSPECIFIED.);
#5814=B_SPLINE_SURFACE_WITH_KNOTS('',3,1,((#11850,#11851),(#11852,#11853),
(#11854,#11855),(#11856,#11857),(#11858,#11859)),.UNSPECIFIED.,.F.,.F.,
 .F.,(4,1,4),(2,2),(0.,0.132402397302658,0.268723996405426),(0.,0.1),
 .UNSPECIFIED.);
#5815=B_SPLINE_SURFACE_WITH_KNOTS('',3,1,((#11904,#11905),(#11906,#11907),
(#11908,#11909),(#11910,#11911),(#11912,#11913)),.UNSPECIFIED.,.F.,.F.,
 .F.,(4,1,4),(2,2),(0.,0.0611490108450178,0.153135516984865),(0.,0.1),
 .UNSPECIFIED.);
#5816=B_SPLINE_SURFACE_WITH_KNOTS('',3,1,((#11927,#11928),(#11929,#11930),
(#11931,#11932),(#11933,#11934),(#11935,#11936)),.UNSPECIFIED.,.F.,.F.,
 .F.,(4,1,4),(2,2),(0.,0.043223736379162,0.0871521952283358),(0.,0.1),
 .UNSPECIFIED.);
#5817=B_SPLINE_SURFACE_WITH_KNOTS('',3,1,((#11950,#11951),(#11952,#11953),
(#11954,#11955),(#11956,#11957),(#11958,#11959)),.UNSPECIFIED.,.F.,.F.,
 .F.,(4,1,4),(2,2),(0.,0.0471054755647503,0.0914664620145098),(0.,0.1),
 .UNSPECIFIED.);
#5818=B_SPLINE_SURFACE_WITH_KNOTS('',3,1,((#11973,#11974),(#11975,#11976),
(#11977,#11978),(#11979,#11980),(#11981,#11982)),.UNSPECIFIED.,.F.,.F.,
 .F.,(4,1,4),(2,2),(0.,0.0437759340968787,0.092300620856012),(0.,0.1),
 .UNSPECIFIED.);
#5819=B_SPLINE_SURFACE_WITH_KNOTS('',3,1,((#11996,#11997),(#11998,#11999),
(#12000,#12001),(#12002,#12003),(#12004,#12005)),.UNSPECIFIED.,.F.,.F.,
 .F.,(4,1,4),(2,2),(0.,0.0484653258746892,0.091892439907805),(0.,0.1),
 .UNSPECIFIED.);
#5820=B_SPLINE_SURFACE_WITH_KNOTS('',3,1,((#12019,#12020),(#12021,#12022),
(#12023,#12024),(#12025,#12026),(#12027,#12028)),.UNSPECIFIED.,.F.,.F.,
 .F.,(4,1,4),(2,2),(0.,0.0756013031794388,0.126990638306207),(0.,0.1),
 .UNSPECIFIED.);
#5821=B_SPLINE_SURFACE_WITH_KNOTS('',3,1,((#12060,#12061),(#12062,#12063),
(#12064,#12065),(#12066,#12067),(#12068,#12069)),.UNSPECIFIED.,.F.,.F.,
 .F.,(4,1,4),(2,2),(0.,0.0630436493506808,0.147394247432864),(0.,0.1),
 .UNSPECIFIED.);
#5822=B_SPLINE_SURFACE_WITH_KNOTS('',3,1,((#12083,#12084),(#12085,#12086),
(#12087,#12088),(#12089,#12090),(#12091,#12092)),.UNSPECIFIED.,.F.,.F.,
 .F.,(4,1,4),(2,2),(0.,0.049203715624885,0.100072098261878),(0.,0.1),
 .UNSPECIFIED.);
#5823=B_SPLINE_SURFACE_WITH_KNOTS('',3,1,((#12106,#12107),(#12108,#12109),
(#12110,#12111),(#12112,#12113),(#12114,#12115)),.UNSPECIFIED.,.F.,.F.,
 .F.,(4,1,4),(2,2),(0.,0.0526720320192725,0.102249675238763),(0.,0.1),
 .UNSPECIFIED.);
#5824=B_SPLINE_SURFACE_WITH_KNOTS('',3,1,((#12129,#12130),(#12131,#12132),
(#12133,#12134),(#12135,#12136),(#12137,#12138)),.UNSPECIFIED.,.F.,.F.,
 .F.,(4,1,4),(2,2),(0.,0.0422538494973462,0.087545004562485),(0.,0.1),
 .UNSPECIFIED.);
#5825=B_SPLINE_SURFACE_WITH_KNOTS('',3,1,((#12152,#12153),(#12154,#12155),
(#12156,#12157),(#12158,#12159),(#12160,#12161)),.UNSPECIFIED.,.F.,.F.,
 .F.,(4,1,4),(2,2),(0.,0.0364416293970933,0.0754756450520383),(0.,0.1),
 .UNSPECIFIED.);
#5826=B_SPLINE_SURFACE_WITH_KNOTS('',3,1,((#12175,#12176),(#12177,#12178),
(#12179,#12180),(#12181,#12182),(#12183,#12184)),.UNSPECIFIED.,.F.,.F.,
 .F.,(4,1,4),(2,2),(0.,0.0433473616099264,0.0814871003745237),(0.,0.1),
 .UNSPECIFIED.);
#5827=B_SPLINE_SURFACE_WITH_KNOTS('',3,1,((#12198,#12199),(#12200,#12201),
(#12202,#12203),(#12204,#12205),(#12206,#12207)),.UNSPECIFIED.,.F.,.F.,
 .F.,(4,1,4),(2,2),(0.,0.0545833106744261,0.0902343084980706),(0.,0.1),
 .UNSPECIFIED.);
#5828=B_SPLINE_SURFACE_WITH_KNOTS('',3,1,((#12230,#12231),(#12232,#12233),
(#12234,#12235),(#12236,#12237),(#12238,#12239)),.UNSPECIFIED.,.F.,.F.,
 .F.,(4,1,4),(2,2),(0.,0.0740132278859772,0.162102934617147),(0.,0.1),
 .UNSPECIFIED.);
#5829=B_SPLINE_SURFACE_WITH_KNOTS('',3,1,((#12256,#12257),(#12258,#12259),
(#12260,#12261),(#12262,#12263),(#12264,#12265)),.UNSPECIFIED.,.F.,.F.,
 .F.,(4,1,4),(2,2),(0.,0.0570918122385099,0.121161479953686),(0.,0.1),
 .UNSPECIFIED.);
#5830=B_SPLINE_SURFACE_WITH_KNOTS('',3,1,((#12279,#12280),(#12281,#12282),
(#12283,#12284),(#12285,#12286),(#12287,#12288)),.UNSPECIFIED.,.F.,.F.,
 .F.,(4,1,4),(2,2),(0.,0.0625630206587294,0.118877092879686),(0.,0.1),
 .UNSPECIFIED.);
#5831=B_SPLINE_SURFACE_WITH_KNOTS('',3,1,((#12302,#12303),(#12304,#12305),
(#12306,#12307),(#12308,#12309),(#12310,#12311)),.UNSPECIFIED.,.F.,.F.,
 .F.,(4,1,4),(2,2),(0.,0.0682853082579878,0.135277207021335),(0.,0.1),
 .UNSPECIFIED.);
#5832=B_SPLINE_SURFACE_WITH_KNOTS('',3,1,((#12325,#12326),(#12327,#12328),
(#12329,#12330),(#12331,#12332),(#12333,#12334)),.UNSPECIFIED.,.F.,.F.,
 .F.,(4,1,4),(2,2),(0.,0.0790276054176139,0.161461504681619),(0.,0.1),
 .UNSPECIFIED.);
#5833=B_SPLINE_SURFACE_WITH_KNOTS('',3,1,((#12348,#12349),(#12350,#12351),
(#12352,#12353),(#12354,#12355),(#12356,#12357)),.UNSPECIFIED.,.F.,.F.,
 .F.,(4,1,4),(2,2),(0.,0.0878564497826538,0.168342683370374),(0.,0.1),
 .UNSPECIFIED.);
#5834=B_SPLINE_SURFACE_WITH_KNOTS('',3,1,((#12371,#12372),(#12373,#12374),
(#12375,#12376),(#12377,#12378),(#12379,#12380)),.UNSPECIFIED.,.F.,.F.,
 .F.,(4,1,4),(2,2),(0.,0.0672545400932184,0.140661814775408),(0.,0.1),
 .UNSPECIFIED.);
#5835=B_SPLINE_SURFACE_WITH_KNOTS('',3,1,((#12394,#12395),(#12396,#12397),
(#12398,#12399),(#12400,#12401),(#12402,#12403)),.UNSPECIFIED.,.F.,.F.,
 .F.,(4,1,4),(2,2),(0.,0.062848850497538,0.126896709895914),(0.,0.1),
 .UNSPECIFIED.);
#5836=B_SPLINE_SURFACE_WITH_KNOTS('',3,1,((#12417,#12418),(#12419,#12420),
(#12421,#12422),(#12423,#12424),(#12425,#12426)),.UNSPECIFIED.,.F.,.F.,
 .F.,(4,1,4),(2,2),(0.,0.0708077414352042,0.138890224781566),(0.,0.1),
 .UNSPECIFIED.);
#5837=B_SPLINE_SURFACE_WITH_KNOTS('',3,1,((#12440,#12441),(#12442,#12443),
(#12444,#12445),(#12446,#12447),(#12448,#12449)),.UNSPECIFIED.,.F.,.F.,
 .F.,(4,1,4),(2,2),(0.,0.0728301687855165,0.144950949546747),(0.,0.1),
 .UNSPECIFIED.);
#5838=B_SPLINE_SURFACE_WITH_KNOTS('',3,1,((#12463,#12464),(#12465,#12466),
(#12467,#12468),(#12469,#12470),(#12471,#12472)),.UNSPECIFIED.,.F.,.F.,
 .F.,(4,1,4),(2,2),(0.,0.103456884223126,0.187011670566939),(0.,0.1),
 .UNSPECIFIED.);
#5839=ADVANCED_FACE('',(#189),#5620,.F.);
#5840=ADVANCED_FACE('',(#190),#5621,.F.);
#5841=ADVANCED_FACE('',(#191),#5622,.F.);
#5842=ADVANCED_FACE('',(#192),#87,.F.);
#5843=ADVANCED_FACE('',(#193),#5623,.F.);
#5844=ADVANCED_FACE('',(#194),#5624,.F.);
#5845=ADVANCED_FACE('',(#195),#5625,.F.);
#5846=ADVANCED_FACE('',(#196),#5626,.F.);
#5847=ADVANCED_FACE('',(#197),#88,.F.);
#5848=ADVANCED_FACE('',(#198),#5627,.F.);
#5849=ADVANCED_FACE('',(#199),#5628,.F.);
#5850=ADVANCED_FACE('',(#200),#5629,.F.);
#5851=ADVANCED_FACE('',(#201),#5630,.F.);
#5852=ADVANCED_FACE('',(#202),#5631,.F.);
#5853=ADVANCED_FACE('',(#203),#5632,.F.);
#5854=ADVANCED_FACE('',(#204),#5633,.F.);
#5855=ADVANCED_FACE('',(#205),#5634,.F.);
#5856=ADVANCED_FACE('',(#206),#5635,.F.);
#5857=ADVANCED_FACE('',(#207),#89,.F.);
#5858=ADVANCED_FACE('',(#208),#5636,.F.);
#5859=ADVANCED_FACE('',(#209,#55),#90,.T.);
#5860=ADVANCED_FACE('',(#210),#5637,.F.);
#5861=ADVANCED_FACE('',(#211),#5638,.F.);
#5862=ADVANCED_FACE('',(#212),#5639,.F.);
#5863=ADVANCED_FACE('',(#213),#5640,.F.);
#5864=ADVANCED_FACE('',(#214),#5641,.F.);
#5865=ADVANCED_FACE('',(#215),#5642,.F.);
#5866=ADVANCED_FACE('',(#216),#5643,.F.);
#5867=ADVANCED_FACE('',(#217),#5644,.F.);
#5868=ADVANCED_FACE('',(#218),#5645,.F.);
#5869=ADVANCED_FACE('',(#219),#5646,.F.);
#5870=ADVANCED_FACE('',(#220),#5647,.F.);
#5871=ADVANCED_FACE('',(#221),#5648,.F.);
#5872=ADVANCED_FACE('',(#222),#5649,.F.);
#5873=ADVANCED_FACE('',(#223),#5650,.F.);
#5874=ADVANCED_FACE('',(#224),#91,.F.);
#5875=ADVANCED_FACE('',(#225),#5651,.F.);
#5876=ADVANCED_FACE('',(#226),#5652,.F.);
#5877=ADVANCED_FACE('',(#227),#5653,.F.);
#5878=ADVANCED_FACE('',(#228),#5654,.F.);
#5879=ADVANCED_FACE('',(#229),#5655,.F.);
#5880=ADVANCED_FACE('',(#230),#5656,.F.);
#5881=ADVANCED_FACE('',(#231),#5657,.F.);
#5882=ADVANCED_FACE('',(#232),#5658,.F.);
#5883=ADVANCED_FACE('',(#233),#5659,.F.);
#5884=ADVANCED_FACE('',(#234),#5660,.F.);
#5885=ADVANCED_FACE('',(#235),#5661,.F.);
#5886=ADVANCED_FACE('',(#236),#5662,.F.);
#5887=ADVANCED_FACE('',(#237),#5663,.F.);
#5888=ADVANCED_FACE('',(#238),#5664,.F.);
#5889=ADVANCED_FACE('',(#239),#5665,.F.);
#5890=ADVANCED_FACE('',(#240),#5666,.F.);
#5891=ADVANCED_FACE('',(#241),#92,.F.);
#5892=ADVANCED_FACE('',(#242),#5667,.F.);
#5893=ADVANCED_FACE('',(#243),#93,.T.);
#5894=ADVANCED_FACE('',(#244),#5668,.F.);
#5895=ADVANCED_FACE('',(#245),#5669,.F.);
#5896=ADVANCED_FACE('',(#246),#5670,.F.);
#5897=ADVANCED_FACE('',(#247),#5671,.F.);
#5898=ADVANCED_FACE('',(#248),#5672,.F.);
#5899=ADVANCED_FACE('',(#249),#5673,.F.);
#5900=ADVANCED_FACE('',(#250),#5674,.F.);
#5901=ADVANCED_FACE('',(#251),#5675,.F.);
#5902=ADVANCED_FACE('',(#252),#5676,.F.);
#5903=ADVANCED_FACE('',(#253),#94,.F.);
#5904=ADVANCED_FACE('',(#254),#95,.F.);
#5905=ADVANCED_FACE('',(#255),#5677,.F.);
#5906=ADVANCED_FACE('',(#256),#5678,.F.);
#5907=ADVANCED_FACE('',(#257),#96,.F.);
#5908=ADVANCED_FACE('',(#258),#5679,.F.);
#5909=ADVANCED_FACE('',(#259),#5680,.F.);
#5910=ADVANCED_FACE('',(#260),#5681,.F.);
#5911=ADVANCED_FACE('',(#261),#5682,.F.);
#5912=ADVANCED_FACE('',(#262),#5683,.F.);
#5913=ADVANCED_FACE('',(#263),#5684,.F.);
#5914=ADVANCED_FACE('',(#264),#5685,.F.);
#5915=ADVANCED_FACE('',(#265),#97,.F.);
#5916=ADVANCED_FACE('',(#266),#5686,.F.);
#5917=ADVANCED_FACE('',(#267),#5687,.F.);
#5918=ADVANCED_FACE('',(#268),#5688,.F.);
#5919=ADVANCED_FACE('',(#269),#5689,.F.);
#5920=ADVANCED_FACE('',(#270),#5690,.F.);
#5921=ADVANCED_FACE('',(#271),#5691,.F.);
#5922=ADVANCED_FACE('',(#272),#5692,.F.);
#5923=ADVANCED_FACE('',(#273),#5693,.F.);
#5924=ADVANCED_FACE('',(#274),#5694,.F.);
#5925=ADVANCED_FACE('',(#275),#5695,.F.);
#5926=ADVANCED_FACE('',(#276),#5696,.F.);
#5927=ADVANCED_FACE('',(#277),#5697,.F.);
#5928=ADVANCED_FACE('',(#278),#5698,.F.);
#5929=ADVANCED_FACE('',(#279),#5699,.F.);
#5930=ADVANCED_FACE('',(#280),#5700,.F.);
#5931=ADVANCED_FACE('',(#281,#56),#98,.T.);
#5932=ADVANCED_FACE('',(#282),#5701,.F.);
#5933=ADVANCED_FACE('',(#283),#5702,.F.);
#5934=ADVANCED_FACE('',(#284),#5703,.F.);
#5935=ADVANCED_FACE('',(#285),#5704,.F.);
#5936=ADVANCED_FACE('',(#286),#5705,.F.);
#5937=ADVANCED_FACE('',(#287),#5706,.F.);
#5938=ADVANCED_FACE('',(#288),#5707,.F.);
#5939=ADVANCED_FACE('',(#289),#99,.F.);
#5940=ADVANCED_FACE('',(#290),#5708,.F.);
#5941=ADVANCED_FACE('',(#291),#5709,.F.);
#5942=ADVANCED_FACE('',(#292),#5710,.F.);
#5943=ADVANCED_FACE('',(#293),#5711,.F.);
#5944=ADVANCED_FACE('',(#294),#5712,.F.);
#5945=ADVANCED_FACE('',(#295),#5713,.F.);
#5946=ADVANCED_FACE('',(#296),#5714,.F.);
#5947=ADVANCED_FACE('',(#297),#5715,.F.);
#5948=ADVANCED_FACE('',(#298),#5716,.F.);
#5949=ADVANCED_FACE('',(#299),#100,.F.);
#5950=ADVANCED_FACE('',(#300),#5717,.F.);
#5951=ADVANCED_FACE('',(#301),#101,.T.);
#5952=ADVANCED_FACE('',(#302),#5718,.F.);
#5953=ADVANCED_FACE('',(#303),#5719,.F.);
#5954=ADVANCED_FACE('',(#304),#5720,.F.);
#5955=ADVANCED_FACE('',(#305),#5721,.F.);
#5956=ADVANCED_FACE('',(#306),#5722,.F.);
#5957=ADVANCED_FACE('',(#307),#5723,.F.);
#5958=ADVANCED_FACE('',(#308),#5724,.F.);
#5959=ADVANCED_FACE('',(#309),#5725,.F.);
#5960=ADVANCED_FACE('',(#310),#5726,.F.);
#5961=ADVANCED_FACE('',(#311),#5727,.F.);
#5962=ADVANCED_FACE('',(#312),#5728,.F.);
#5963=ADVANCED_FACE('',(#313),#5729,.F.);
#5964=ADVANCED_FACE('',(#314),#5730,.F.);
#5965=ADVANCED_FACE('',(#315),#5731,.F.);
#5966=ADVANCED_FACE('',(#316),#5732,.F.);
#5967=ADVANCED_FACE('',(#317),#5733,.F.);
#5968=ADVANCED_FACE('',(#318),#5734,.F.);
#5969=ADVANCED_FACE('',(#319,#57),#102,.T.);
#5970=ADVANCED_FACE('',(#320),#5735,.F.);
#5971=ADVANCED_FACE('',(#321),#5736,.F.);
#5972=ADVANCED_FACE('',(#322),#5737,.F.);
#5973=ADVANCED_FACE('',(#323),#5738,.F.);
#5974=ADVANCED_FACE('',(#324),#5739,.F.);
#5975=ADVANCED_FACE('',(#325),#5740,.F.);
#5976=ADVANCED_FACE('',(#326),#5741,.F.);
#5977=ADVANCED_FACE('',(#327),#5742,.F.);
#5978=ADVANCED_FACE('',(#328),#5743,.F.);
#5979=ADVANCED_FACE('',(#329),#103,.F.);
#5980=ADVANCED_FACE('',(#330),#104,.F.);
#5981=ADVANCED_FACE('',(#331),#5744,.F.);
#5982=ADVANCED_FACE('',(#332),#5745,.F.);
#5983=ADVANCED_FACE('',(#333),#105,.F.);
#5984=ADVANCED_FACE('',(#334),#5746,.F.);
#5985=ADVANCED_FACE('',(#335),#5747,.F.);
#5986=ADVANCED_FACE('',(#336),#5748,.F.);
#5987=ADVANCED_FACE('',(#337),#5749,.F.);
#5988=ADVANCED_FACE('',(#338),#5750,.F.);
#5989=ADVANCED_FACE('',(#339),#5751,.F.);
#5990=ADVANCED_FACE('',(#340),#5752,.F.);
#5991=ADVANCED_FACE('',(#341),#106,.F.);
#5992=ADVANCED_FACE('',(#342),#5753,.F.);
#5993=ADVANCED_FACE('',(#343),#5754,.F.);
#5994=ADVANCED_FACE('',(#344),#5755,.F.);
#5995=ADVANCED_FACE('',(#345),#5756,.F.);
#5996=ADVANCED_FACE('',(#346),#5757,.F.);
#5997=ADVANCED_FACE('',(#347),#5758,.F.);
#5998=ADVANCED_FACE('',(#348),#5759,.F.);
#5999=ADVANCED_FACE('',(#349),#5760,.F.);
#6000=ADVANCED_FACE('',(#350),#5761,.F.);
#6001=ADVANCED_FACE('',(#351),#5762,.F.);
#6002=ADVANCED_FACE('',(#352),#5763,.F.);
#6003=ADVANCED_FACE('',(#353),#5764,.F.);
#6004=ADVANCED_FACE('',(#354),#5765,.F.);
#6005=ADVANCED_FACE('',(#355),#5766,.F.);
#6006=ADVANCED_FACE('',(#356),#5767,.F.);
#6007=ADVANCED_FACE('',(#357,#58),#107,.T.);
#6008=ADVANCED_FACE('',(#358),#108,.F.);
#6009=ADVANCED_FACE('',(#359),#5768,.F.);
#6010=ADVANCED_FACE('',(#360),#5769,.F.);
#6011=ADVANCED_FACE('',(#361),#5770,.F.);
#6012=ADVANCED_FACE('',(#362),#5771,.F.);
#6013=ADVANCED_FACE('',(#363),#5772,.F.);
#6014=ADVANCED_FACE('',(#364),#109,.F.);
#6015=ADVANCED_FACE('',(#365),#110,.F.);
#6016=ADVANCED_FACE('',(#366),#111,.F.);
#6017=ADVANCED_FACE('',(#367),#112,.F.);
#6018=ADVANCED_FACE('',(#368),#5773,.F.);
#6019=ADVANCED_FACE('',(#369),#5774,.F.);
#6020=ADVANCED_FACE('',(#370),#5775,.F.);
#6021=ADVANCED_FACE('',(#371),#5776,.F.);
#6022=ADVANCED_FACE('',(#372),#5777,.F.);
#6023=ADVANCED_FACE('',(#373),#5778,.F.);
#6024=ADVANCED_FACE('',(#374),#113,.F.);
#6025=ADVANCED_FACE('',(#375),#114,.F.);
#6026=ADVANCED_FACE('',(#376),#115,.F.);
#6027=ADVANCED_FACE('',(#377,#59),#116,.T.);
#6028=ADVANCED_FACE('',(#378),#117,.F.);
#6029=ADVANCED_FACE('',(#379),#5779,.F.);
#6030=ADVANCED_FACE('',(#380),#5780,.F.);
#6031=ADVANCED_FACE('',(#381),#5781,.F.);
#6032=ADVANCED_FACE('',(#382),#5782,.F.);
#6033=ADVANCED_FACE('',(#383),#118,.F.);
#6034=ADVANCED_FACE('',(#384),#5783,.F.);
#6035=ADVANCED_FACE('',(#385),#5784,.F.);
#6036=ADVANCED_FACE('',(#386),#5785,.F.);
#6037=ADVANCED_FACE('',(#387),#119,.F.);
#6038=ADVANCED_FACE('',(#388),#120,.F.);
#6039=ADVANCED_FACE('',(#389),#121,.F.);
#6040=ADVANCED_FACE('',(#390),#122,.F.);
#6041=ADVANCED_FACE('',(#391),#123,.T.);
#6042=ADVANCED_FACE('',(#392),#5786,.F.);
#6043=ADVANCED_FACE('',(#393),#5787,.F.);
#6044=ADVANCED_FACE('',(#394),#5788,.F.);
#6045=ADVANCED_FACE('',(#395),#5789,.F.);
#6046=ADVANCED_FACE('',(#396),#5790,.F.);
#6047=ADVANCED_FACE('',(#397),#5791,.F.);
#6048=ADVANCED_FACE('',(#398),#5792,.F.);
#6049=ADVANCED_FACE('',(#399),#5793,.F.);
#6050=ADVANCED_FACE('',(#400),#124,.F.);
#6051=ADVANCED_FACE('',(#401),#125,.F.);
#6052=ADVANCED_FACE('',(#402),#126,.F.);
#6053=ADVANCED_FACE('',(#403),#5794,.F.);
#6054=ADVANCED_FACE('',(#404),#5795,.F.);
#6055=ADVANCED_FACE('',(#405),#5796,.F.);
#6056=ADVANCED_FACE('',(#406),#5797,.F.);
#6057=ADVANCED_FACE('',(#407),#5798,.F.);
#6058=ADVANCED_FACE('',(#408),#5799,.F.);
#6059=ADVANCED_FACE('',(#409),#5800,.F.);
#6060=ADVANCED_FACE('',(#410),#5801,.F.);
#6061=ADVANCED_FACE('',(#411),#5802,.F.);
#6062=ADVANCED_FACE('',(#412),#127,.F.);
#6063=ADVANCED_FACE('',(#413),#128,.F.);
#6064=ADVANCED_FACE('',(#414,#60),#129,.T.);
#6065=ADVANCED_FACE('',(#415),#130,.F.);
#6066=ADVANCED_FACE('',(#416),#131,.F.);
#6067=ADVANCED_FACE('',(#417),#132,.F.);
#6068=ADVANCED_FACE('',(#418),#133,.F.);
#6069=ADVANCED_FACE('',(#419),#134,.F.);
#6070=ADVANCED_FACE('',(#420),#135,.F.);
#6071=ADVANCED_FACE('',(#421),#136,.F.);
#6072=ADVANCED_FACE('',(#422),#137,.F.);
#6073=ADVANCED_FACE('',(#423),#138,.F.);
#6074=ADVANCED_FACE('',(#424),#5803,.F.);
#6075=ADVANCED_FACE('',(#425),#5804,.F.);
#6076=ADVANCED_FACE('',(#426),#139,.F.);
#6077=ADVANCED_FACE('',(#427),#140,.F.);
#6078=ADVANCED_FACE('',(#428),#141,.F.);
#6079=ADVANCED_FACE('',(#429),#142,.F.);
#6080=ADVANCED_FACE('',(#430),#143,.T.);
#6081=ADVANCED_FACE('',(#431),#144,.F.);
#6082=ADVANCED_FACE('',(#432),#5805,.F.);
#6083=ADVANCED_FACE('',(#433),#5806,.F.);
#6084=ADVANCED_FACE('',(#434),#5807,.F.);
#6085=ADVANCED_FACE('',(#435),#5808,.F.);
#6086=ADVANCED_FACE('',(#436),#5809,.F.);
#6087=ADVANCED_FACE('',(#437),#145,.F.);
#6088=ADVANCED_FACE('',(#438),#146,.F.);
#6089=ADVANCED_FACE('',(#439),#147,.F.);
#6090=ADVANCED_FACE('',(#440),#5810,.F.);
#6091=ADVANCED_FACE('',(#441),#5811,.F.);
#6092=ADVANCED_FACE('',(#442),#5812,.F.);
#6093=ADVANCED_FACE('',(#443),#5813,.F.);
#6094=ADVANCED_FACE('',(#444),#5814,.F.);
#6095=ADVANCED_FACE('',(#445),#148,.F.);
#6096=ADVANCED_FACE('',(#446),#149,.F.);
#6097=ADVANCED_FACE('',(#447),#150,.F.);
#6098=ADVANCED_FACE('',(#448),#151,.F.);
#6099=ADVANCED_FACE('',(#449),#152,.T.);
#6100=ADVANCED_FACE('',(#450),#153,.F.);
#6101=ADVANCED_FACE('',(#451),#5815,.F.);
#6102=ADVANCED_FACE('',(#452),#5816,.F.);
#6103=ADVANCED_FACE('',(#453),#5817,.F.);
#6104=ADVANCED_FACE('',(#454),#5818,.F.);
#6105=ADVANCED_FACE('',(#455),#5819,.F.);
#6106=ADVANCED_FACE('',(#456),#5820,.F.);
#6107=ADVANCED_FACE('',(#457),#154,.F.);
#6108=ADVANCED_FACE('',(#458),#155,.F.);
#6109=ADVANCED_FACE('',(#459),#156,.F.);
#6110=ADVANCED_FACE('',(#460),#5821,.F.);
#6111=ADVANCED_FACE('',(#461),#5822,.F.);
#6112=ADVANCED_FACE('',(#462),#5823,.F.);
#6113=ADVANCED_FACE('',(#463),#5824,.F.);
#6114=ADVANCED_FACE('',(#464),#5825,.F.);
#6115=ADVANCED_FACE('',(#465),#5826,.F.);
#6116=ADVANCED_FACE('',(#466),#5827,.F.);
#6117=ADVANCED_FACE('',(#467),#157,.F.);
#6118=ADVANCED_FACE('',(#468),#158,.F.);
#6119=ADVANCED_FACE('',(#469),#5828,.F.);
#6120=ADVANCED_FACE('',(#470),#5829,.F.);
#6121=ADVANCED_FACE('',(#471),#5830,.F.);
#6122=ADVANCED_FACE('',(#472),#5831,.F.);
#6123=ADVANCED_FACE('',(#473),#5832,.F.);
#6124=ADVANCED_FACE('',(#474),#5833,.F.);
#6125=ADVANCED_FACE('',(#475),#5834,.F.);
#6126=ADVANCED_FACE('',(#476),#5835,.F.);
#6127=ADVANCED_FACE('',(#477),#5836,.F.);
#6128=ADVANCED_FACE('',(#478),#5837,.F.);
#6129=ADVANCED_FACE('',(#479),#5838,.F.);
#6130=ADVANCED_FACE('',(#480),#159,.F.);
#6131=ADVANCED_FACE('',(#481),#160,.F.);
#6132=ADVANCED_FACE('',(#482),#161,.F.);
#6133=ADVANCED_FACE('',(#483,#61,#62),#162,.T.);
#6134=ADVANCED_FACE('',(#484,#63,#64,#65,#66,#67,#68,#69,#70,#71,#72,#73,
#74,#75,#76,#77,#78),#163,.F.);
#6135=ADVANCED_FACE('',(#485),#164,.F.);
#6136=ADVANCED_FACE('',(#486),#165,.F.);
#6137=ADVANCED_FACE('',(#487),#166,.F.);
#6138=ADVANCED_FACE('',(#488),#167,.F.);
#6139=ADVANCED_FACE('',(#489),#168,.F.);
#6140=ADVANCED_FACE('',(#490),#169,.F.);
#6141=ADVANCED_FACE('',(#491),#170,.F.);
#6142=ADVANCED_FACE('',(#492),#19,.T.);
#6143=ADVANCED_FACE('',(#493),#171,.T.);
#6144=ADVANCED_FACE('',(#494,#79,#80,#81,#82),#172,.T.);
#6145=ADVANCED_FACE('',(#495),#20,.T.);
#6146=ADVANCED_FACE('',(#496),#173,.T.);
#6147=ADVANCED_FACE('',(#497),#21,.T.);
#6148=ADVANCED_FACE('',(#498),#174,.T.);
#6149=ADVANCED_FACE('',(#499),#22,.T.);
#6150=ADVANCED_FACE('',(#500),#175,.T.);
#6151=ADVANCED_FACE('',(#501),#176,.F.);
#6152=ADVANCED_FACE('',(#502),#177,.F.);
#6153=ADVANCED_FACE('',(#503),#178,.F.);
#6154=ADVANCED_FACE('',(#504),#179,.T.);
#6155=ADVANCED_FACE('',(#505),#180,.T.);
#6156=ADVANCED_FACE('',(#506),#181,.T.);
#6157=ADVANCED_FACE('',(#507),#182,.T.);
#6158=ADVANCED_FACE('',(#508),#23,.F.);
#6159=ADVANCED_FACE('',(#509),#24,.F.);
#6160=ADVANCED_FACE('',(#510),#25,.F.);
#6161=ADVANCED_FACE('',(#511),#26,.F.);
#6162=ADVANCED_FACE('',(#512),#183,.T.);
#6163=ADVANCED_FACE('',(#513),#184,.F.);
#6164=ADVANCED_FACE('',(#514),#27,.F.);
#6165=ADVANCED_FACE('',(#515,#83),#185,.F.);
#6166=ADVANCED_FACE('',(#516),#28,.F.);
#6167=ADVANCED_FACE('',(#517,#84),#186,.F.);
#6168=ADVANCED_FACE('',(#518),#29,.F.);
#6169=ADVANCED_FACE('',(#519,#85),#187,.F.);
#6170=ADVANCED_FACE('',(#520),#30,.F.);
#6171=ADVANCED_FACE('',(#521,#86),#188,.F.);
#6172=CLOSED_SHELL('',(#5839,#5840,#5841,#5842,#5843,#5844,#5845,#5846,
#5847,#5848,#5849,#5850,#5851,#5852,#5853,#5854,#5855,#5856,#5857,#5858,
#5859,#5860,#5861,#5862,#5863,#5864,#5865,#5866,#5867,#5868,#5869,#5870,
#5871,#5872,#5873,#5874,#5875,#5876,#5877,#5878,#5879,#5880,#5881,#5882,
#5883,#5884,#5885,#5886,#5887,#5888,#5889,#5890,#5891,#5892,#5893,#5894,
#5895,#5896,#5897,#5898,#5899,#5900,#5901,#5902,#5903,#5904,#5905,#5906,
#5907,#5908,#5909,#5910,#5911,#5912,#5913,#5914,#5915,#5916,#5917,#5918,
#5919,#5920,#5921,#5922,#5923,#5924,#5925,#5926,#5927,#5928,#5929,#5930,
#5931,#5932,#5933,#5934,#5935,#5936,#5937,#5938,#5939,#5940,#5941,#5942,
#5943,#5944,#5945,#5946,#5947,#5948,#5949,#5950,#5951,#5952,#5953,#5954,
#5955,#5956,#5957,#5958,#5959,#5960,#5961,#5962,#5963,#5964,#5965,#5966,
#5967,#5968,#5969,#5970,#5971,#5972,#5973,#5974,#5975,#5976,#5977,#5978,
#5979,#5980,#5981,#5982,#5983,#5984,#5985,#5986,#5987,#5988,#5989,#5990,
#5991,#5992,#5993,#5994,#5995,#5996,#5997,#5998,#5999,#6000,#6001,#6002,
#6003,#6004,#6005,#6006,#6007,#6008,#6009,#6010,#6011,#6012,#6013,#6014,
#6015,#6016,#6017,#6018,#6019,#6020,#6021,#6022,#6023,#6024,#6025,#6026,
#6027,#6028,#6029,#6030,#6031,#6032,#6033,#6034,#6035,#6036,#6037,#6038,
#6039,#6040,#6041,#6042,#6043,#6044,#6045,#6046,#6047,#6048,#6049,#6050,
#6051,#6052,#6053,#6054,#6055,#6056,#6057,#6058,#6059,#6060,#6061,#6062,
#6063,#6064,#6065,#6066,#6067,#6068,#6069,#6070,#6071,#6072,#6073,#6074,
#6075,#6076,#6077,#6078,#6079,#6080,#6081,#6082,#6083,#6084,#6085,#6086,
#6087,#6088,#6089,#6090,#6091,#6092,#6093,#6094,#6095,#6096,#6097,#6098,
#6099,#6100,#6101,#6102,#6103,#6104,#6105,#6106,#6107,#6108,#6109,#6110,
#6111,#6112,#6113,#6114,#6115,#6116,#6117,#6118,#6119,#6120,#6121,#6122,
#6123,#6124,#6125,#6126,#6127,#6128,#6129,#6130,#6131,#6132,#6133,#6134,
#6135,#6136,#6137,#6138,#6139,#6140,#6141,#6142,#6143,#6144,#6145,#6146,
#6147,#6148,#6149,#6150,#6151,#6152,#6153,#6154,#6155,#6156,#6157,#6158,
#6159,#6160,#6161,#6162,#6163,#6164,#6165,#6166,#6167,#6168,#6169,#6170,
#6171));
#6173=DERIVED_UNIT_ELEMENT(#6175,1.);
#6174=DERIVED_UNIT_ELEMENT(#12668,-3.);
#6175=(
MASS_UNIT()
NAMED_UNIT(*)
SI_UNIT(.KILO.,.GRAM.)
);
#6176=DERIVED_UNIT((#6173,#6174));
#6177=MEASURE_REPRESENTATION_ITEM('density measure',
POSITIVE_RATIO_MEASURE(7850.),#6176);
#6178=PROPERTY_DEFINITION_REPRESENTATION(#6183,#6180);
#6179=PROPERTY_DEFINITION_REPRESENTATION(#6184,#6181);
#6180=REPRESENTATION('material name',(#6182),#12665);
#6181=REPRESENTATION('density',(#6177),#12665);
#6182=DESCRIPTIVE_REPRESENTATION_ITEM('Steel','Steel');
#6183=PROPERTY_DEFINITION('material property','material name',#12680);
#6184=PROPERTY_DEFINITION('material property','density of part',#12680);
#6185=AXIS2_PLACEMENT_3D('',#7067,#6326,#6327);
#6186=AXIS2_PLACEMENT_3D('',#7068,#6328,#6329);
#6187=AXIS2_PLACEMENT_3D('',#7141,#6334,#6335);
#6188=AXIS2_PLACEMENT_3D('',#7239,#6343,#6344);
#6189=AXIS2_PLACEMENT_3D('',#7452,#6357,#6358);
#6190=AXIS2_PLACEMENT_3D('',#7478,#6362,#6363);
#6191=AXIS2_PLACEMENT_3D('',#7804,#6379,#6380);
#6192=AXIS2_PLACEMENT_3D('',#8178,#6400,#6401);
#6193=AXIS2_PLACEMENT_3D('',#8204,#6405,#6406);
#6194=AXIS2_PLACEMENT_3D('',#8415,#6417,#6418);
#6195=AXIS2_PLACEMENT_3D('',#8418,#6421,#6422);
#6196=AXIS2_PLACEMENT_3D('',#8473,#6429,#6430);
#6197=AXIS2_PLACEMENT_3D('',#8640,#6441,#6442);
#6198=AXIS2_PLACEMENT_3D('',#8988,#6460,#6461);
#6199=AXIS2_PLACEMENT_3D('',#9153,#6470,#6471);
#6200=AXIS2_PLACEMENT_3D('',#9366,#6484,#6485);
#6201=AXIS2_PLACEMENT_3D('',#9392,#6489,#6490);
#6202=AXIS2_PLACEMENT_3D('',#9784,#6508,#6509);
#6203=AXIS2_PLACEMENT_3D('',#9995,#6520,#6521);
#6204=AXIS2_PLACEMENT_3D('',#9998,#6524,#6525);
#6205=AXIS2_PLACEMENT_3D('',#10053,#6532,#6533);
#6206=AXIS2_PLACEMENT_3D('',#10220,#6544,#6545);
#6207=AXIS2_PLACEMENT_3D('',#10568,#6563,#6564);
#6208=AXIS2_PLACEMENT_3D('',#10569,#6565,#6566);
#6209=AXIS2_PLACEMENT_3D('',#10693,#6576,#6577);
#6210=AXIS2_PLACEMENT_3D('',#10699,#6581,#6582);
#6211=AXIS2_PLACEMENT_3D('',#10702,#6585,#6586);
#6212=AXIS2_PLACEMENT_3D('',#10711,#6591,#6592);
#6213=AXIS2_PLACEMENT_3D('',#10855,#6602,#6603);
#6214=AXIS2_PLACEMENT_3D('',#10861,#6607,#6608);
#6215=AXIS2_PLACEMENT_3D('',#10867,#6612,#6613);
#6216=AXIS2_PLACEMENT_3D('',#10870,#6616,#6617);
#6217=AXIS2_PLACEMENT_3D('',#10871,#6618,#6619);
#6218=AXIS2_PLACEMENT_3D('',#10972,#6628,#6629);
#6219=AXIS2_PLACEMENT_3D('',#11047,#6636,#6637);
#6220=AXIS2_PLACEMENT_3D('',#11053,#6641,#6642);
#6221=AXIS2_PLACEMENT_3D('',#11059,#6646,#6647);
#6222=AXIS2_PLACEMENT_3D('',#11065,#6651,#6652);
#6223=AXIS2_PLACEMENT_3D('',#11068,#6655,#6656);
#6224=AXIS2_PLACEMENT_3D('',#11253,#6665,#6666);
#6225=AXIS2_PLACEMENT_3D('',#11262,#6671,#6672);
#6226=AXIS2_PLACEMENT_3D('',#11268,#6676,#6677);
#6227=AXIS2_PLACEMENT_3D('',#11481,#6690,#6691);
#6228=AXIS2_PLACEMENT_3D('',#11487,#6695,#6696);
#6229=AXIS2_PLACEMENT_3D('',#11490,#6699,#6700);
#6230=AXIS2_PLACEMENT_3D('',#11491,#6701,#6702);
#6231=AXIS2_PLACEMENT_3D('',#11500,#6707,#6708);
#6232=AXIS2_PLACEMENT_3D('',#11506,#6712,#6713);
#6233=AXIS2_PLACEMENT_3D('',#11512,#6717,#6718);
#6234=AXIS2_PLACEMENT_3D('',#11518,#6722,#6723);
#6235=AXIS2_PLACEMENT_3D('',#11524,#6727,#6728);
#6236=AXIS2_PLACEMENT_3D('',#11530,#6732,#6733);
#6237=AXIS2_PLACEMENT_3D('',#11536,#6737,#6738);
#6238=AXIS2_PLACEMENT_3D('',#11542,#6742,#6743);
#6239=AXIS2_PLACEMENT_3D('',#11594,#6749,#6750);
#6240=AXIS2_PLACEMENT_3D('',#11600,#6754,#6755);
#6241=AXIS2_PLACEMENT_3D('',#11606,#6759,#6760);
#6242=AXIS2_PLACEMENT_3D('',#11612,#6764,#6765);
#6243=AXIS2_PLACEMENT_3D('',#11615,#6768,#6769);
#6244=AXIS2_PLACEMENT_3D('',#11616,#6770,#6771);
#6245=AXIS2_PLACEMENT_3D('',#11740,#6781,#6782);
#6246=AXIS2_PLACEMENT_3D('',#11746,#6786,#6787);
#6247=AXIS2_PLACEMENT_3D('',#11752,#6791,#6792);
#6248=AXIS2_PLACEMENT_3D('',#11873,#6801,#6802);
#6249=AXIS2_PLACEMENT_3D('',#11879,#6806,#6807);
#6250=AXIS2_PLACEMENT_3D('',#11885,#6811,#6812);
#6251=AXIS2_PLACEMENT_3D('',#11891,#6816,#6817);
#6252=AXIS2_PLACEMENT_3D('',#11894,#6820,#6821);
#6253=AXIS2_PLACEMENT_3D('',#11895,#6822,#6823);
#6254=AXIS2_PLACEMENT_3D('',#12042,#6834,#6835);
#6255=AXIS2_PLACEMENT_3D('',#12048,#6839,#6840);
#6256=AXIS2_PLACEMENT_3D('',#12051,#6843,#6844);
#6257=AXIS2_PLACEMENT_3D('',#12221,#6856,#6857);
#6258=AXIS2_PLACEMENT_3D('',#12227,#6861,#6862);
#6259=AXIS2_PLACEMENT_3D('',#12486,#6877,#6878);
#6260=AXIS2_PLACEMENT_3D('',#12492,#6882,#6883);
#6261=AXIS2_PLACEMENT_3D('',#12498,#6887,#6888);
#6262=AXIS2_PLACEMENT_3D('',#12501,#6891,#6892);
#6263=AXIS2_PLACEMENT_3D('',#12502,#6893,#6894);
#6264=AXIS2_PLACEMENT_3D('',#12505,#6895,#6896);
#6265=AXIS2_PLACEMENT_3D('',#12509,#6898,#6899);
#6266=AXIS2_PLACEMENT_3D('',#12513,#6901,#6902);
#6267=AXIS2_PLACEMENT_3D('',#12517,#6904,#6905);
#6268=AXIS2_PLACEMENT_3D('',#12520,#6907,#6908);
#6269=AXIS2_PLACEMENT_3D('',#12522,#6909,#6910);
#6270=AXIS2_PLACEMENT_3D('',#12524,#6911,#6912);
#6271=AXIS2_PLACEMENT_3D('',#12526,#6913,#6914);
#6272=AXIS2_PLACEMENT_3D('',#12527,#6915,#6916);
#6273=AXIS2_PLACEMENT_3D('',#12528,#6917,#6918);
#6274=AXIS2_PLACEMENT_3D('',#12529,#6919,#6920);
#6275=AXIS2_PLACEMENT_3D('',#12530,#6921,#6922);
#6276=AXIS2_PLACEMENT_3D('',#12531,#6923,#6924);
#6277=AXIS2_PLACEMENT_3D('',#12532,#6925,#6926);
#6278=AXIS2_PLACEMENT_3D('',#12533,#6927,#6928);
#6279=AXIS2_PLACEMENT_3D('',#12534,#6929,#6930);
#6280=AXIS2_PLACEMENT_3D('',#12537,#6931,#6932);
#6281=AXIS2_PLACEMENT_3D('',#12540,#6935,#6936);
#6282=AXIS2_PLACEMENT_3D('',#12552,#6943,#6944);
#6283=AXIS2_PLACEMENT_3D('',#12556,#6946,#6947);
#6284=AXIS2_PLACEMENT_3D('',#12560,#6949,#6950);
#6285=AXIS2_PLACEMENT_3D('',#12563,#6952,#6953);
#6286=AXIS2_PLACEMENT_3D('',#12578,#6961,#6962);
#6287=AXIS2_PLACEMENT_3D('',#12580,#6963,#6964);
#6288=AXIS2_PLACEMENT_3D('',#12582,#6965,#6966);
#6289=AXIS2_PLACEMENT_3D('',#12584,#6967,#6968);
#6290=AXIS2_PLACEMENT_3D('',#12585,#6969,#6970);
#6291=AXIS2_PLACEMENT_3D('',#12587,#6972,#6973);
#6292=AXIS2_PLACEMENT_3D('',#12589,#6975,#6976);
#6293=AXIS2_PLACEMENT_3D('',#12591,#6978,#6979);
#6294=AXIS2_PLACEMENT_3D('',#12593,#6981,#6982);
#6295=AXIS2_PLACEMENT_3D('',#12595,#6984,#6985);
#6296=AXIS2_PLACEMENT_3D('',#12596,#6986,#6987);
#6297=AXIS2_PLACEMENT_3D('',#12600,#6990,#6991);
#6298=AXIS2_PLACEMENT_3D('',#12604,#6994,#6995);
#6299=AXIS2_PLACEMENT_3D('',#12606,#6997,#6998);
#6300=AXIS2_PLACEMENT_3D('',#12612,#7002,#7003);
#6301=AXIS2_PLACEMENT_3D('',#12618,#7007,#7008);
#6302=AXIS2_PLACEMENT_3D('',#12620,#7010,#7011);
#6303=AXIS2_PLACEMENT_3D('',#12622,#7013,#7014);
#6304=AXIS2_PLACEMENT_3D('',#12624,#7015,#7016);
#6305=AXIS2_PLACEMENT_3D('',#12626,#7018,#7019);
#6306=AXIS2_PLACEMENT_3D('',#12628,#7020,#7021);
#6307=AXIS2_PLACEMENT_3D('',#12630,#7023,#7024);
#6308=AXIS2_PLACEMENT_3D('',#12632,#7025,#7026);
#6309=AXIS2_PLACEMENT_3D('',#12634,#7028,#7029);
#6310=AXIS2_PLACEMENT_3D('',#12636,#7030,#7031);
#6311=AXIS2_PLACEMENT_3D('',#12638,#7033,#7034);
#6312=AXIS2_PLACEMENT_3D('',#12639,#7035,#7036);
#6313=AXIS2_PLACEMENT_3D('',#12640,#7037,#7038);
#6314=AXIS2_PLACEMENT_3D('',#12643,#7040,#7041);
#6315=AXIS2_PLACEMENT_3D('',#12644,#7042,#7043);
#6316=AXIS2_PLACEMENT_3D('',#12645,#7044,#7045);
#6317=AXIS2_PLACEMENT_3D('',#12648,#7047,#7048);
#6318=AXIS2_PLACEMENT_3D('',#12649,#7049,#7050);
#6319=AXIS2_PLACEMENT_3D('',#12650,#7051,#7052);
#6320=AXIS2_PLACEMENT_3D('',#12653,#7054,#7055);
#6321=AXIS2_PLACEMENT_3D('',#12654,#7056,#7057);
#6322=AXIS2_PLACEMENT_3D('',#12655,#7058,#7059);
#6323=AXIS2_PLACEMENT_3D('',#12658,#7061,#7062);
#6324=AXIS2_PLACEMENT_3D('',#12659,#7063,#7064);
#6325=AXIS2_PLACEMENT_3D('',#12660,#7065,#7066);
#6326=DIRECTION('axis',(0.,0.,1.));
#6327=DIRECTION('refdir',(1.,0.,0.));
#6328=DIRECTION('axis',(0.,0.,1.));
#6329=DIRECTION('refdir',(1.,0.,0.));
#6330=DIRECTION('',(0.,0.,1.));
#6331=DIRECTION('',(0.,0.,1.));
#6332=DIRECTION('',(0.,0.,1.));
#6333=DIRECTION('',(0.,0.,1.));
#6334=DIRECTION('center_axis',(0.,1.,0.));
#6335=DIRECTION('ref_axis',(-1.,0.,0.));
#6336=DIRECTION('',(-1.,0.,0.));
#6337=DIRECTION('',(0.,0.,1.));
#6338=DIRECTION('',(-1.,0.,0.));
#6339=DIRECTION('',(0.,0.,1.));
#6340=DIRECTION('',(0.,0.,1.));
#6341=DIRECTION('',(0.,0.,1.));
#6342=DIRECTION('',(0.,0.,1.));
#6343=DIRECTION('center_axis',(0.,-1.,0.));
#6344=DIRECTION('ref_axis',(1.,0.,0.));
#6345=DIRECTION('',(1.,0.,0.));
#6346=DIRECTION('',(0.,0.,1.));
#6347=DIRECTION('',(1.,0.,0.));
#6348=DIRECTION('',(0.,0.,1.));
#6349=DIRECTION('',(0.,0.,1.));
#6350=DIRECTION('',(0.,0.,1.));
#6351=DIRECTION('',(0.,0.,1.));
#6352=DIRECTION('',(0.,0.,1.));
#6353=DIRECTION('',(0.,0.,1.));
#6354=DIRECTION('',(0.,0.,1.));
#6355=DIRECTION('',(0.,0.,1.));
#6356=DIRECTION('',(0.,0.,1.));
#6357=DIRECTION('center_axis',(-0.122720787032438,0.992441236764242,0.));
#6358=DIRECTION('ref_axis',(-0.992441236764242,-0.122720787032438,0.));
#6359=DIRECTION('',(-0.992441236764242,-0.122720787032438,0.));
#6360=DIRECTION('',(0.,0.,1.));
#6361=DIRECTION('',(-0.992441236764242,-0.122720787032438,0.));
#6362=DIRECTION('center_axis',(0.,0.,-1.));
#6363=DIRECTION('ref_axis',(1.,0.,0.));
#6364=DIRECTION('',(0.,0.,1.));
#6365=DIRECTION('',(0.,0.,1.));
#6366=DIRECTION('',(0.,0.,1.));
#6367=DIRECTION('',(0.,0.,1.));
#6368=DIRECTION('',(0.,0.,1.));
#6369=DIRECTION('',(0.,0.,1.));
#6370=DIRECTION('',(0.,0.,1.));
#6371=DIRECTION('',(0.,0.,1.));
#6372=DIRECTION('',(0.,0.,1.));
#6373=DIRECTION('',(0.,0.,1.));
#6374=DIRECTION('',(0.,0.,1.));
#6375=DIRECTION('',(0.,0.,1.));
#6376=DIRECTION('',(0.,0.,1.));
#6377=DIRECTION('',(0.,0.,1.));
#6378=DIRECTION('',(0.,0.,1.));
#6379=DIRECTION('center_axis',(-0.135112985212421,-0.990830197978941,0.));
#6380=DIRECTION('ref_axis',(0.990830197978941,-0.135112985212421,0.));
#6381=DIRECTION('',(0.990830197978941,-0.135112985212421,0.));
#6382=DIRECTION('',(0.,0.,1.));
#6383=DIRECTION('',(0.990830197978941,-0.135112985212421,0.));
#6384=DIRECTION('',(0.,0.,1.));
#6385=DIRECTION('',(0.,0.,1.));
#6386=DIRECTION('',(0.,0.,1.));
#6387=DIRECTION('',(0.,0.,1.));
#6388=DIRECTION('',(0.,0.,1.));
#6389=DIRECTION('',(0.,0.,1.));
#6390=DIRECTION('',(0.,0.,1.));
#6391=DIRECTION('',(0.,0.,1.));
#6392=DIRECTION('',(0.,0.,1.));
#6393=DIRECTION('',(0.,0.,1.));
#6394=DIRECTION('',(0.,0.,1.));
#6395=DIRECTION('',(0.,0.,1.));
#6396=DIRECTION('',(0.,0.,1.));
#6397=DIRECTION('',(0.,0.,1.));
#6398=DIRECTION('',(0.,0.,1.));
#6399=DIRECTION('',(0.,0.,1.));
#6400=DIRECTION('center_axis',(0.155392734258542,0.987852771489585,0.));
#6401=DIRECTION('ref_axis',(-0.987852771489585,0.155392734258542,0.));
#6402=DIRECTION('',(-0.987852771489585,0.155392734258542,0.));
#6403=DIRECTION('',(0.,0.,1.));
#6404=DIRECTION('',(-0.987852771489585,0.155392734258542,0.));
#6405=DIRECTION('center_axis',(0.,0.,-1.));
#6406=DIRECTION('ref_axis',(1.,0.,0.));
#6407=DIRECTION('',(0.,0.,1.));
#6408=DIRECTION('',(0.,0.,1.));
#6409=DIRECTION('',(0.,0.,1.));
#6410=DIRECTION('',(0.,0.,1.));
#6411=DIRECTION('',(0.,0.,1.));
#6412=DIRECTION('',(0.,0.,1.));
#6413=DIRECTION('',(0.,0.,1.));
#6414=DIRECTION('',(0.,0.,1.));
#6415=DIRECTION('',(0.,0.,1.));
#6416=DIRECTION('',(0.,0.,1.));
#6417=DIRECTION('center_axis',(1.,0.,0.));
#6418=DIRECTION('ref_axis',(0.,1.,0.));
#6419=DIRECTION('',(0.,1.,0.));
#6420=DIRECTION('',(0.,1.,0.));
#6421=DIRECTION('center_axis',(0.,-1.,0.));
#6422=DIRECTION('ref_axis',(1.,0.,0.));
#6423=DIRECTION('',(1.,0.,0.));
#6424=DIRECTION('',(0.,0.,1.));
#6425=DIRECTION('',(1.,0.,0.));
#6426=DIRECTION('',(0.,0.,1.));
#6427=DIRECTION('',(0.,0.,1.));
#6428=DIRECTION('',(0.,0.,1.));
#6429=DIRECTION('center_axis',(-1.,0.,0.));
#6430=DIRECTION('ref_axis',(0.,-1.,0.));
#6431=DIRECTION('',(0.,-1.,0.));
#6432=DIRECTION('',(0.,0.,1.));
#6433=DIRECTION('',(0.,-1.,0.));
#6434=DIRECTION('',(0.,0.,1.));
#6435=DIRECTION('',(0.,0.,1.));
#6436=DIRECTION('',(0.,0.,1.));
#6437=DIRECTION('',(0.,0.,1.));
#6438=DIRECTION('',(0.,0.,1.));
#6439=DIRECTION('',(0.,0.,1.));
#6440=DIRECTION('',(0.,0.,1.));
#6441=DIRECTION('center_axis',(0.135114565763757,-0.990829982448286,0.));
#6442=DIRECTION('ref_axis',(0.990829982448286,0.135114565763757,0.));
#6443=DIRECTION('',(0.990829982448286,0.135114565763757,0.));
#6444=DIRECTION('',(0.,0.,1.));
#6445=DIRECTION('',(0.990829982448286,0.135114565763757,0.));
#6446=DIRECTION('',(0.,0.,1.));
#6447=DIRECTION('',(0.,0.,1.));
#6448=DIRECTION('',(0.,0.,1.));
#6449=DIRECTION('',(0.,0.,1.));
#6450=DIRECTION('',(0.,0.,1.));
#6451=DIRECTION('',(0.,0.,1.));
#6452=DIRECTION('',(0.,0.,1.));
#6453=DIRECTION('',(0.,0.,1.));
#6454=DIRECTION('',(0.,0.,1.));
#6455=DIRECTION('',(0.,0.,1.));
#6456=DIRECTION('',(0.,0.,1.));
#6457=DIRECTION('',(0.,0.,1.));
#6458=DIRECTION('',(0.,0.,1.));
#6459=DIRECTION('',(0.,0.,1.));
#6460=DIRECTION('center_axis',(0.,0.,-1.));
#6461=DIRECTION('ref_axis',(1.,0.,0.));
#6462=DIRECTION('',(0.,0.,1.));
#6463=DIRECTION('',(0.,0.,1.));
#6464=DIRECTION('',(0.,0.,1.));
#6465=DIRECTION('',(0.,0.,1.));
#6466=DIRECTION('',(0.,0.,1.));
#6467=DIRECTION('',(0.,0.,1.));
#6468=DIRECTION('',(0.,0.,1.));
#6469=DIRECTION('',(0.,0.,1.));
#6470=DIRECTION('center_axis',(-0.152480797022952,-0.988306433521125,0.));
#6471=DIRECTION('ref_axis',(0.988306433521125,-0.152480797022952,0.));
#6472=DIRECTION('',(0.988306433521125,-0.152480797022952,0.));
#6473=DIRECTION('',(0.,0.,1.));
#6474=DIRECTION('',(0.988306433521125,-0.152480797022952,0.));
#6475=DIRECTION('',(0.,0.,1.));
#6476=DIRECTION('',(0.,0.,1.));
#6477=DIRECTION('',(0.,0.,1.));
#6478=DIRECTION('',(0.,0.,1.));
#6479=DIRECTION('',(0.,0.,1.));
#6480=DIRECTION('',(0.,0.,1.));
#6481=DIRECTION('',(0.,0.,1.));
#6482=DIRECTION('',(0.,0.,1.));
#6483=DIRECTION('',(0.,0.,1.));
#6484=DIRECTION('center_axis',(-0.128859808622882,0.991662820580501,0.));
#6485=DIRECTION('ref_axis',(-0.991662820580501,-0.128859808622882,0.));
#6486=DIRECTION('',(-0.991662820580501,-0.128859808622882,0.));
#6487=DIRECTION('',(0.,0.,1.));
#6488=DIRECTION('',(-0.991662820580501,-0.128859808622882,0.));
#6489=DIRECTION('center_axis',(0.,0.,-1.));
#6490=DIRECTION('ref_axis',(1.,0.,0.));
#6491=DIRECTION('',(0.,0.,1.));
#6492=DIRECTION('',(0.,0.,1.));
#6493=DIRECTION('',(0.,0.,1.));
#6494=DIRECTION('',(0.,0.,1.));
#6495=DIRECTION('',(0.,0.,1.));
#6496=DIRECTION('',(0.,0.,1.));
#6497=DIRECTION('',(0.,0.,1.));
#6498=DIRECTION('',(0.,0.,1.));
#6499=DIRECTION('',(0.,0.,1.));
#6500=DIRECTION('',(0.,0.,1.));
#6501=DIRECTION('',(0.,0.,1.));
#6502=DIRECTION('',(0.,0.,1.));
#6503=DIRECTION('',(0.,0.,1.));
#6504=DIRECTION('',(0.,0.,1.));
#6505=DIRECTION('',(0.,0.,1.));
#6506=DIRECTION('',(0.,0.,1.));
#6507=DIRECTION('',(0.,0.,1.));
#6508=DIRECTION('center_axis',(0.,0.,-1.));
#6509=DIRECTION('ref_axis',(1.,0.,0.));
#6510=DIRECTION('',(0.,0.,1.));
#6511=DIRECTION('',(0.,0.,1.));
#6512=DIRECTION('',(0.,0.,1.));
#6513=DIRECTION('',(0.,0.,1.));
#6514=DIRECTION('',(0.,0.,1.));
#6515=DIRECTION('',(0.,0.,1.));
#6516=DIRECTION('',(0.,0.,1.));
#6517=DIRECTION('',(0.,0.,1.));
#6518=DIRECTION('',(0.,0.,1.));
#6519=DIRECTION('',(0.,0.,1.));
#6520=DIRECTION('center_axis',(1.,0.,0.));
#6521=DIRECTION('ref_axis',(0.,1.,0.));
#6522=DIRECTION('',(0.,1.,0.));
#6523=DIRECTION('',(0.,1.,0.));
#6524=DIRECTION('center_axis',(0.,-1.,0.));
#6525=DIRECTION('ref_axis',(1.,0.,0.));
#6526=DIRECTION('',(1.,0.,0.));
#6527=DIRECTION('',(0.,0.,1.));
#6528=DIRECTION('',(1.,0.,0.));
#6529=DIRECTION('',(0.,0.,1.));
#6530=DIRECTION('',(0.,0.,1.));
#6531=DIRECTION('',(0.,0.,1.));
#6532=DIRECTION('center_axis',(-1.,0.,0.));
#6533=DIRECTION('ref_axis',(0.,-1.,0.));
#6534=DIRECTION('',(0.,-1.,0.));
#6535=DIRECTION('',(0.,0.,1.));
#6536=DIRECTION('',(0.,-1.,0.));
#6537=DIRECTION('',(0.,0.,1.));
#6538=DIRECTION('',(0.,0.,1.));
#6539=DIRECTION('',(0.,0.,1.));
#6540=DIRECTION('',(0.,0.,1.));
#6541=DIRECTION('',(0.,0.,1.));
#6542=DIRECTION('',(0.,0.,1.));
#6543=DIRECTION('',(0.,0.,1.));
#6544=DIRECTION('center_axis',(0.135114565763757,-0.990829982448286,0.));
#6545=DIRECTION('ref_axis',(0.990829982448286,0.135114565763757,0.));
#6546=DIRECTION('',(0.990829982448286,0.135114565763757,0.));
#6547=DIRECTION('',(0.,0.,1.));
#6548=DIRECTION('',(0.990829982448286,0.135114565763757,0.));
#6549=DIRECTION('',(0.,0.,1.));
#6550=DIRECTION('',(0.,0.,1.));
#6551=DIRECTION('',(0.,0.,1.));
#6552=DIRECTION('',(0.,0.,1.));
#6553=DIRECTION('',(0.,0.,1.));
#6554=DIRECTION('',(0.,0.,1.));
#6555=DIRECTION('',(0.,0.,1.));
#6556=DIRECTION('',(0.,0.,1.));
#6557=DIRECTION('',(0.,0.,1.));
#6558=DIRECTION('',(0.,0.,1.));
#6559=DIRECTION('',(0.,0.,1.));
#6560=DIRECTION('',(0.,0.,1.));
#6561=DIRECTION('',(0.,0.,1.));
#6562=DIRECTION('',(0.,0.,1.));
#6563=DIRECTION('center_axis',(0.,0.,-1.));
#6564=DIRECTION('ref_axis',(1.,0.,0.));
#6565=DIRECTION('center_axis',(0.,-1.,0.));
#6566=DIRECTION('ref_axis',(1.,0.,0.));
#6567=DIRECTION('',(1.,0.,0.));
#6568=DIRECTION('',(0.,0.,1.));
#6569=DIRECTION('',(1.,0.,0.));
#6570=DIRECTION('',(0.,0.,1.));
#6571=DIRECTION('',(0.,0.,1.));
#6572=DIRECTION('',(0.,0.,1.));
#6573=DIRECTION('',(0.,0.,1.));
#6574=DIRECTION('',(0.,0.,1.));
#6575=DIRECTION('',(0.,0.,1.));
#6576=DIRECTION('center_axis',(0.,1.,0.));
#6577=DIRECTION('ref_axis',(-1.,0.,0.));
#6578=DIRECTION('',(-1.,0.,0.));
#6579=DIRECTION('',(0.,0.,1.));
#6580=DIRECTION('',(-1.,0.,0.));
#6581=DIRECTION('center_axis',(-1.,0.,0.));
#6582=DIRECTION('ref_axis',(0.,-1.,0.));
#6583=DIRECTION('',(0.,-1.,0.));
#6584=DIRECTION('',(0.,-1.,0.));
#6585=DIRECTION('center_axis',(-1.,0.,0.));
#6586=DIRECTION('ref_axis',(0.,-1.,0.));
#6587=DIRECTION('',(0.,-1.,0.));
#6588=DIRECTION('',(0.,0.,1.));
#6589=DIRECTION('',(0.,-1.,0.));
#6590=DIRECTION('',(0.,0.,1.));
#6591=DIRECTION('center_axis',(0.,-1.,0.));
#6592=DIRECTION('ref_axis',(1.,0.,0.));
#6593=DIRECTION('',(1.,0.,0.));
#6594=DIRECTION('',(0.,0.,1.));
#6595=DIRECTION('',(1.,0.,0.));
#6596=DIRECTION('',(0.,0.,1.));
#6597=DIRECTION('',(0.,0.,1.));
#6598=DIRECTION('',(0.,0.,1.));
#6599=DIRECTION('',(0.,0.,1.));
#6600=DIRECTION('',(0.,0.,1.));
#6601=DIRECTION('',(0.,0.,1.));
#6602=DIRECTION('center_axis',(0.,1.,0.));
#6603=DIRECTION('ref_axis',(-1.,0.,0.));
#6604=DIRECTION('',(-1.,0.,0.));
#6605=DIRECTION('',(0.,0.,1.));
#6606=DIRECTION('',(-1.,0.,0.));
#6607=DIRECTION('center_axis',(1.,0.,0.));
#6608=DIRECTION('ref_axis',(0.,1.,0.));
#6609=DIRECTION('',(0.,1.,0.));
#6610=DIRECTION('',(0.,0.,1.));
#6611=DIRECTION('',(0.,1.,0.));
#6612=DIRECTION('center_axis',(0.,-1.,0.));
#6613=DIRECTION('ref_axis',(1.,0.,0.));
#6614=DIRECTION('',(1.,0.,0.));
#6615=DIRECTION('',(1.,0.,0.));
#6616=DIRECTION('center_axis',(0.,0.,-1.));
#6617=DIRECTION('ref_axis',(1.,0.,0.));
#6618=DIRECTION('center_axis',(-1.,0.,0.));
#6619=DIRECTION('ref_axis',(0.,-1.,0.));
#6620=DIRECTION('',(0.,-1.,0.));
#6621=DIRECTION('',(0.,0.,1.));
#6622=DIRECTION('',(0.,-1.,0.));
#6623=DIRECTION('',(0.,0.,1.));
#6624=DIRECTION('',(0.,0.,1.));
#6625=DIRECTION('',(0.,0.,1.));
#6626=DIRECTION('',(0.,0.,1.));
#6627=DIRECTION('',(0.,0.,1.));
#6628=DIRECTION('center_axis',(-0.937477830928819,-0.348044992087227,0.));
#6629=DIRECTION('ref_axis',(0.348044992087227,-0.937477830928819,0.));
#6630=DIRECTION('',(0.348044992087227,-0.937477830928819,0.));
#6631=DIRECTION('',(0.,0.,1.));
#6632=DIRECTION('',(0.348044992087227,-0.937477830928819,0.));
#6633=DIRECTION('',(0.,0.,1.));
#6634=DIRECTION('',(0.,0.,1.));
#6635=DIRECTION('',(0.,0.,1.));
#6636=DIRECTION('center_axis',(-1.,0.,0.));
#6637=DIRECTION('ref_axis',(0.,-1.,0.));
#6638=DIRECTION('',(0.,-1.,0.));
#6639=DIRECTION('',(0.,0.,1.));
#6640=DIRECTION('',(0.,-1.,0.));
#6641=DIRECTION('center_axis',(0.,1.,0.));
#6642=DIRECTION('ref_axis',(-1.,0.,0.));
#6643=DIRECTION('',(-1.,0.,0.));
#6644=DIRECTION('',(0.,0.,1.));
#6645=DIRECTION('',(-1.,0.,0.));
#6646=DIRECTION('center_axis',(1.,0.,0.));
#6647=DIRECTION('ref_axis',(0.,1.,0.));
#6648=DIRECTION('',(0.,1.,0.));
#6649=DIRECTION('',(0.,0.,1.));
#6650=DIRECTION('',(0.,1.,0.));
#6651=DIRECTION('center_axis',(0.,-1.,0.));
#6652=DIRECTION('ref_axis',(1.,0.,0.));
#6653=DIRECTION('',(1.,0.,0.));
#6654=DIRECTION('',(1.,0.,0.));
#6655=DIRECTION('center_axis',(0.,0.,-1.));
#6656=DIRECTION('ref_axis',(1.,0.,0.));
#6657=DIRECTION('',(0.,0.,1.));
#6658=DIRECTION('',(0.,0.,1.));
#6659=DIRECTION('',(0.,0.,1.));
#6660=DIRECTION('',(0.,0.,1.));
#6661=DIRECTION('',(0.,0.,1.));
#6662=DIRECTION('',(0.,0.,1.));
#6663=DIRECTION('',(0.,0.,1.));
#6664=DIRECTION('',(0.,0.,1.));
#6665=DIRECTION('center_axis',(-1.,0.,0.));
#6666=DIRECTION('ref_axis',(0.,-1.,0.));
#6667=DIRECTION('',(0.,-1.,0.));
#6668=DIRECTION('',(0.,0.,1.));
#6669=DIRECTION('',(0.,-1.,0.));
#6670=DIRECTION('',(0.,0.,1.));
#6671=DIRECTION('center_axis',(0.,1.,0.));
#6672=DIRECTION('ref_axis',(-1.,0.,0.));
#6673=DIRECTION('',(-1.,0.,0.));
#6674=DIRECTION('',(0.,0.,1.));
#6675=DIRECTION('',(-1.,0.,0.));
#6676=DIRECTION('center_axis',(1.,0.,0.));
#6677=DIRECTION('ref_axis',(0.,1.,0.));
#6678=DIRECTION('',(0.,1.,0.));
#6679=DIRECTION('',(0.,0.,1.));
#6680=DIRECTION('',(0.,1.,0.));
#6681=DIRECTION('',(0.,0.,1.));
#6682=DIRECTION('',(0.,0.,1.));
#6683=DIRECTION('',(0.,0.,1.));
#6684=DIRECTION('',(0.,0.,1.));
#6685=DIRECTION('',(0.,0.,1.));
#6686=DIRECTION('',(0.,0.,1.));
#6687=DIRECTION('',(0.,0.,1.));
#6688=DIRECTION('',(0.,0.,1.));
#6689=DIRECTION('',(0.,0.,1.));
#6690=DIRECTION('center_axis',(1.,0.,0.));
#6691=DIRECTION('ref_axis',(0.,1.,0.));
#6692=DIRECTION('',(0.,1.,0.));
#6693=DIRECTION('',(0.,0.,1.));
#6694=DIRECTION('',(0.,1.,0.));
#6695=DIRECTION('center_axis',(0.,-1.,0.));
#6696=DIRECTION('ref_axis',(1.,0.,0.));
#6697=DIRECTION('',(1.,0.,0.));
#6698=DIRECTION('',(1.,0.,0.));
#6699=DIRECTION('center_axis',(0.,0.,-1.));
#6700=DIRECTION('ref_axis',(1.,0.,0.));
#6701=DIRECTION('center_axis',(-1.,0.,0.));
#6702=DIRECTION('ref_axis',(0.,-1.,0.));
#6703=DIRECTION('',(0.,-1.,0.));
#6704=DIRECTION('',(0.,0.,1.));
#6705=DIRECTION('',(0.,-1.,0.));
#6706=DIRECTION('',(0.,0.,1.));
#6707=DIRECTION('center_axis',(0.946846724485465,-0.321685063891914,0.));
#6708=DIRECTION('ref_axis',(0.321685063891914,0.946846724485465,0.));
#6709=DIRECTION('',(0.321685063891914,0.946846724485465,0.));
#6710=DIRECTION('',(0.,0.,1.));
#6711=DIRECTION('',(0.321685063891914,0.946846724485465,0.));
#6712=DIRECTION('center_axis',(0.,-1.,0.));
#6713=DIRECTION('ref_axis',(1.,0.,0.));
#6714=DIRECTION('',(1.,0.,0.));
#6715=DIRECTION('',(0.,0.,1.));
#6716=DIRECTION('',(1.,0.,0.));
#6717=DIRECTION('center_axis',(-0.94468360975772,-0.327983044462857,0.));
#6718=DIRECTION('ref_axis',(0.327983044462857,-0.94468360975772,0.));
#6719=DIRECTION('',(0.327983044462857,-0.94468360975772,0.));
#6720=DIRECTION('',(0.,0.,1.));
#6721=DIRECTION('',(0.327983044462857,-0.94468360975772,0.));
#6722=DIRECTION('center_axis',(1.,0.,0.));
#6723=DIRECTION('ref_axis',(0.,1.,0.));
#6724=DIRECTION('',(0.,1.,0.));
#6725=DIRECTION('',(0.,0.,1.));
#6726=DIRECTION('',(0.,1.,0.));
#6727=DIRECTION('center_axis',(0.,-1.,0.));
#6728=DIRECTION('ref_axis',(1.,0.,0.));
#6729=DIRECTION('',(1.,0.,0.));
#6730=DIRECTION('',(0.,0.,1.));
#6731=DIRECTION('',(1.,0.,0.));
#6732=DIRECTION('center_axis',(-1.,0.,0.));
#6733=DIRECTION('ref_axis',(0.,-1.,0.));
#6734=DIRECTION('',(0.,-1.,0.));
#6735=DIRECTION('',(0.,0.,1.));
#6736=DIRECTION('',(0.,-1.,0.));
#6737=DIRECTION('center_axis',(0.,1.,0.));
#6738=DIRECTION('ref_axis',(-1.,0.,0.));
#6739=DIRECTION('',(-1.,0.,0.));
#6740=DIRECTION('',(0.,0.,1.));
#6741=DIRECTION('',(-1.,0.,0.));
#6742=DIRECTION('center_axis',(0.945579658878882,0.325390701641116,0.));
#6743=DIRECTION('ref_axis',(-0.325390701641116,0.945579658878882,0.));
#6744=DIRECTION('',(-0.325390701641116,0.945579658878882,0.));
#6745=DIRECTION('',(0.,0.,1.));
#6746=DIRECTION('',(-0.325390701641116,0.945579658878882,0.));
#6747=DIRECTION('',(0.,0.,1.));
#6748=DIRECTION('',(0.,0.,1.));
#6749=DIRECTION('center_axis',(-0.948408836143851,0.317049963766385,0.));
#6750=DIRECTION('ref_axis',(-0.317049963766384,-0.948408836143851,0.));
#6751=DIRECTION('',(-0.317049963766384,-0.948408836143851,0.));
#6752=DIRECTION('',(0.,0.,1.));
#6753=DIRECTION('',(-0.317049963766384,-0.948408836143851,0.));
#6754=DIRECTION('center_axis',(0.,1.,0.));
#6755=DIRECTION('ref_axis',(-1.,0.,0.));
#6756=DIRECTION('',(-1.,0.,0.));
#6757=DIRECTION('',(0.,0.,1.));
#6758=DIRECTION('',(-1.,0.,0.));
#6759=DIRECTION('center_axis',(1.,0.,0.));
#6760=DIRECTION('ref_axis',(0.,1.,0.));
#6761=DIRECTION('',(0.,1.,0.));
#6762=DIRECTION('',(0.,0.,1.));
#6763=DIRECTION('',(0.,1.,0.));
#6764=DIRECTION('center_axis',(0.,-1.,0.));
#6765=DIRECTION('ref_axis',(1.,0.,0.));
#6766=DIRECTION('',(1.,0.,0.));
#6767=DIRECTION('',(1.,0.,0.));
#6768=DIRECTION('center_axis',(0.,0.,-1.));
#6769=DIRECTION('ref_axis',(1.,0.,0.));
#6770=DIRECTION('center_axis',(-1.,0.,0.));
#6771=DIRECTION('ref_axis',(0.,-1.,0.));
#6772=DIRECTION('',(0.,-1.,0.));
#6773=DIRECTION('',(0.,0.,1.));
#6774=DIRECTION('',(0.,-1.,0.));
#6775=DIRECTION('',(0.,0.,1.));
#6776=DIRECTION('',(0.,0.,1.));
#6777=DIRECTION('',(0.,0.,1.));
#6778=DIRECTION('',(0.,0.,1.));
#6779=DIRECTION('',(0.,0.,1.));
#6780=DIRECTION('',(0.,0.,1.));
#6781=DIRECTION('center_axis',(1.,0.,0.));
#6782=DIRECTION('ref_axis',(0.,1.,0.));
#6783=DIRECTION('',(0.,1.,0.));
#6784=DIRECTION('',(0.,0.,1.));
#6785=DIRECTION('',(0.,1.,0.));
#6786=DIRECTION('center_axis',(0.,-1.,0.));
#6787=DIRECTION('ref_axis',(1.,0.,0.));
#6788=DIRECTION('',(1.,0.,0.));
#6789=DIRECTION('',(0.,0.,1.));
#6790=DIRECTION('',(1.,0.,0.));
#6791=DIRECTION('center_axis',(-1.,0.,0.));
#6792=DIRECTION('ref_axis',(0.,-1.,0.));
#6793=DIRECTION('',(0.,-1.,0.));
#6794=DIRECTION('',(0.,0.,1.));
#6795=DIRECTION('',(0.,-1.,0.));
#6796=DIRECTION('',(0.,0.,1.));
#6797=DIRECTION('',(0.,0.,1.));
#6798=DIRECTION('',(0.,0.,1.));
#6799=DIRECTION('',(0.,0.,1.));
#6800=DIRECTION('',(0.,0.,1.));
#6801=DIRECTION('center_axis',(-1.,0.,0.));
#6802=DIRECTION('ref_axis',(0.,-1.,0.));
#6803=DIRECTION('',(0.,-1.,0.));
#6804=DIRECTION('',(0.,0.,1.));
#6805=DIRECTION('',(0.,-1.,0.));
#6806=DIRECTION('center_axis',(0.,1.,0.));
#6807=DIRECTION('ref_axis',(-1.,0.,0.));
#6808=DIRECTION('',(-1.,0.,0.));
#6809=DIRECTION('',(0.,0.,1.));
#6810=DIRECTION('',(-1.,0.,0.));
#6811=DIRECTION('center_axis',(1.,0.,0.));
#6812=DIRECTION('ref_axis',(0.,1.,0.));
#6813=DIRECTION('',(0.,1.,0.));
#6814=DIRECTION('',(0.,0.,1.));
#6815=DIRECTION('',(0.,1.,0.));
#6816=DIRECTION('center_axis',(0.,-1.,0.));
#6817=DIRECTION('ref_axis',(1.,0.,0.));
#6818=DIRECTION('',(1.,0.,0.));
#6819=DIRECTION('',(1.,0.,0.));
#6820=DIRECTION('center_axis',(0.,0.,-1.));
#6821=DIRECTION('ref_axis',(1.,0.,0.));
#6822=DIRECTION('center_axis',(0.,-1.,0.));
#6823=DIRECTION('ref_axis',(1.,0.,0.));
#6824=DIRECTION('',(1.,0.,0.));
#6825=DIRECTION('',(0.,0.,1.));
#6826=DIRECTION('',(1.,0.,0.));
#6827=DIRECTION('',(0.,0.,1.));
#6828=DIRECTION('',(0.,0.,1.));
#6829=DIRECTION('',(0.,0.,1.));
#6830=DIRECTION('',(0.,0.,1.));
#6831=DIRECTION('',(0.,0.,1.));
#6832=DIRECTION('',(0.,0.,1.));
#6833=DIRECTION('',(0.,0.,1.));
#6834=DIRECTION('center_axis',(0.,1.,0.));
#6835=DIRECTION('ref_axis',(-1.,0.,0.));
#6836=DIRECTION('',(-1.,0.,0.));
#6837=DIRECTION('',(0.,0.,1.));
#6838=DIRECTION('',(-1.,0.,0.));
#6839=DIRECTION('center_axis',(-1.,0.,0.));
#6840=DIRECTION('ref_axis',(0.,-1.,0.));
#6841=DIRECTION('',(0.,-1.,0.));
#6842=DIRECTION('',(0.,-1.,0.));
#6843=DIRECTION('center_axis',(0.,-1.,0.));
#6844=DIRECTION('ref_axis',(1.,0.,0.));
#6845=DIRECTION('',(1.,0.,0.));
#6846=DIRECTION('',(0.,0.,1.));
#6847=DIRECTION('',(1.,0.,0.));
#6848=DIRECTION('',(0.,0.,1.));
#6849=DIRECTION('',(0.,0.,1.));
#6850=DIRECTION('',(0.,0.,1.));
#6851=DIRECTION('',(0.,0.,1.));
#6852=DIRECTION('',(0.,0.,1.));
#6853=DIRECTION('',(0.,0.,1.));
#6854=DIRECTION('',(0.,0.,1.));
#6855=DIRECTION('',(0.,0.,1.));
#6856=DIRECTION('center_axis',(0.,1.,0.));
#6857=DIRECTION('ref_axis',(-1.,0.,0.));
#6858=DIRECTION('',(-1.,0.,0.));
#6859=DIRECTION('',(0.,0.,1.));
#6860=DIRECTION('',(-1.,0.,0.));
#6861=DIRECTION('center_axis',(-1.,0.,0.));
#6862=DIRECTION('ref_axis',(0.,-1.,0.));
#6863=DIRECTION('',(0.,-1.,0.));
#6864=DIRECTION('',(0.,-1.,0.));
#6865=DIRECTION('',(0.,0.,1.));
#6866=DIRECTION('',(0.,0.,1.));
#6867=DIRECTION('',(0.,0.,1.));
#6868=DIRECTION('',(0.,0.,1.));
#6869=DIRECTION('',(0.,0.,1.));
#6870=DIRECTION('',(0.,0.,1.));
#6871=DIRECTION('',(0.,0.,1.));
#6872=DIRECTION('',(0.,0.,1.));
#6873=DIRECTION('',(0.,0.,1.));
#6874=DIRECTION('',(0.,0.,1.));
#6875=DIRECTION('',(0.,0.,1.));
#6876=DIRECTION('',(0.,0.,1.));
#6877=DIRECTION('center_axis',(0.,1.,0.));
#6878=DIRECTION('ref_axis',(-1.,0.,0.));
#6879=DIRECTION('',(-1.,0.,0.));
#6880=DIRECTION('',(0.,0.,1.));
#6881=DIRECTION('',(-1.,0.,0.));
#6882=DIRECTION('center_axis',(1.,0.,0.));
#6883=DIRECTION('ref_axis',(0.,1.,0.));
#6884=DIRECTION('',(0.,1.,0.));
#6885=DIRECTION('',(0.,0.,1.));
#6886=DIRECTION('',(0.,1.,0.));
#6887=DIRECTION('center_axis',(0.,-1.,0.));
#6888=DIRECTION('ref_axis',(1.,0.,0.));
#6889=DIRECTION('',(1.,0.,0.));
#6890=DIRECTION('',(1.,0.,0.));
#6891=DIRECTION('center_axis',(0.,0.,-1.));
#6892=DIRECTION('ref_axis',(1.,0.,0.));
#6893=DIRECTION('center_axis',(0.,0.,1.));
#6894=DIRECTION('ref_axis',(1.,0.,0.));
#6895=DIRECTION('center_axis',(0.,0.,1.));
#6896=DIRECTION('ref_axis',(-0.707106781186547,0.707106781186547,0.));
#6897=DIRECTION('',(-1.,0.,0.));
#6898=DIRECTION('center_axis',(0.,0.,1.));
#6899=DIRECTION('ref_axis',(0.707106781186547,0.707106781186547,0.));
#6900=DIRECTION('',(0.,1.,0.));
#6901=DIRECTION('center_axis',(0.,0.,1.));
#6902=DIRECTION('ref_axis',(0.707106781186547,-0.707106781186547,0.));
#6903=DIRECTION('',(1.,-5.42147412315582E-17,0.));
#6904=DIRECTION('center_axis',(0.,0.,1.));
#6905=DIRECTION('ref_axis',(-0.707106781186547,-0.707106781186547,0.));
#6906=DIRECTION('',(0.,-1.,0.));
#6907=DIRECTION('center_axis',(0.,0.,-1.));
#6908=DIRECTION('ref_axis',(1.,0.,0.));
#6909=DIRECTION('center_axis',(0.,0.,-1.));
#6910=DIRECTION('ref_axis',(1.,0.,0.));
#6911=DIRECTION('center_axis',(0.,0.,-1.));
#6912=DIRECTION('ref_axis',(1.,0.,0.));
#6913=DIRECTION('center_axis',(0.,0.,-1.));
#6914=DIRECTION('ref_axis',(1.,0.,0.));
#6915=DIRECTION('center_axis',(0.,0.,1.));
#6916=DIRECTION('ref_axis',(1.,0.,0.));
#6917=DIRECTION('center_axis',(0.,0.,1.));
#6918=DIRECTION('ref_axis',(1.,0.,0.));
#6919=DIRECTION('center_axis',(0.,0.,1.));
#6920=DIRECTION('ref_axis',(1.,0.,0.));
#6921=DIRECTION('center_axis',(0.,0.,1.));
#6922=DIRECTION('ref_axis',(1.,0.,0.));
#6923=DIRECTION('center_axis',(0.,0.,1.));
#6924=DIRECTION('ref_axis',(1.,0.,0.));
#6925=DIRECTION('center_axis',(0.,0.,1.));
#6926=DIRECTION('ref_axis',(1.,0.,0.));
#6927=DIRECTION('center_axis',(0.,0.,1.));
#6928=DIRECTION('ref_axis',(1.,0.,0.));
#6929=DIRECTION('center_axis',(0.,0.,1.));
#6930=DIRECTION('ref_axis',(-0.707106781186547,0.707106781186547,0.));
#6931=DIRECTION('center_axis',(0.,0.,-1.));
#6932=DIRECTION('ref_axis',(-0.707106781186547,0.707106781186547,0.));
#6933=DIRECTION('',(0.,0.,-1.));
#6934=DIRECTION('',(0.,0.,1.));
#6935=DIRECTION('center_axis',(0.,1.,0.));
#6936=DIRECTION('ref_axis',(-1.,0.,0.));
#6937=DIRECTION('',(-1.,0.,0.));
#6938=DIRECTION('',(0.,0.,-1.));
#6939=DIRECTION('',(1.,0.,0.));
#6940=DIRECTION('',(0.,0.,1.));
#6941=DIRECTION('',(-1.,0.,0.));
#6942=DIRECTION('',(0.,0.,1.));
#6943=DIRECTION('center_axis',(0.,0.,1.));
#6944=DIRECTION('ref_axis',(1.,0.,0.));
#6945=DIRECTION('',(0.,-1.,0.));
#6946=DIRECTION('center_axis',(0.,0.,-1.));
#6947=DIRECTION('ref_axis',(-0.707106781186547,-0.707106781186547,0.));
#6948=DIRECTION('',(1.,-5.42147412315582E-17,0.));
#6949=DIRECTION('center_axis',(0.,0.,-1.));
#6950=DIRECTION('ref_axis',(0.707106781186547,-0.707106781186547,0.));
#6951=DIRECTION('',(0.,1.,0.));
#6952=DIRECTION('center_axis',(0.,0.,-1.));
#6953=DIRECTION('ref_axis',(0.707106781186547,0.707106781186547,0.));
#6954=DIRECTION('',(0.,-1.,0.));
#6955=DIRECTION('',(1.,0.,0.));
#6956=DIRECTION('',(0.,-1.,0.));
#6957=DIRECTION('',(-1.,0.,0.));
#6958=DIRECTION('',(0.,1.,0.));
#6959=DIRECTION('',(1.,0.,0.));
#6960=DIRECTION('',(0.,1.,0.));
#6961=DIRECTION('center_axis',(0.,0.,-1.));
#6962=DIRECTION('ref_axis',(1.,0.,0.));
#6963=DIRECTION('center_axis',(0.,0.,-1.));
#6964=DIRECTION('ref_axis',(1.,0.,0.));
#6965=DIRECTION('center_axis',(0.,0.,-1.));
#6966=DIRECTION('ref_axis',(1.,0.,0.));
#6967=DIRECTION('center_axis',(0.,0.,-1.));
#6968=DIRECTION('ref_axis',(1.,0.,0.));
#6969=DIRECTION('center_axis',(0.,0.,1.));
#6970=DIRECTION('ref_axis',(0.707106781186547,0.707106781186547,0.));
#6971=DIRECTION('',(0.,0.,-1.));
#6972=DIRECTION('center_axis',(1.,0.,0.));
#6973=DIRECTION('ref_axis',(0.,1.,0.));
#6974=DIRECTION('',(0.,0.,1.));
#6975=DIRECTION('center_axis',(0.,0.,1.));
#6976=DIRECTION('ref_axis',(0.707106781186547,-0.707106781186547,0.));
#6977=DIRECTION('',(0.,0.,-1.));
#6978=DIRECTION('center_axis',(-5.42147412315582E-17,-1.,0.));
#6979=DIRECTION('ref_axis',(1.,-5.42147412315582E-17,0.));
#6980=DIRECTION('',(0.,0.,1.));
#6981=DIRECTION('center_axis',(0.,0.,1.));
#6982=DIRECTION('ref_axis',(-0.707106781186547,-0.707106781186547,0.));
#6983=DIRECTION('',(0.,0.,-1.));
#6984=DIRECTION('center_axis',(-1.,0.,0.));
#6985=DIRECTION('ref_axis',(0.,-1.,0.));
#6986=DIRECTION('center_axis',(1.,0.,0.));
#6987=DIRECTION('ref_axis',(0.,-1.,0.));
#6988=DIRECTION('',(0.,-1.,0.));
#6989=DIRECTION('',(0.,0.,-1.));
#6990=DIRECTION('center_axis',(-1.,0.,0.));
#6991=DIRECTION('ref_axis',(0.,1.,0.));
#6992=DIRECTION('',(0.,0.,1.));
#6993=DIRECTION('',(0.,1.,0.));
#6994=DIRECTION('center_axis',(0.,0.,-1.));
#6995=DIRECTION('ref_axis',(-1.,0.,0.));
#6996=DIRECTION('',(-1.,0.,0.));
#6997=DIRECTION('center_axis',(0.,-1.,0.));
#6998=DIRECTION('ref_axis',(1.,0.,0.));
#6999=DIRECTION('',(0.,0.,1.));
#7000=DIRECTION('',(1.,0.,0.));
#7001=DIRECTION('',(0.,0.,1.));
#7002=DIRECTION('center_axis',(0.,0.,1.));
#7003=DIRECTION('ref_axis',(1.,0.,0.));
#7004=DIRECTION('',(0.,1.,0.));
#7005=DIRECTION('',(-1.,0.,0.));
#7006=DIRECTION('',(0.,-1.,0.));
#7007=DIRECTION('center_axis',(-1.,0.,0.));
#7008=DIRECTION('ref_axis',(0.,-1.,0.));
#7009=DIRECTION('',(0.,0.,1.));
#7010=DIRECTION('center_axis',(0.,1.,0.));
#7011=DIRECTION('ref_axis',(-1.,0.,0.));
#7012=DIRECTION('',(0.,0.,1.));
#7013=DIRECTION('center_axis',(0.,0.,1.));
#7014=DIRECTION('ref_axis',(1.,0.,0.));
#7015=DIRECTION('center_axis',(0.,0.,1.));
#7016=DIRECTION('ref_axis',(1.,0.,0.));
#7017=DIRECTION('',(0.,0.,-1.));
#7018=DIRECTION('center_axis',(0.,0.,1.));
#7019=DIRECTION('ref_axis',(1.,0.,0.));
#7020=DIRECTION('center_axis',(0.,0.,1.));
#7021=DIRECTION('ref_axis',(1.,0.,0.));
#7022=DIRECTION('',(0.,0.,-1.));
#7023=DIRECTION('center_axis',(0.,0.,1.));
#7024=DIRECTION('ref_axis',(1.,0.,0.));
#7025=DIRECTION('center_axis',(0.,0.,1.));
#7026=DIRECTION('ref_axis',(1.,0.,0.));
#7027=DIRECTION('',(0.,0.,-1.));
#7028=DIRECTION('center_axis',(0.,0.,1.));
#7029=DIRECTION('ref_axis',(1.,0.,0.));
#7030=DIRECTION('center_axis',(0.,0.,1.));
#7031=DIRECTION('ref_axis',(1.,0.,0.));
#7032=DIRECTION('',(0.,0.,-1.));
#7033=DIRECTION('center_axis',(1.,0.,0.));
#7034=DIRECTION('ref_axis',(0.,1.,0.));
#7035=DIRECTION('center_axis',(0.,0.,1.));
#7036=DIRECTION('ref_axis',(1.,0.,0.));
#7037=DIRECTION('center_axis',(0.,0.,1.));
#7038=DIRECTION('ref_axis',(1.,0.,0.));
#7039=DIRECTION('',(0.,0.,-1.));
#7040=DIRECTION('center_axis',(0.,0.,-1.));
#7041=DIRECTION('ref_axis',(1.,0.,0.));
#7042=DIRECTION('center_axis',(0.,0.,1.));
#7043=DIRECTION('ref_axis',(1.,0.,0.));
#7044=DIRECTION('center_axis',(0.,0.,1.));
#7045=DIRECTION('ref_axis',(1.,0.,0.));
#7046=DIRECTION('',(0.,0.,-1.));
#7047=DIRECTION('center_axis',(0.,0.,-1.));
#7048=DIRECTION('ref_axis',(1.,0.,0.));
#7049=DIRECTION('center_axis',(0.,0.,1.));
#7050=DIRECTION('ref_axis',(1.,0.,0.));
#7051=DIRECTION('center_axis',(0.,0.,1.));
#7052=DIRECTION('ref_axis',(1.,0.,0.));
#7053=DIRECTION('',(0.,0.,-1.));
#7054=DIRECTION('center_axis',(0.,0.,-1.));
#7055=DIRECTION('ref_axis',(1.,0.,0.));
#7056=DIRECTION('center_axis',(0.,0.,1.));
#7057=DIRECTION('ref_axis',(1.,0.,0.));
#7058=DIRECTION('center_axis',(0.,0.,1.));
#7059=DIRECTION('ref_axis',(1.,0.,0.));
#7060=DIRECTION('',(0.,0.,-1.));
#7061=DIRECTION('center_axis',(0.,0.,-1.));
#7062=DIRECTION('ref_axis',(1.,0.,0.));
#7063=DIRECTION('center_axis',(0.,0.,1.));
#7064=DIRECTION('ref_axis',(1.,0.,0.));
#7065=DIRECTION('',(0.,0.,1.));
#7066=DIRECTION('',(1.,0.,0.));
#7067=CARTESIAN_POINT('',(0.,0.,0.));
#7068=CARTESIAN_POINT('',(0.,0.,0.));
#7069=CARTESIAN_POINT('Ctrl Pts',(39.2662603207668,53.6864219552813,0.));
#7070=CARTESIAN_POINT('Ctrl Pts',(39.2662603207668,53.6864219552813,1.));
#7071=CARTESIAN_POINT('Ctrl Pts',(39.5359326500647,53.6639826074558,0.));
#7072=CARTESIAN_POINT('Ctrl Pts',(39.5359326500647,53.6639826074558,1.));
#7073=CARTESIAN_POINT('Ctrl Pts',(40.0688920596686,53.6196352263207,0.));
#7074=CARTESIAN_POINT('Ctrl Pts',(40.0688920596686,53.6196352263207,1.));
#7075=CARTESIAN_POINT('Ctrl Pts',(40.4859014179257,53.2853804125537,0.));
#7076=CARTESIAN_POINT('Ctrl Pts',(40.4859014179257,53.2853804125537,1.));
#7077=CARTESIAN_POINT('Ctrl Pts',(40.6919080563625,53.1202553159533,0.));
#7078=CARTESIAN_POINT('Ctrl Pts',(40.6919080563625,53.1202553159533,1.));
#7079=CARTESIAN_POINT('',(39.2662603207668,53.6864219552813,0.));
#7080=CARTESIAN_POINT('',(40.6919080563625,53.1202553159533,0.));
#7081=CARTESIAN_POINT('Ctrl Pts',(39.2662603207668,53.6864219552813,0.));
#7082=CARTESIAN_POINT('Ctrl Pts',(39.5359326500647,53.6639826074558,0.));
#7083=CARTESIAN_POINT('Ctrl Pts',(40.0688920596686,53.6196352263207,0.));
#7084=CARTESIAN_POINT('Ctrl Pts',(40.4859014179257,53.2853804125537,0.));
#7085=CARTESIAN_POINT('Ctrl Pts',(40.6919080563625,53.1202553159533,0.));
#7086=CARTESIAN_POINT('',(39.2662603207668,53.6864219552813,1.));
#7087=CARTESIAN_POINT('',(39.2662603207668,53.6864219552813,0.));
#7088=CARTESIAN_POINT('',(40.6919080563625,53.1202553159533,1.));
#7089=CARTESIAN_POINT('Ctrl Pts',(39.2662603207668,53.6864219552813,1.));
#7090=CARTESIAN_POINT('Ctrl Pts',(39.5359326500647,53.6639826074558,1.));
#7091=CARTESIAN_POINT('Ctrl Pts',(40.0688920596686,53.6196352263207,1.));
#7092=CARTESIAN_POINT('Ctrl Pts',(40.4859014179257,53.2853804125537,1.));
#7093=CARTESIAN_POINT('Ctrl Pts',(40.6919080563625,53.1202553159533,1.));
#7094=CARTESIAN_POINT('',(40.6919080563625,53.1202553159533,0.));
#7095=CARTESIAN_POINT('Ctrl Pts',(37.745114023312,52.9770086652575,0.));
#7096=CARTESIAN_POINT('Ctrl Pts',(37.745114023312,52.9770086652575,1.));
#7097=CARTESIAN_POINT('Ctrl Pts',(37.9558262054167,53.1839196079241,0.));
#7098=CARTESIAN_POINT('Ctrl Pts',(37.9558262054167,53.1839196079241,1.));
#7099=CARTESIAN_POINT('Ctrl Pts',(38.3790955415928,53.5995531820028,0.));
#7100=CARTESIAN_POINT('Ctrl Pts',(38.3790955415928,53.5995531820028,1.));
#7101=CARTESIAN_POINT('Ctrl Pts',(38.9696806350412,53.657381675411,0.));
#7102=CARTESIAN_POINT('Ctrl Pts',(38.9696806350412,53.657381675411,1.));
#7103=CARTESIAN_POINT('Ctrl Pts',(39.2662603207668,53.6864219552813,0.));
#7104=CARTESIAN_POINT('Ctrl Pts',(39.2662603207668,53.6864219552813,1.));
#7105=CARTESIAN_POINT('',(37.745114023312,52.9770086652575,0.));
#7106=CARTESIAN_POINT('Ctrl Pts',(37.745114023312,52.9770086652575,0.));
#7107=CARTESIAN_POINT('Ctrl Pts',(37.9558262054167,53.1839196079241,0.));
#7108=CARTESIAN_POINT('Ctrl Pts',(38.3790955415928,53.5995531820028,0.));
#7109=CARTESIAN_POINT('Ctrl Pts',(38.9696806350412,53.657381675411,0.));
#7110=CARTESIAN_POINT('Ctrl Pts',(39.2662603207668,53.6864219552813,0.));
#7111=CARTESIAN_POINT('',(37.745114023312,52.9770086652575,1.));
#7112=CARTESIAN_POINT('',(37.745114023312,52.9770086652575,0.));
#7113=CARTESIAN_POINT('Ctrl Pts',(37.745114023312,52.9770086652575,1.));
#7114=CARTESIAN_POINT('Ctrl Pts',(37.9558262054167,53.1839196079241,1.));
#7115=CARTESIAN_POINT('Ctrl Pts',(38.3790955415928,53.5995531820028,1.));
#7116=CARTESIAN_POINT('Ctrl Pts',(38.9696806350412,53.657381675411,1.));
#7117=CARTESIAN_POINT('Ctrl Pts',(39.2662603207668,53.6864219552813,1.));
#7118=CARTESIAN_POINT('Ctrl Pts',(37.2812671013912,51.605930770093,0.));
#7119=CARTESIAN_POINT('Ctrl Pts',(37.2812671013912,51.605930770093,1.));
#7120=CARTESIAN_POINT('Ctrl Pts',(37.3123205622653,51.8801245546593,0.));
#7121=CARTESIAN_POINT('Ctrl Pts',(37.3123205622653,51.8801245546593,1.));
#7122=CARTESIAN_POINT('Ctrl Pts',(37.3680832729401,52.3724944305833,0.));
#7123=CARTESIAN_POINT('Ctrl Pts',(37.3680832729401,52.3724944305833,1.));
#7124=CARTESIAN_POINT('Ctrl Pts',(37.6293451649614,52.7913900579267,0.));
#7125=CARTESIAN_POINT('Ctrl Pts',(37.6293451649614,52.7913900579267,1.));
#7126=CARTESIAN_POINT('Ctrl Pts',(37.745114023312,52.9770086652575,0.));
#7127=CARTESIAN_POINT('Ctrl Pts',(37.745114023312,52.9770086652575,1.));
#7128=CARTESIAN_POINT('',(37.2812671013912,51.605930770093,0.));
#7129=CARTESIAN_POINT('Ctrl Pts',(37.2812671013912,51.605930770093,0.));
#7130=CARTESIAN_POINT('Ctrl Pts',(37.3123205622653,51.8801245546593,0.));
#7131=CARTESIAN_POINT('Ctrl Pts',(37.3680832729401,52.3724944305833,0.));
#7132=CARTESIAN_POINT('Ctrl Pts',(37.6293451649614,52.7913900579267,0.));
#7133=CARTESIAN_POINT('Ctrl Pts',(37.745114023312,52.9770086652575,0.));
#7134=CARTESIAN_POINT('',(37.2812671013912,51.605930770093,1.));
#7135=CARTESIAN_POINT('',(37.2812671013912,51.605930770093,0.));
#7136=CARTESIAN_POINT('Ctrl Pts',(37.2812671013912,51.605930770093,1.));
#7137=CARTESIAN_POINT('Ctrl Pts',(37.3123205622653,51.8801245546593,1.));
#7138=CARTESIAN_POINT('Ctrl Pts',(37.3680832729401,52.3724944305833,1.));
#7139=CARTESIAN_POINT('Ctrl Pts',(37.6293451649614,52.7913900579267,1.));
#7140=CARTESIAN_POINT('Ctrl Pts',(37.745114023312,52.9770086652575,1.));
#7141=CARTESIAN_POINT('Origin',(41.3262874432644,51.605930770093,0.));
#7142=CARTESIAN_POINT('',(41.3262874432644,51.605930770093,0.));
#7143=CARTESIAN_POINT('',(28.9249266990793,51.605930770093,0.));
#7144=CARTESIAN_POINT('',(41.3262874432644,51.605930770093,1.));
#7145=CARTESIAN_POINT('',(41.3262874432644,51.605930770093,0.));
#7146=CARTESIAN_POINT('',(41.3262874432644,51.605930770093,1.));
#7147=CARTESIAN_POINT('Ctrl Pts',(40.6919080563625,53.1202553159533,0.));
#7148=CARTESIAN_POINT('Ctrl Pts',(40.6919080563625,53.1202553159533,1.));
#7149=CARTESIAN_POINT('Ctrl Pts',(40.8619282589182,52.9089926725227,0.));
#7150=CARTESIAN_POINT('Ctrl Pts',(40.8619282589182,52.9089926725227,1.));
#7151=CARTESIAN_POINT('Ctrl Pts',(41.2181687054803,52.4663376391422,0.));
#7152=CARTESIAN_POINT('Ctrl Pts',(41.2181687054803,52.4663376391422,1.));
#7153=CARTESIAN_POINT('Ctrl Pts',(41.2891715783144,51.9012981209166,0.));
#7154=CARTESIAN_POINT('Ctrl Pts',(41.2891715783144,51.9012981209166,1.));
#7155=CARTESIAN_POINT('Ctrl Pts',(41.3262874432644,51.605930770093,0.));
#7156=CARTESIAN_POINT('Ctrl Pts',(41.3262874432644,51.605930770093,1.));
#7157=CARTESIAN_POINT('Ctrl Pts',(40.6919080563625,53.1202553159533,0.));
#7158=CARTESIAN_POINT('Ctrl Pts',(40.8619282589182,52.9089926725227,0.));
#7159=CARTESIAN_POINT('Ctrl Pts',(41.2181687054803,52.4663376391422,0.));
#7160=CARTESIAN_POINT('Ctrl Pts',(41.2891715783144,51.9012981209166,0.));
#7161=CARTESIAN_POINT('Ctrl Pts',(41.3262874432644,51.605930770093,0.));
#7162=CARTESIAN_POINT('Ctrl Pts',(40.6919080563625,53.1202553159533,1.));
#7163=CARTESIAN_POINT('Ctrl Pts',(40.8619282589182,52.9089926725227,1.));
#7164=CARTESIAN_POINT('Ctrl Pts',(41.2181687054803,52.4663376391422,1.));
#7165=CARTESIAN_POINT('Ctrl Pts',(41.2891715783144,51.9012981209166,1.));
#7166=CARTESIAN_POINT('Ctrl Pts',(41.3262874432644,51.605930770093,1.));
#7167=CARTESIAN_POINT('Ctrl Pts',(39.2048687287411,48.1338976270495,0.));
#7168=CARTESIAN_POINT('Ctrl Pts',(39.2048687287411,48.1338976270495,1.));
#7169=CARTESIAN_POINT('Ctrl Pts',(38.9909435033356,48.1465476459603,0.));
#7170=CARTESIAN_POINT('Ctrl Pts',(38.9909435033356,48.1465476459603,1.));
#7171=CARTESIAN_POINT('Ctrl Pts',(38.577244894904,48.1710108443049,0.));
#7172=CARTESIAN_POINT('Ctrl Pts',(38.577244894904,48.1710108443049,1.));
#7173=CARTESIAN_POINT('Ctrl Pts',(38.2230913138382,48.3851823264964,0.));
#7174=CARTESIAN_POINT('Ctrl Pts',(38.2230913138382,48.3851823264964,1.));
#7175=CARTESIAN_POINT('Ctrl Pts',(38.0520719834408,48.4886048681078,0.));
#7176=CARTESIAN_POINT('Ctrl Pts',(38.0520719834408,48.4886048681078,1.));
#7177=CARTESIAN_POINT('',(39.2048687287411,48.1338976270495,0.));
#7178=CARTESIAN_POINT('',(38.0520719834408,48.4886048681078,0.));
#7179=CARTESIAN_POINT('Ctrl Pts',(39.2048687287411,48.1338976270495,0.));
#7180=CARTESIAN_POINT('Ctrl Pts',(38.9909435033356,48.1465476459603,0.));
#7181=CARTESIAN_POINT('Ctrl Pts',(38.577244894904,48.1710108443049,0.));
#7182=CARTESIAN_POINT('Ctrl Pts',(38.2230913138382,48.3851823264964,0.));
#7183=CARTESIAN_POINT('Ctrl Pts',(38.0520719834408,48.4886048681078,0.));
#7184=CARTESIAN_POINT('',(39.2048687287411,48.1338976270495,1.));
#7185=CARTESIAN_POINT('',(39.2048687287411,48.1338976270495,0.));
#7186=CARTESIAN_POINT('',(38.0520719834408,48.4886048681078,1.));
#7187=CARTESIAN_POINT('Ctrl Pts',(39.2048687287411,48.1338976270495,1.));
#7188=CARTESIAN_POINT('Ctrl Pts',(38.9909435033356,48.1465476459603,1.));
#7189=CARTESIAN_POINT('Ctrl Pts',(38.577244894904,48.1710108443049,1.));
#7190=CARTESIAN_POINT('Ctrl Pts',(38.2230913138382,48.3851823264964,1.));
#7191=CARTESIAN_POINT('Ctrl Pts',(38.0520719834408,48.4886048681078,1.));
#7192=CARTESIAN_POINT('',(38.0520719834408,48.4886048681078,0.));
#7193=CARTESIAN_POINT('Ctrl Pts',(40.7191926785549,48.7682770139513,0.));
#7194=CARTESIAN_POINT('Ctrl Pts',(40.7191926785549,48.7682770139513,1.));
#7195=CARTESIAN_POINT('Ctrl Pts',(40.5029493750234,48.583254162026,0.));
#7196=CARTESIAN_POINT('Ctrl Pts',(40.5029493750234,48.583254162026,1.));
#7197=CARTESIAN_POINT('Ctrl Pts',(40.0664306513498,48.209758484454,0.));
#7198=CARTESIAN_POINT('Ctrl Pts',(40.0664306513498,48.209758484454,1.));
#7199=CARTESIAN_POINT('Ctrl Pts',(39.4938191042401,48.1593398183273,0.));
#7200=CARTESIAN_POINT('Ctrl Pts',(39.4938191042401,48.1593398183273,1.));
#7201=CARTESIAN_POINT('Ctrl Pts',(39.2048687287411,48.1338976270495,0.));
#7202=CARTESIAN_POINT('Ctrl Pts',(39.2048687287411,48.1338976270495,1.));
#7203=CARTESIAN_POINT('',(40.7191926785549,48.7682770139513,0.));
#7204=CARTESIAN_POINT('Ctrl Pts',(40.7191926785549,48.7682770139513,0.));
#7205=CARTESIAN_POINT('Ctrl Pts',(40.5029493750234,48.583254162026,0.));
#7206=CARTESIAN_POINT('Ctrl Pts',(40.0664306513498,48.209758484454,0.));
#7207=CARTESIAN_POINT('Ctrl Pts',(39.4938191042401,48.1593398183273,0.));
#7208=CARTESIAN_POINT('Ctrl Pts',(39.2048687287411,48.1338976270495,0.));
#7209=CARTESIAN_POINT('',(40.7191926785549,48.7682770139513,1.));
#7210=CARTESIAN_POINT('',(40.7191926785549,48.7682770139513,0.));
#7211=CARTESIAN_POINT('Ctrl Pts',(40.7191926785549,48.7682770139513,1.));
#7212=CARTESIAN_POINT('Ctrl Pts',(40.5029493750234,48.583254162026,1.));
#7213=CARTESIAN_POINT('Ctrl Pts',(40.0664306513498,48.209758484454,1.));
#7214=CARTESIAN_POINT('Ctrl Pts',(39.4938191042401,48.1593398183273,1.));
#7215=CARTESIAN_POINT('Ctrl Pts',(39.2048687287411,48.1338976270495,1.));
#7216=CARTESIAN_POINT('Ctrl Pts',(41.3945001908382,50.596381271535,0.));
#7217=CARTESIAN_POINT('Ctrl Pts',(41.3945001908382,50.596381271535,1.));
#7218=CARTESIAN_POINT('Ctrl Pts',(41.3590192301061,50.2326457312011,0.));
#7219=CARTESIAN_POINT('Ctrl Pts',(41.3590192301061,50.2326457312011,1.));
#7220=CARTESIAN_POINT('Ctrl Pts',(41.2935552661411,49.5615373447899,0.));
#7221=CARTESIAN_POINT('Ctrl Pts',(41.2935552661411,49.5615373447899,1.));
#7222=CARTESIAN_POINT('Ctrl Pts',(40.8996186871128,49.0174659380454,0.));
#7223=CARTESIAN_POINT('Ctrl Pts',(40.8996186871128,49.0174659380454,1.));
#7224=CARTESIAN_POINT('Ctrl Pts',(40.7191926785549,48.7682770139513,0.));
#7225=CARTESIAN_POINT('Ctrl Pts',(40.7191926785549,48.7682770139513,1.));
#7226=CARTESIAN_POINT('',(41.3945001908382,50.596381271535,0.));
#7227=CARTESIAN_POINT('Ctrl Pts',(41.3945001908382,50.596381271535,0.));
#7228=CARTESIAN_POINT('Ctrl Pts',(41.3590192301061,50.2326457312011,0.));
#7229=CARTESIAN_POINT('Ctrl Pts',(41.2935552661411,49.5615373447899,0.));
#7230=CARTESIAN_POINT('Ctrl Pts',(40.8996186871128,49.0174659380454,0.));
#7231=CARTESIAN_POINT('Ctrl Pts',(40.7191926785549,48.7682770139513,0.));
#7232=CARTESIAN_POINT('',(41.3945001908382,50.596381271535,1.));
#7233=CARTESIAN_POINT('',(41.3945001908382,50.596381271535,0.));
#7234=CARTESIAN_POINT('Ctrl Pts',(41.3945001908382,50.596381271535,1.));
#7235=CARTESIAN_POINT('Ctrl Pts',(41.3590192301061,50.2326457312011,1.));
#7236=CARTESIAN_POINT('Ctrl Pts',(41.2935552661411,49.5615373447899,1.));
#7237=CARTESIAN_POINT('Ctrl Pts',(40.8996186871128,49.0174659380454,1.));
#7238=CARTESIAN_POINT('Ctrl Pts',(40.7191926785549,48.7682770139513,1.));
#7239=CARTESIAN_POINT('Origin',(35.9920448609432,50.596381271535,0.));
#7240=CARTESIAN_POINT('',(35.9920448609432,50.596381271535,0.));
#7241=CARTESIAN_POINT('',(26.2578054079187,50.596381271535,0.));
#7242=CARTESIAN_POINT('',(35.9920448609432,50.596381271535,1.));
#7243=CARTESIAN_POINT('',(35.9920448609432,50.596381271535,0.));
#7244=CARTESIAN_POINT('',(35.9920448609432,50.596381271535,1.));
#7245=CARTESIAN_POINT('Ctrl Pts',(35.9852225133022,50.923802698308,0.));
#7246=CARTESIAN_POINT('Ctrl Pts',(35.9852225133022,50.923802698308,1.));
#7247=CARTESIAN_POINT('Ctrl Pts',(35.9856553676313,50.8783248739219,0.));
#7248=CARTESIAN_POINT('Ctrl Pts',(35.9856553676313,50.8783248739219,1.));
#7249=CARTESIAN_POINT('Ctrl Pts',(35.9866943889558,50.7691601361458,0.));
#7250=CARTESIAN_POINT('Ctrl Pts',(35.9866943889558,50.7691601361458,1.));
#7251=CARTESIAN_POINT('Ctrl Pts',(35.9900734881287,50.6600413668355,0.));
#7252=CARTESIAN_POINT('Ctrl Pts',(35.9900734881287,50.6600413668355,1.));
#7253=CARTESIAN_POINT('Ctrl Pts',(35.9920448609432,50.596381271535,0.));
#7254=CARTESIAN_POINT('Ctrl Pts',(35.9920448609432,50.596381271535,1.));
#7255=CARTESIAN_POINT('',(35.9852225133022,50.923802698308,0.));
#7256=CARTESIAN_POINT('Ctrl Pts',(35.9852225133022,50.923802698308,0.));
#7257=CARTESIAN_POINT('Ctrl Pts',(35.9856553676313,50.8783248739219,0.));
#7258=CARTESIAN_POINT('Ctrl Pts',(35.9866943889558,50.7691601361458,0.));
#7259=CARTESIAN_POINT('Ctrl Pts',(35.9900734881287,50.6600413668355,0.));
#7260=CARTESIAN_POINT('Ctrl Pts',(35.9920448609432,50.596381271535,0.));
#7261=CARTESIAN_POINT('',(35.9852225133022,50.923802698308,1.));
#7262=CARTESIAN_POINT('',(35.9852225133022,50.923802698308,0.));
#7263=CARTESIAN_POINT('Ctrl Pts',(35.9852225133022,50.923802698308,1.));
#7264=CARTESIAN_POINT('Ctrl Pts',(35.9856553676313,50.8783248739219,1.));
#7265=CARTESIAN_POINT('Ctrl Pts',(35.9866943889558,50.7691601361458,1.));
#7266=CARTESIAN_POINT('Ctrl Pts',(35.9900734881287,50.6600413668355,1.));
#7267=CARTESIAN_POINT('Ctrl Pts',(35.9920448609432,50.596381271535,1.));
#7268=CARTESIAN_POINT('Ctrl Pts',(36.9060963936886,53.7068854219256,0.));
#7269=CARTESIAN_POINT('Ctrl Pts',(36.9060963936886,53.7068854219256,1.));
#7270=CARTESIAN_POINT('Ctrl Pts',(36.6379427101903,53.3233054854684,0.));
#7271=CARTESIAN_POINT('Ctrl Pts',(36.6379427101903,53.3233054854684,1.));
#7272=CARTESIAN_POINT('Ctrl Pts',(36.0562052262021,52.4911601864298,0.));
#7273=CARTESIAN_POINT('Ctrl Pts',(36.0562052262021,52.4911601864298,1.));
#7274=CARTESIAN_POINT('Ctrl Pts',(36.0100840119241,51.4727653180653,0.));
#7275=CARTESIAN_POINT('Ctrl Pts',(36.0100840119241,51.4727653180653,1.));
#7276=CARTESIAN_POINT('Ctrl Pts',(35.9852225133022,50.923802698308,0.));
#7277=CARTESIAN_POINT('Ctrl Pts',(35.9852225133022,50.923802698308,1.));
#7278=CARTESIAN_POINT('',(36.9060963936886,53.7068854219256,0.));
#7279=CARTESIAN_POINT('Ctrl Pts',(36.9060963936886,53.7068854219256,0.));
#7280=CARTESIAN_POINT('Ctrl Pts',(36.6379427101903,53.3233054854684,0.));
#7281=CARTESIAN_POINT('Ctrl Pts',(36.0562052262021,52.4911601864298,0.));
#7282=CARTESIAN_POINT('Ctrl Pts',(36.0100840119241,51.4727653180653,0.));
#7283=CARTESIAN_POINT('Ctrl Pts',(35.9852225133022,50.923802698308,0.));
#7284=CARTESIAN_POINT('',(36.9060963936886,53.7068854219256,1.));
#7285=CARTESIAN_POINT('',(36.9060963936886,53.7068854219256,0.));
#7286=CARTESIAN_POINT('Ctrl Pts',(36.9060963936886,53.7068854219256,1.));
#7287=CARTESIAN_POINT('Ctrl Pts',(36.6379427101903,53.3233054854684,1.));
#7288=CARTESIAN_POINT('Ctrl Pts',(36.0562052262021,52.4911601864298,1.));
#7289=CARTESIAN_POINT('Ctrl Pts',(36.0100840119241,51.4727653180653,1.));
#7290=CARTESIAN_POINT('Ctrl Pts',(35.9852225133022,50.923802698308,1.));
#7291=CARTESIAN_POINT('Ctrl Pts',(39.279902631863,54.6959714538393,0.));
#7292=CARTESIAN_POINT('Ctrl Pts',(39.279902631863,54.6959714538393,1.));
#7293=CARTESIAN_POINT('Ctrl Pts',(38.8210673552213,54.6582545231993,0.));
#7294=CARTESIAN_POINT('Ctrl Pts',(38.8210673552213,54.6582545231993,1.));
#7295=CARTESIAN_POINT('Ctrl Pts',(37.9218793663014,54.5843399557347,0.));
#7296=CARTESIAN_POINT('Ctrl Pts',(37.9218793663014,54.5843399557347,1.));
#7297=CARTESIAN_POINT('Ctrl Pts',(37.2400188991234,53.9953346519625,0.));
#7298=CARTESIAN_POINT('Ctrl Pts',(37.2400188991234,53.9953346519625,1.));
#7299=CARTESIAN_POINT('Ctrl Pts',(36.9060963936886,53.7068854219256,0.));
#7300=CARTESIAN_POINT('Ctrl Pts',(36.9060963936886,53.7068854219256,1.));
#7301=CARTESIAN_POINT('',(39.279902631863,54.6959714538393,0.));
#7302=CARTESIAN_POINT('Ctrl Pts',(39.279902631863,54.6959714538393,0.));
#7303=CARTESIAN_POINT('Ctrl Pts',(38.8210673552213,54.6582545231993,0.));
#7304=CARTESIAN_POINT('Ctrl Pts',(37.9218793663014,54.5843399557347,0.));
#7305=CARTESIAN_POINT('Ctrl Pts',(37.2400188991234,53.9953346519625,0.));
#7306=CARTESIAN_POINT('Ctrl Pts',(36.9060963936886,53.7068854219256,0.));
#7307=CARTESIAN_POINT('',(39.279902631863,54.6959714538393,1.));
#7308=CARTESIAN_POINT('',(39.279902631863,54.6959714538393,0.));
#7309=CARTESIAN_POINT('Ctrl Pts',(39.279902631863,54.6959714538393,1.));
#7310=CARTESIAN_POINT('Ctrl Pts',(38.8210673552213,54.6582545231993,1.));
#7311=CARTESIAN_POINT('Ctrl Pts',(37.9218793663014,54.5843399557347,1.));
#7312=CARTESIAN_POINT('Ctrl Pts',(37.2400188991234,53.9953346519625,1.));
#7313=CARTESIAN_POINT('Ctrl Pts',(36.9060963936886,53.7068854219256,1.));
#7314=CARTESIAN_POINT('Ctrl Pts',(41.7219216176113,53.6864219552813,0.));
#7315=CARTESIAN_POINT('Ctrl Pts',(41.7219216176113,53.6864219552813,1.));
#7316=CARTESIAN_POINT('Ctrl Pts',(41.3791549868124,53.9808276131341,0.));
#7317=CARTESIAN_POINT('Ctrl Pts',(41.3791549868124,53.9808276131341,1.));
#7318=CARTESIAN_POINT('Ctrl Pts',(40.6769717062556,54.5839397952147,0.));
#7319=CARTESIAN_POINT('Ctrl Pts',(40.6769717062556,54.5839397952147,1.));
#7320=CARTESIAN_POINT('Ctrl Pts',(39.7528961502873,54.6580418701423,0.));
#7321=CARTESIAN_POINT('Ctrl Pts',(39.7528961502873,54.6580418701423,1.));
#7322=CARTESIAN_POINT('Ctrl Pts',(39.279902631863,54.6959714538393,0.));
#7323=CARTESIAN_POINT('Ctrl Pts',(39.279902631863,54.6959714538393,1.));
#7324=CARTESIAN_POINT('',(41.7219216176113,53.6864219552813,0.));
#7325=CARTESIAN_POINT('Ctrl Pts',(41.7219216176113,53.6864219552813,0.));
#7326=CARTESIAN_POINT('Ctrl Pts',(41.3791549868124,53.9808276131341,0.));
#7327=CARTESIAN_POINT('Ctrl Pts',(40.6769717062556,54.5839397952147,0.));
#7328=CARTESIAN_POINT('Ctrl Pts',(39.7528961502873,54.6580418701423,0.));
#7329=CARTESIAN_POINT('Ctrl Pts',(39.279902631863,54.6959714538393,0.));
#7330=CARTESIAN_POINT('',(41.7219216176113,53.6864219552813,1.));
#7331=CARTESIAN_POINT('',(41.7219216176113,53.6864219552813,0.));
#7332=CARTESIAN_POINT('Ctrl Pts',(41.7219216176113,53.6864219552813,1.));
#7333=CARTESIAN_POINT('Ctrl Pts',(41.3791549868124,53.9808276131341,1.));
#7334=CARTESIAN_POINT('Ctrl Pts',(40.6769717062556,54.5839397952147,1.));
#7335=CARTESIAN_POINT('Ctrl Pts',(39.7528961502873,54.6580418701423,1.));
#7336=CARTESIAN_POINT('Ctrl Pts',(39.279902631863,54.6959714538393,1.));
#7337=CARTESIAN_POINT('Ctrl Pts',(42.6632583685955,50.8487681991396,0.));
#7338=CARTESIAN_POINT('Ctrl Pts',(42.6632583685955,50.8487681991396,1.));
#7339=CARTESIAN_POINT('Ctrl Pts',(42.6377222424378,51.4083606465232,0.));
#7340=CARTESIAN_POINT('Ctrl Pts',(42.6377222424378,51.4083606465232,1.));
#7341=CARTESIAN_POINT('Ctrl Pts',(42.5903222907521,52.4470716399529,0.));
#7342=CARTESIAN_POINT('Ctrl Pts',(42.5903222907521,52.4470716399529,1.));
#7343=CARTESIAN_POINT('Ctrl Pts',(41.9960412450659,53.2952082480247,0.));
#7344=CARTESIAN_POINT('Ctrl Pts',(41.9960412450659,53.2952082480247,1.));
#7345=CARTESIAN_POINT('Ctrl Pts',(41.7219216176113,53.6864219552813,0.));
#7346=CARTESIAN_POINT('Ctrl Pts',(41.7219216176113,53.6864219552813,1.));
#7347=CARTESIAN_POINT('',(42.6632583685955,50.8487681991396,0.));
#7348=CARTESIAN_POINT('Ctrl Pts',(42.6632583685955,50.8487681991396,0.));
#7349=CARTESIAN_POINT('Ctrl Pts',(42.6377222424378,51.4083606465232,0.));
#7350=CARTESIAN_POINT('Ctrl Pts',(42.5903222907521,52.4470716399529,0.));
#7351=CARTESIAN_POINT('Ctrl Pts',(41.9960412450659,53.2952082480247,0.));
#7352=CARTESIAN_POINT('Ctrl Pts',(41.7219216176113,53.6864219552813,0.));
#7353=CARTESIAN_POINT('',(42.6632583685955,50.8487681991396,1.));
#7354=CARTESIAN_POINT('',(42.6632583685955,50.8487681991396,0.));
#7355=CARTESIAN_POINT('Ctrl Pts',(42.6632583685955,50.8487681991396,1.));
#7356=CARTESIAN_POINT('Ctrl Pts',(42.6377222424378,51.4083606465232,1.));
#7357=CARTESIAN_POINT('Ctrl Pts',(42.5903222907521,52.4470716399529,1.));
#7358=CARTESIAN_POINT('Ctrl Pts',(41.9960412450659,53.2952082480247,1.));
#7359=CARTESIAN_POINT('Ctrl Pts',(41.7219216176113,53.6864219552813,1.));
#7360=CARTESIAN_POINT('Ctrl Pts',(41.7355639287075,48.099791849309,0.));
#7361=CARTESIAN_POINT('Ctrl Pts',(41.7355639287075,48.099791849309,1.));
#7362=CARTESIAN_POINT('Ctrl Pts',(42.0057458930529,48.479051282643,0.));
#7363=CARTESIAN_POINT('Ctrl Pts',(42.0057458930529,48.479051282643,1.));
#7364=CARTESIAN_POINT('Ctrl Pts',(42.5893830017378,49.2983135144831,0.));
#7365=CARTESIAN_POINT('Ctrl Pts',(42.5893830017378,49.2983135144831,1.));
#7366=CARTESIAN_POINT('Ctrl Pts',(42.6374454004159,50.3070201288242,0.));
#7367=CARTESIAN_POINT('Ctrl Pts',(42.6374454004159,50.3070201288242,1.));
#7368=CARTESIAN_POINT('Ctrl Pts',(42.6632583685955,50.8487681991396,0.));
#7369=CARTESIAN_POINT('Ctrl Pts',(42.6632583685955,50.8487681991396,1.));
#7370=CARTESIAN_POINT('',(41.7355639287075,48.099791849309,0.));
#7371=CARTESIAN_POINT('Ctrl Pts',(41.7355639287075,48.099791849309,0.));
#7372=CARTESIAN_POINT('Ctrl Pts',(42.0057458930529,48.479051282643,0.));
#7373=CARTESIAN_POINT('Ctrl Pts',(42.5893830017378,49.2983135144831,0.));
#7374=CARTESIAN_POINT('Ctrl Pts',(42.6374454004159,50.3070201288242,0.));
#7375=CARTESIAN_POINT('Ctrl Pts',(42.6632583685955,50.8487681991396,0.));
#7376=CARTESIAN_POINT('',(41.7355639287075,48.099791849309,1.));
#7377=CARTESIAN_POINT('',(41.7355639287075,48.099791849309,0.));
#7378=CARTESIAN_POINT('Ctrl Pts',(41.7355639287075,48.099791849309,1.));
#7379=CARTESIAN_POINT('Ctrl Pts',(42.0057458930529,48.479051282643,1.));
#7380=CARTESIAN_POINT('Ctrl Pts',(42.5893830017378,49.2983135144831,1.));
#7381=CARTESIAN_POINT('Ctrl Pts',(42.6374454004159,50.3070201288242,1.));
#7382=CARTESIAN_POINT('Ctrl Pts',(42.6632583685955,50.8487681991396,1.));
#7383=CARTESIAN_POINT('Ctrl Pts',(39.2116898842892,47.124347532445,0.));
#7384=CARTESIAN_POINT('Ctrl Pts',(39.2116898842892,47.124347532445,1.));
#7385=CARTESIAN_POINT('Ctrl Pts',(39.7062472518682,47.1570034831374,0.));
#7386=CARTESIAN_POINT('Ctrl Pts',(39.7062472518682,47.1570034831374,1.));
#7387=CARTESIAN_POINT('Ctrl Pts',(40.6520159071506,47.2194532141453,0.));
#7388=CARTESIAN_POINT('Ctrl Pts',(40.6520159071506,47.2194532141453,1.));
#7389=CARTESIAN_POINT('Ctrl Pts',(41.38558818242,47.8154508097818,0.));
#7390=CARTESIAN_POINT('Ctrl Pts',(41.38558818242,47.8154508097818,1.));
#7391=CARTESIAN_POINT('Ctrl Pts',(41.7355639287075,48.099791849309,0.));
#7392=CARTESIAN_POINT('Ctrl Pts',(41.7355639287075,48.099791849309,1.));
#7393=CARTESIAN_POINT('',(39.2116898842892,47.124347532445,0.));
#7394=CARTESIAN_POINT('Ctrl Pts',(39.2116898842892,47.124347532445,0.));
#7395=CARTESIAN_POINT('Ctrl Pts',(39.7062472518682,47.1570034831374,0.));
#7396=CARTESIAN_POINT('Ctrl Pts',(40.6520159071506,47.2194532141453,0.));
#7397=CARTESIAN_POINT('Ctrl Pts',(41.38558818242,47.8154508097818,0.));
#7398=CARTESIAN_POINT('Ctrl Pts',(41.7355639287075,48.099791849309,0.));
#7399=CARTESIAN_POINT('',(39.2116898842892,47.124347532445,1.));
#7400=CARTESIAN_POINT('',(39.2116898842892,47.124347532445,0.));
#7401=CARTESIAN_POINT('Ctrl Pts',(39.2116898842892,47.124347532445,1.));
#7402=CARTESIAN_POINT('Ctrl Pts',(39.7062472518682,47.1570034831374,1.));
#7403=CARTESIAN_POINT('Ctrl Pts',(40.6520159071506,47.2194532141453,1.));
#7404=CARTESIAN_POINT('Ctrl Pts',(41.38558818242,47.8154508097818,1.));
#7405=CARTESIAN_POINT('Ctrl Pts',(41.7355639287075,48.099791849309,1.));
#7406=CARTESIAN_POINT('Ctrl Pts',(37.1380192586025,47.7382634527026,0.));
#7407=CARTESIAN_POINT('Ctrl Pts',(37.1380192586025,47.7382634527026,1.));
#7408=CARTESIAN_POINT('Ctrl Pts',(37.4383222483297,47.5593671494852,0.));
#7409=CARTESIAN_POINT('Ctrl Pts',(37.4383222483297,47.5593671494852,1.));
#7410=CARTESIAN_POINT('Ctrl Pts',(38.075852757823,47.1795778858478,0.));
#7411=CARTESIAN_POINT('Ctrl Pts',(38.075852757823,47.1795778858478,1.));
#7412=CARTESIAN_POINT('Ctrl Pts',(38.8187354017214,47.1434550386514,0.));
#7413=CARTESIAN_POINT('Ctrl Pts',(38.8187354017214,47.1434550386514,1.));
#7414=CARTESIAN_POINT('Ctrl Pts',(39.2116898842892,47.124347532445,0.));
#7415=CARTESIAN_POINT('Ctrl Pts',(39.2116898842892,47.124347532445,1.));
#7416=CARTESIAN_POINT('',(37.1380192586025,47.7382634527026,0.));
#7417=CARTESIAN_POINT('Ctrl Pts',(37.1380192586025,47.7382634527026,0.));
#7418=CARTESIAN_POINT('Ctrl Pts',(37.4383222483297,47.5593671494852,0.));
#7419=CARTESIAN_POINT('Ctrl Pts',(38.075852757823,47.1795778858478,0.));
#7420=CARTESIAN_POINT('Ctrl Pts',(38.8187354017214,47.1434550386514,0.));
#7421=CARTESIAN_POINT('Ctrl Pts',(39.2116898842892,47.124347532445,0.));
#7422=CARTESIAN_POINT('',(37.1380192586025,47.7382634527026,1.));
#7423=CARTESIAN_POINT('',(37.1380192586025,47.7382634527026,0.));
#7424=CARTESIAN_POINT('Ctrl Pts',(37.1380192586025,47.7382634527026,1.));
#7425=CARTESIAN_POINT('Ctrl Pts',(37.4383222483297,47.5593671494852,1.));
#7426=CARTESIAN_POINT('Ctrl Pts',(38.075852757823,47.1795778858478,1.));
#7427=CARTESIAN_POINT('Ctrl Pts',(38.8187354017214,47.1434550386514,1.));
#7428=CARTESIAN_POINT('Ctrl Pts',(39.2116898842892,47.124347532445,1.));
#7429=CARTESIAN_POINT('Ctrl Pts',(36.0261506386837,49.464047992879,0.));
#7430=CARTESIAN_POINT('Ctrl Pts',(36.0261506386837,49.464047992879,1.));
#7431=CARTESIAN_POINT('Ctrl Pts',(36.1427171765855,49.1178858071018,0.));
#7432=CARTESIAN_POINT('Ctrl Pts',(36.1427171765855,49.1178858071018,1.));
#7433=CARTESIAN_POINT('Ctrl Pts',(36.3682946972085,48.4479988137453,0.));
#7434=CARTESIAN_POINT('Ctrl Pts',(36.3682946972085,48.4479988137453,1.));
#7435=CARTESIAN_POINT('Ctrl Pts',(36.8872382842908,47.9694995782894,0.));
#7436=CARTESIAN_POINT('Ctrl Pts',(36.8872382842908,47.9694995782894,1.));
#7437=CARTESIAN_POINT('Ctrl Pts',(37.1380192586025,47.7382634527026,0.));
#7438=CARTESIAN_POINT('Ctrl Pts',(37.1380192586025,47.7382634527026,1.));
#7439=CARTESIAN_POINT('',(36.0261506386837,49.464047992879,0.));
#7440=CARTESIAN_POINT('Ctrl Pts',(36.0261506386837,49.464047992879,0.));
#7441=CARTESIAN_POINT('Ctrl Pts',(36.1427171765855,49.1178858071018,0.));
#7442=CARTESIAN_POINT('Ctrl Pts',(36.3682946972085,48.4479988137453,0.));
#7443=CARTESIAN_POINT('Ctrl Pts',(36.8872382842908,47.9694995782894,0.));
#7444=CARTESIAN_POINT('Ctrl Pts',(37.1380192586025,47.7382634527026,0.));
#7445=CARTESIAN_POINT('',(36.0261506386837,49.464047992879,1.));
#7446=CARTESIAN_POINT('',(36.0261506386837,49.464047992879,0.));
#7447=CARTESIAN_POINT('Ctrl Pts',(36.0261506386837,49.464047992879,1.));
#7448=CARTESIAN_POINT('Ctrl Pts',(36.1427171765855,49.1178858071018,1.));
#7449=CARTESIAN_POINT('Ctrl Pts',(36.3682946972085,48.4479988137453,1.));
#7450=CARTESIAN_POINT('Ctrl Pts',(36.8872382842908,47.9694995782894,1.));
#7451=CARTESIAN_POINT('Ctrl Pts',(37.1380192586025,47.7382634527026,1.));
#7452=CARTESIAN_POINT('Origin',(37.2949094124874,49.620936954671,0.));
#7453=CARTESIAN_POINT('',(37.2949094124874,49.620936954671,0.));
#7454=CARTESIAN_POINT('',(26.2906972675424,48.2602059359735,0.));
#7455=CARTESIAN_POINT('',(37.2949094124874,49.620936954671,1.));
#7456=CARTESIAN_POINT('',(37.2949094124874,49.620936954671,0.));
#7457=CARTESIAN_POINT('',(37.2949094124874,49.620936954671,1.));
#7458=CARTESIAN_POINT('Ctrl Pts',(38.0520719834408,48.4886048681078,0.));
#7459=CARTESIAN_POINT('Ctrl Pts',(38.0520719834408,48.4886048681078,1.));
#7460=CARTESIAN_POINT('Ctrl Pts',(37.897865735829,48.6341594137711,0.));
#7461=CARTESIAN_POINT('Ctrl Pts',(37.897865735829,48.6341594137711,1.));
#7462=CARTESIAN_POINT('Ctrl Pts',(37.5601370753109,48.9529398944616,0.));
#7463=CARTESIAN_POINT('Ctrl Pts',(37.5601370753109,48.9529398944616,1.));
#7464=CARTESIAN_POINT('Ctrl Pts',(37.3882909384593,49.3857481204331,0.));
#7465=CARTESIAN_POINT('Ctrl Pts',(37.3882909384593,49.3857481204331,1.));
#7466=CARTESIAN_POINT('Ctrl Pts',(37.2949094124874,49.620936954671,0.));
#7467=CARTESIAN_POINT('Ctrl Pts',(37.2949094124874,49.620936954671,1.));
#7468=CARTESIAN_POINT('Ctrl Pts',(38.0520719834408,48.4886048681078,0.));
#7469=CARTESIAN_POINT('Ctrl Pts',(37.897865735829,48.6341594137711,0.));
#7470=CARTESIAN_POINT('Ctrl Pts',(37.5601370753109,48.9529398944616,0.));
#7471=CARTESIAN_POINT('Ctrl Pts',(37.3882909384593,49.3857481204331,0.));
#7472=CARTESIAN_POINT('Ctrl Pts',(37.2949094124874,49.620936954671,0.));
#7473=CARTESIAN_POINT('Ctrl Pts',(38.0520719834408,48.4886048681078,1.));
#7474=CARTESIAN_POINT('Ctrl Pts',(37.897865735829,48.6341594137711,1.));
#7475=CARTESIAN_POINT('Ctrl Pts',(37.5601370753109,48.9529398944616,1.));
#7476=CARTESIAN_POINT('Ctrl Pts',(37.3882909384593,49.3857481204331,1.));
#7477=CARTESIAN_POINT('Ctrl Pts',(37.2949094124874,49.620936954671,1.));
#7478=CARTESIAN_POINT('Origin',(32.833790274783,36.599108422452,1.));
#7479=CARTESIAN_POINT('Ctrl Pts',(24.1093713589748,47.124347532445,0.));
#7480=CARTESIAN_POINT('Ctrl Pts',(24.1093713589748,47.124347532445,1.));
#7481=CARTESIAN_POINT('Ctrl Pts',(24.53505383243,47.136460883616,0.));
#7482=CARTESIAN_POINT('Ctrl Pts',(24.53505383243,47.136460883616,1.));
#7483=CARTESIAN_POINT('Ctrl Pts',(25.3041892294646,47.158347636638,0.));
#7484=CARTESIAN_POINT('Ctrl Pts',(25.3041892294646,47.158347636638,1.));
#7485=CARTESIAN_POINT('Ctrl Pts',(25.9683292102303,47.5403831162824,0.));
#7486=CARTESIAN_POINT('Ctrl Pts',(25.9683292102303,47.5403831162824,1.));
#7487=CARTESIAN_POINT('Ctrl Pts',(26.2648970433315,47.7109788305102,0.));
#7488=CARTESIAN_POINT('Ctrl Pts',(26.2648970433315,47.7109788305102,1.));
#7489=CARTESIAN_POINT('',(24.1093713589748,47.124347532445,0.));
#7490=CARTESIAN_POINT('',(26.2648970433315,47.7109788305102,0.));
#7491=CARTESIAN_POINT('Ctrl Pts',(24.1093713589748,47.124347532445,0.));
#7492=CARTESIAN_POINT('Ctrl Pts',(24.53505383243,47.136460883616,0.));
#7493=CARTESIAN_POINT('Ctrl Pts',(25.3041892294646,47.158347636638,0.));
#7494=CARTESIAN_POINT('Ctrl Pts',(25.9683292102303,47.5403831162824,0.));
#7495=CARTESIAN_POINT('Ctrl Pts',(26.2648970433315,47.7109788305102,0.));
#7496=CARTESIAN_POINT('',(24.1093713589748,47.124347532445,1.));
#7497=CARTESIAN_POINT('',(24.1093713589748,47.124347532445,0.));
#7498=CARTESIAN_POINT('',(26.2648970433315,47.7109788305102,1.));
#7499=CARTESIAN_POINT('Ctrl Pts',(24.1093713589748,47.124347532445,1.));
#7500=CARTESIAN_POINT('Ctrl Pts',(24.53505383243,47.136460883616,1.));
#7501=CARTESIAN_POINT('Ctrl Pts',(25.3041892294646,47.158347636638,1.));
#7502=CARTESIAN_POINT('Ctrl Pts',(25.9683292102303,47.5403831162824,1.));
#7503=CARTESIAN_POINT('Ctrl Pts',(26.2648970433315,47.7109788305102,1.));
#7504=CARTESIAN_POINT('',(26.2648970433315,47.7109788305102,0.));
#7505=CARTESIAN_POINT('Ctrl Pts',(22.5814039059719,47.4176631814776,0.));
#7506=CARTESIAN_POINT('Ctrl Pts',(22.5814039059719,47.4176631814776,1.));
#7507=CARTESIAN_POINT('Ctrl Pts',(22.818897295861,47.3321465756491,0.));
#7508=CARTESIAN_POINT('Ctrl Pts',(22.818897295861,47.3321465756491,1.));
#7509=CARTESIAN_POINT('Ctrl Pts',(23.3125419814699,47.1543950263607,0.));
#7510=CARTESIAN_POINT('Ctrl Pts',(23.3125419814699,47.1543950263607,1.));
#7511=CARTESIAN_POINT('Ctrl Pts',(23.8371521385493,47.1346125974644,0.));
#7512=CARTESIAN_POINT('Ctrl Pts',(23.8371521385493,47.1346125974644,1.));
#7513=CARTESIAN_POINT('Ctrl Pts',(24.1093713589748,47.124347532445,0.));
#7514=CARTESIAN_POINT('Ctrl Pts',(24.1093713589748,47.124347532445,1.));
#7515=CARTESIAN_POINT('',(22.5814039059719,47.4176631814776,0.));
#7516=CARTESIAN_POINT('Ctrl Pts',(22.5814039059719,47.4176631814776,0.));
#7517=CARTESIAN_POINT('Ctrl Pts',(22.818897295861,47.3321465756491,0.));
#7518=CARTESIAN_POINT('Ctrl Pts',(23.3125419814699,47.1543950263607,0.));
#7519=CARTESIAN_POINT('Ctrl Pts',(23.8371521385493,47.1346125974644,0.));
#7520=CARTESIAN_POINT('Ctrl Pts',(24.1093713589748,47.124347532445,0.));
#7521=CARTESIAN_POINT('',(22.5814039059719,47.4176631814776,1.));
#7522=CARTESIAN_POINT('',(22.5814039059719,47.4176631814776,0.));
#7523=CARTESIAN_POINT('Ctrl Pts',(22.5814039059719,47.4176631814776,1.));
#7524=CARTESIAN_POINT('Ctrl Pts',(22.818897295861,47.3321465756491,1.));
#7525=CARTESIAN_POINT('Ctrl Pts',(23.3125419814699,47.1543950263607,1.));
#7526=CARTESIAN_POINT('Ctrl Pts',(23.8371521385493,47.1346125974644,1.));
#7527=CARTESIAN_POINT('Ctrl Pts',(24.1093713589748,47.124347532445,1.));
#7528=CARTESIAN_POINT('Ctrl Pts',(21.5513903447231,48.256680811101,0.));
#7529=CARTESIAN_POINT('Ctrl Pts',(21.5513903447231,48.256680811101,1.));
#7530=CARTESIAN_POINT('Ctrl Pts',(21.6867923253434,48.0853491756073,0.));
#7531=CARTESIAN_POINT('Ctrl Pts',(21.6867923253434,48.0853491756073,1.));
#7532=CARTESIAN_POINT('Ctrl Pts',(21.9677193084297,47.729876683654,0.));
#7533=CARTESIAN_POINT('Ctrl Pts',(21.9677193084297,47.729876683654,1.));
#7534=CARTESIAN_POINT('Ctrl Pts',(22.3719865375546,47.524204766963,0.));
#7535=CARTESIAN_POINT('Ctrl Pts',(22.3719865375546,47.524204766963,1.));
#7536=CARTESIAN_POINT('Ctrl Pts',(22.5814039059719,47.4176631814776,0.));
#7537=CARTESIAN_POINT('Ctrl Pts',(22.5814039059719,47.4176631814776,1.));
#7538=CARTESIAN_POINT('',(21.5513903447231,48.256680811101,0.));
#7539=CARTESIAN_POINT('Ctrl Pts',(21.5513903447231,48.256680811101,0.));
#7540=CARTESIAN_POINT('Ctrl Pts',(21.6867923253434,48.0853491756073,0.));
#7541=CARTESIAN_POINT('Ctrl Pts',(21.9677193084297,47.729876683654,0.));
#7542=CARTESIAN_POINT('Ctrl Pts',(22.3719865375546,47.524204766963,0.));
#7543=CARTESIAN_POINT('Ctrl Pts',(22.5814039059719,47.4176631814776,0.));
#7544=CARTESIAN_POINT('',(21.5513903447231,48.256680811101,1.));
#7545=CARTESIAN_POINT('',(21.5513903447231,48.256680811101,0.));
#7546=CARTESIAN_POINT('Ctrl Pts',(21.5513903447231,48.256680811101,1.));
#7547=CARTESIAN_POINT('Ctrl Pts',(21.6867923253434,48.0853491756073,1.));
#7548=CARTESIAN_POINT('Ctrl Pts',(21.9677193084297,47.729876683654,1.));
#7549=CARTESIAN_POINT('Ctrl Pts',(22.3719865375546,47.524204766963,1.));
#7550=CARTESIAN_POINT('Ctrl Pts',(22.5814039059719,47.4176631814776,1.));
#7551=CARTESIAN_POINT('Ctrl Pts',(21.1898619481167,49.4162987119494,0.));
#7552=CARTESIAN_POINT('Ctrl Pts',(21.1898619481167,49.4162987119494,1.));
#7553=CARTESIAN_POINT('Ctrl Pts',(21.2059300408314,49.2130012369031,0.));
#7554=CARTESIAN_POINT('Ctrl Pts',(21.2059300408314,49.2130012369031,1.));
#7555=CARTESIAN_POINT('Ctrl Pts',(21.2386253374761,48.799332273713,0.));
#7556=CARTESIAN_POINT('Ctrl Pts',(21.2386253374761,48.799332273713,1.));
#7557=CARTESIAN_POINT('Ctrl Pts',(21.4459535258867,48.4396150992374,0.));
#7558=CARTESIAN_POINT('Ctrl Pts',(21.4459535258867,48.4396150992374,1.));
#7559=CARTESIAN_POINT('Ctrl Pts',(21.5513903447231,48.256680811101,0.));
#7560=CARTESIAN_POINT('Ctrl Pts',(21.5513903447231,48.256680811101,1.));
#7561=CARTESIAN_POINT('',(21.1898619481167,49.4162987119494,0.));
#7562=CARTESIAN_POINT('Ctrl Pts',(21.1898619481167,49.4162987119494,0.));
#7563=CARTESIAN_POINT('Ctrl Pts',(21.2059300408314,49.2130012369031,0.));
#7564=CARTESIAN_POINT('Ctrl Pts',(21.2386253374761,48.799332273713,0.));
#7565=CARTESIAN_POINT('Ctrl Pts',(21.4459535258867,48.4396150992374,0.));
#7566=CARTESIAN_POINT('Ctrl Pts',(21.5513903447231,48.256680811101,0.));
#7567=CARTESIAN_POINT('',(21.1898619481167,49.4162987119494,1.));
#7568=CARTESIAN_POINT('',(21.1898619481167,49.4162987119494,0.));
#7569=CARTESIAN_POINT('Ctrl Pts',(21.1898619481167,49.4162987119494,1.));
#7570=CARTESIAN_POINT('Ctrl Pts',(21.2059300408314,49.2130012369031,1.));
#7571=CARTESIAN_POINT('Ctrl Pts',(21.2386253374761,48.799332273713,1.));
#7572=CARTESIAN_POINT('Ctrl Pts',(21.4459535258867,48.4396150992374,1.));
#7573=CARTESIAN_POINT('Ctrl Pts',(21.5513903447231,48.256680811101,1.));
#7574=CARTESIAN_POINT('Ctrl Pts',(21.4831764050564,50.4667763358889,0.));
#7575=CARTESIAN_POINT('Ctrl Pts',(21.4831764050564,50.4667763358889,1.));
#7576=CARTESIAN_POINT('Ctrl Pts',(21.3976910892019,50.3122521341405,0.));
#7577=CARTESIAN_POINT('Ctrl Pts',(21.3976910892019,50.3122521341405,1.));
#7578=CARTESIAN_POINT('Ctrl Pts',(21.2171663596492,49.9859336377863,0.));
#7579=CARTESIAN_POINT('Ctrl Pts',(21.2171663596492,49.9859336377863,1.));
#7580=CARTESIAN_POINT('Ctrl Pts',(21.1992789761553,49.6127603006558,0.));
#7581=CARTESIAN_POINT('Ctrl Pts',(21.1992789761553,49.6127603006558,1.));
#7582=CARTESIAN_POINT('Ctrl Pts',(21.1898619481167,49.4162987119494,0.));
#7583=CARTESIAN_POINT('Ctrl Pts',(21.1898619481167,49.4162987119494,1.));
#7584=CARTESIAN_POINT('',(21.4831764050564,50.4667763358889,0.));
#7585=CARTESIAN_POINT('Ctrl Pts',(21.4831764050564,50.4667763358889,0.));
#7586=CARTESIAN_POINT('Ctrl Pts',(21.3976910892019,50.3122521341405,0.));
#7587=CARTESIAN_POINT('Ctrl Pts',(21.2171663596492,49.9859336377863,0.));
#7588=CARTESIAN_POINT('Ctrl Pts',(21.1992789761553,49.6127603006558,0.));
#7589=CARTESIAN_POINT('Ctrl Pts',(21.1898619481167,49.4162987119494,0.));
#7590=CARTESIAN_POINT('',(21.4831764050564,50.4667763358889,1.));
#7591=CARTESIAN_POINT('',(21.4831764050564,50.4667763358889,0.));
#7592=CARTESIAN_POINT('Ctrl Pts',(21.4831764050564,50.4667763358889,1.));
#7593=CARTESIAN_POINT('Ctrl Pts',(21.3976910892019,50.3122521341405,1.));
#7594=CARTESIAN_POINT('Ctrl Pts',(21.2171663596492,49.9859336377863,1.));
#7595=CARTESIAN_POINT('Ctrl Pts',(21.1992789761553,49.6127603006558,1.));
#7596=CARTESIAN_POINT('Ctrl Pts',(21.1898619481167,49.4162987119494,1.));
#7597=CARTESIAN_POINT('Ctrl Pts',(22.2949106045803,51.1079768783389,0.));
#7598=CARTESIAN_POINT('Ctrl Pts',(22.2949106045803,51.1079768783389,1.));
#7599=CARTESIAN_POINT('Ctrl Pts',(22.1327021484802,51.0284219044816,0.));
#7600=CARTESIAN_POINT('Ctrl Pts',(22.1327021484802,51.0284219044816,1.));
#7601=CARTESIAN_POINT('Ctrl Pts',(21.8157568018626,50.8729763785789,0.));
#7602=CARTESIAN_POINT('Ctrl Pts',(21.8157568018626,50.8729763785789,1.));
#7603=CARTESIAN_POINT('Ctrl Pts',(21.5922804848738,50.600031579749,0.));
#7604=CARTESIAN_POINT('Ctrl Pts',(21.5922804848738,50.600031579749,1.));
#7605=CARTESIAN_POINT('Ctrl Pts',(21.4831764050564,50.4667763358889,0.));
#7606=CARTESIAN_POINT('Ctrl Pts',(21.4831764050564,50.4667763358889,1.));
#7607=CARTESIAN_POINT('',(22.2949106045803,51.1079768783389,0.));
#7608=CARTESIAN_POINT('Ctrl Pts',(22.2949106045803,51.1079768783389,0.));
#7609=CARTESIAN_POINT('Ctrl Pts',(22.1327021484802,51.0284219044816,0.));
#7610=CARTESIAN_POINT('Ctrl Pts',(21.8157568018626,50.8729763785789,0.));
#7611=CARTESIAN_POINT('Ctrl Pts',(21.5922804848738,50.600031579749,0.));
#7612=CARTESIAN_POINT('Ctrl Pts',(21.4831764050564,50.4667763358889,0.));
#7613=CARTESIAN_POINT('',(22.2949106045803,51.1079768783389,1.));
#7614=CARTESIAN_POINT('',(22.2949106045803,51.1079768783389,0.));
#7615=CARTESIAN_POINT('Ctrl Pts',(22.2949106045803,51.1079768783389,1.));
#7616=CARTESIAN_POINT('Ctrl Pts',(22.1327021484802,51.0284219044816,1.));
#7617=CARTESIAN_POINT('Ctrl Pts',(21.8157568018626,50.8729763785789,1.));
#7618=CARTESIAN_POINT('Ctrl Pts',(21.5922804848738,50.600031579749,1.));
#7619=CARTESIAN_POINT('Ctrl Pts',(21.4831764050564,50.4667763358889,1.));
#7620=CARTESIAN_POINT('Ctrl Pts',(24.1093713589748,51.680964673215,0.));
#7621=CARTESIAN_POINT('Ctrl Pts',(24.1093713589748,51.680964673215,1.));
#7622=CARTESIAN_POINT('Ctrl Pts',(23.7386536770528,51.5825595837076,0.));
#7623=CARTESIAN_POINT('Ctrl Pts',(23.7386536770528,51.5825595837076,1.));
#7624=CARTESIAN_POINT('Ctrl Pts',(23.1247642764051,51.4196058203339,0.));
#7625=CARTESIAN_POINT('Ctrl Pts',(23.1247642764051,51.4196058203339,1.));
#7626=CARTESIAN_POINT('Ctrl Pts',(22.5303628250893,51.1963945462468,0.));
#7627=CARTESIAN_POINT('Ctrl Pts',(22.5303628250893,51.1963945462468,1.));
#7628=CARTESIAN_POINT('Ctrl Pts',(22.2949106045803,51.1079768783389,0.));
#7629=CARTESIAN_POINT('Ctrl Pts',(22.2949106045803,51.1079768783389,1.));
#7630=CARTESIAN_POINT('',(24.1093713589748,51.680964673215,0.));
#7631=CARTESIAN_POINT('Ctrl Pts',(24.1093713589748,51.680964673215,0.));
#7632=CARTESIAN_POINT('Ctrl Pts',(23.7386536770528,51.5825595837076,0.));
#7633=CARTESIAN_POINT('Ctrl Pts',(23.1247642764051,51.4196058203339,0.));
#7634=CARTESIAN_POINT('Ctrl Pts',(22.5303628250893,51.1963945462468,0.));
#7635=CARTESIAN_POINT('Ctrl Pts',(22.2949106045803,51.1079768783389,0.));
#7636=CARTESIAN_POINT('',(24.1093713589748,51.680964673215,1.));
#7637=CARTESIAN_POINT('',(24.1093713589748,51.680964673215,0.));
#7638=CARTESIAN_POINT('Ctrl Pts',(24.1093713589748,51.680964673215,1.));
#7639=CARTESIAN_POINT('Ctrl Pts',(23.7386536770528,51.5825595837076,1.));
#7640=CARTESIAN_POINT('Ctrl Pts',(23.1247642764051,51.4196058203339,1.));
#7641=CARTESIAN_POINT('Ctrl Pts',(22.5303628250893,51.1963945462468,1.));
#7642=CARTESIAN_POINT('Ctrl Pts',(22.2949106045803,51.1079768783389,1.));
#7643=CARTESIAN_POINT('Ctrl Pts',(25.1939541646084,51.9947437888918,0.));
#7644=CARTESIAN_POINT('Ctrl Pts',(25.1939541646084,51.9947437888918,1.));
#7645=CARTESIAN_POINT('Ctrl Pts',(25.0730478174626,51.956644699522,0.));
#7646=CARTESIAN_POINT('Ctrl Pts',(25.0730478174626,51.956644699522,1.));
#7647=CARTESIAN_POINT('Ctrl Pts',(24.7140330306514,51.8435146879824,0.));
#7648=CARTESIAN_POINT('Ctrl Pts',(24.7140330306514,51.8435146879824,1.));
#7649=CARTESIAN_POINT('Ctrl Pts',(24.3504858237696,51.745783003281,0.));
#7650=CARTESIAN_POINT('Ctrl Pts',(24.3504858237696,51.745783003281,1.));
#7651=CARTESIAN_POINT('Ctrl Pts',(24.1093713589748,51.680964673215,0.));
#7652=CARTESIAN_POINT('Ctrl Pts',(24.1093713589748,51.680964673215,1.));
#7653=CARTESIAN_POINT('',(25.1939541646084,51.9947437888918,0.));
#7654=CARTESIAN_POINT('Ctrl Pts',(25.1939541646084,51.9947437888918,0.));
#7655=CARTESIAN_POINT('Ctrl Pts',(25.0730478174626,51.956644699522,0.));
#7656=CARTESIAN_POINT('Ctrl Pts',(24.7140330306514,51.8435146879824,0.));
#7657=CARTESIAN_POINT('Ctrl Pts',(24.3504858237696,51.745783003281,0.));
#7658=CARTESIAN_POINT('Ctrl Pts',(24.1093713589748,51.680964673215,0.));
#7659=CARTESIAN_POINT('',(25.1939541646084,51.9947437888918,1.));
#7660=CARTESIAN_POINT('',(25.1939541646084,51.9947437888918,0.));
#7661=CARTESIAN_POINT('Ctrl Pts',(25.1939541646084,51.9947437888918,1.));
#7662=CARTESIAN_POINT('Ctrl Pts',(25.0730478174626,51.956644699522,1.));
#7663=CARTESIAN_POINT('Ctrl Pts',(24.7140330306514,51.8435146879824,1.));
#7664=CARTESIAN_POINT('Ctrl Pts',(24.3504858237696,51.745783003281,1.));
#7665=CARTESIAN_POINT('Ctrl Pts',(24.1093713589748,51.680964673215,1.));
#7666=CARTESIAN_POINT('Ctrl Pts',(25.6646234341701,52.3221652156649,0.));
#7667=CARTESIAN_POINT('Ctrl Pts',(25.6646234341701,52.3221652156649,1.));
#7668=CARTESIAN_POINT('Ctrl Pts',(25.6035091355536,52.2575357446373,0.));
#7669=CARTESIAN_POINT('Ctrl Pts',(25.6035091355536,52.2575357446373,1.));
#7670=CARTESIAN_POINT('Ctrl Pts',(25.4696994493725,52.1160295925251,0.));
#7671=CARTESIAN_POINT('Ctrl Pts',(25.4696994493725,52.1160295925251,1.));
#7672=CARTESIAN_POINT('Ctrl Pts',(25.2910239846445,52.0374396817398,0.));
#7673=CARTESIAN_POINT('Ctrl Pts',(25.2910239846445,52.0374396817398,1.));
#7674=CARTESIAN_POINT('Ctrl Pts',(25.1939541646084,51.9947437888918,0.));
#7675=CARTESIAN_POINT('Ctrl Pts',(25.1939541646084,51.9947437888918,1.));
#7676=CARTESIAN_POINT('',(25.6646234341701,52.3221652156649,0.));
#7677=CARTESIAN_POINT('Ctrl Pts',(25.6646234341701,52.3221652156649,0.));
#7678=CARTESIAN_POINT('Ctrl Pts',(25.6035091355536,52.2575357446373,0.));
#7679=CARTESIAN_POINT('Ctrl Pts',(25.4696994493725,52.1160295925251,0.));
#7680=CARTESIAN_POINT('Ctrl Pts',(25.2910239846445,52.0374396817398,0.));
#7681=CARTESIAN_POINT('Ctrl Pts',(25.1939541646084,51.9947437888918,0.));
#7682=CARTESIAN_POINT('',(25.6646234341701,52.3221652156649,1.));
#7683=CARTESIAN_POINT('',(25.6646234341701,52.3221652156649,0.));
#7684=CARTESIAN_POINT('Ctrl Pts',(25.6646234341701,52.3221652156649,1.));
#7685=CARTESIAN_POINT('Ctrl Pts',(25.6035091355536,52.2575357446373,1.));
#7686=CARTESIAN_POINT('Ctrl Pts',(25.4696994493725,52.1160295925251,1.));
#7687=CARTESIAN_POINT('Ctrl Pts',(25.2910239846445,52.0374396817398,1.));
#7688=CARTESIAN_POINT('Ctrl Pts',(25.1939541646084,51.9947437888918,1.));
#7689=CARTESIAN_POINT('Ctrl Pts',(25.814691240414,52.7519063598452,0.));
#7690=CARTESIAN_POINT('Ctrl Pts',(25.814691240414,52.7519063598452,1.));
#7691=CARTESIAN_POINT('Ctrl Pts',(25.8083227977319,52.6741664757978,0.));
#7692=CARTESIAN_POINT('Ctrl Pts',(25.8083227977319,52.6741664757978,1.));
#7693=CARTESIAN_POINT('Ctrl Pts',(25.795525880775,52.5179538991822,0.));
#7694=CARTESIAN_POINT('Ctrl Pts',(25.795525880775,52.5179538991822,1.));
#7695=CARTESIAN_POINT('Ctrl Pts',(25.7083938313688,52.3876318946065,0.));
#7696=CARTESIAN_POINT('Ctrl Pts',(25.7083938313688,52.3876318946065,1.));
#7697=CARTESIAN_POINT('Ctrl Pts',(25.6646234341701,52.3221652156649,0.));
#7698=CARTESIAN_POINT('Ctrl Pts',(25.6646234341701,52.3221652156649,1.));
#7699=CARTESIAN_POINT('',(25.814691240414,52.7519063598452,0.));
#7700=CARTESIAN_POINT('Ctrl Pts',(25.814691240414,52.7519063598452,0.));
#7701=CARTESIAN_POINT('Ctrl Pts',(25.8083227977319,52.6741664757978,0.));
#7702=CARTESIAN_POINT('Ctrl Pts',(25.795525880775,52.5179538991822,0.));
#7703=CARTESIAN_POINT('Ctrl Pts',(25.7083938313688,52.3876318946065,0.));
#7704=CARTESIAN_POINT('Ctrl Pts',(25.6646234341701,52.3221652156649,0.));
#7705=CARTESIAN_POINT('',(25.814691240414,52.7519063598452,1.));
#7706=CARTESIAN_POINT('',(25.814691240414,52.7519063598452,0.));
#7707=CARTESIAN_POINT('Ctrl Pts',(25.814691240414,52.7519063598452,1.));
#7708=CARTESIAN_POINT('Ctrl Pts',(25.8083227977319,52.6741664757978,1.));
#7709=CARTESIAN_POINT('Ctrl Pts',(25.795525880775,52.5179538991822,1.));
#7710=CARTESIAN_POINT('Ctrl Pts',(25.7083938313688,52.3876318946065,1.));
#7711=CARTESIAN_POINT('Ctrl Pts',(25.6646234341701,52.3221652156649,1.));
#7712=CARTESIAN_POINT('Ctrl Pts',(25.4531628438076,53.4067492133914,0.));
#7713=CARTESIAN_POINT('Ctrl Pts',(25.4531628438076,53.4067492133914,1.));
#7714=CARTESIAN_POINT('Ctrl Pts',(25.5585028499799,53.3135537593299,0.));
#7715=CARTESIAN_POINT('Ctrl Pts',(25.5585028499799,53.3135537593299,1.));
#7716=CARTESIAN_POINT('Ctrl Pts',(25.7577229409398,53.1373015688298,0.));
#7717=CARTESIAN_POINT('Ctrl Pts',(25.7577229409398,53.1373015688298,1.));
#7718=CARTESIAN_POINT('Ctrl Pts',(25.7964442749484,52.8753485747942,0.));
#7719=CARTESIAN_POINT('Ctrl Pts',(25.7964442749484,52.8753485747942,1.));
#7720=CARTESIAN_POINT('Ctrl Pts',(25.814691240414,52.7519063598452,0.));
#7721=CARTESIAN_POINT('Ctrl Pts',(25.814691240414,52.7519063598452,1.));
#7722=CARTESIAN_POINT('',(25.4531628438076,53.4067492133914,0.));
#7723=CARTESIAN_POINT('Ctrl Pts',(25.4531628438076,53.4067492133914,0.));
#7724=CARTESIAN_POINT('Ctrl Pts',(25.5585028499799,53.3135537593299,0.));
#7725=CARTESIAN_POINT('Ctrl Pts',(25.7577229409398,53.1373015688298,0.));
#7726=CARTESIAN_POINT('Ctrl Pts',(25.7964442749484,52.8753485747942,0.));
#7727=CARTESIAN_POINT('Ctrl Pts',(25.814691240414,52.7519063598452,0.));
#7728=CARTESIAN_POINT('',(25.4531628438076,53.4067492133914,1.));
#7729=CARTESIAN_POINT('',(25.4531628438076,53.4067492133914,0.));
#7730=CARTESIAN_POINT('Ctrl Pts',(25.4531628438076,53.4067492133914,1.));
#7731=CARTESIAN_POINT('Ctrl Pts',(25.5585028499799,53.3135537593299,1.));
#7732=CARTESIAN_POINT('Ctrl Pts',(25.7577229409398,53.1373015688298,1.));
#7733=CARTESIAN_POINT('Ctrl Pts',(25.7964442749484,52.8753485747942,1.));
#7734=CARTESIAN_POINT('Ctrl Pts',(25.814691240414,52.7519063598452,1.));
#7735=CARTESIAN_POINT('Ctrl Pts',(24.2457968541225,53.6864219552813,0.));
#7736=CARTESIAN_POINT('Ctrl Pts',(24.2457968541225,53.6864219552813,1.));
#7737=CARTESIAN_POINT('Ctrl Pts',(24.4928959583158,53.6844310004682,0.));
#7738=CARTESIAN_POINT('Ctrl Pts',(24.4928959583158,53.6844310004682,1.));
#7739=CARTESIAN_POINT('Ctrl Pts',(24.9185749182406,53.6810011718701,0.));
#7740=CARTESIAN_POINT('Ctrl Pts',(24.9185749182406,53.6810011718701,1.));
#7741=CARTESIAN_POINT('Ctrl Pts',(25.2951732007109,53.4878003688073,0.));
#7742=CARTESIAN_POINT('Ctrl Pts',(25.2951732007109,53.4878003688073,1.));
#7743=CARTESIAN_POINT('Ctrl Pts',(25.4531628438076,53.4067492133914,0.));
#7744=CARTESIAN_POINT('Ctrl Pts',(25.4531628438076,53.4067492133914,1.));
#7745=CARTESIAN_POINT('',(24.2457968541225,53.6864219552813,0.));
#7746=CARTESIAN_POINT('Ctrl Pts',(24.2457968541225,53.6864219552813,0.));
#7747=CARTESIAN_POINT('Ctrl Pts',(24.4928959583158,53.6844310004682,0.));
#7748=CARTESIAN_POINT('Ctrl Pts',(24.9185749182406,53.6810011718701,0.));
#7749=CARTESIAN_POINT('Ctrl Pts',(25.2951732007109,53.4878003688073,0.));
#7750=CARTESIAN_POINT('Ctrl Pts',(25.4531628438076,53.4067492133914,0.));
#7751=CARTESIAN_POINT('',(24.2457968541225,53.6864219552813,1.));
#7752=CARTESIAN_POINT('',(24.2457968541225,53.6864219552813,0.));
#7753=CARTESIAN_POINT('Ctrl Pts',(24.2457968541225,53.6864219552813,1.));
#7754=CARTESIAN_POINT('Ctrl Pts',(24.4928959583158,53.6844310004682,1.));
#7755=CARTESIAN_POINT('Ctrl Pts',(24.9185749182406,53.6810011718701,1.));
#7756=CARTESIAN_POINT('Ctrl Pts',(25.2951732007109,53.4878003688073,1.));
#7757=CARTESIAN_POINT('Ctrl Pts',(25.4531628438076,53.4067492133914,1.));
#7758=CARTESIAN_POINT('Ctrl Pts',(23.1407481976589,53.3726428396044,0.));
#7759=CARTESIAN_POINT('Ctrl Pts',(23.1407481976589,53.3726428396044,1.));
#7760=CARTESIAN_POINT('Ctrl Pts',(23.2937565344589,53.4639378433356,0.));
#7761=CARTESIAN_POINT('Ctrl Pts',(23.2937565344589,53.4639378433356,1.));
#7762=CARTESIAN_POINT('Ctrl Pts',(23.63262597237,53.6661300064915,0.));
#7763=CARTESIAN_POINT('Ctrl Pts',(23.63262597237,53.6661300064915,1.));
#7764=CARTESIAN_POINT('Ctrl Pts',(24.028609923352,53.6792344873043,0.));
#7765=CARTESIAN_POINT('Ctrl Pts',(24.028609923352,53.6792344873043,1.));
#7766=CARTESIAN_POINT('Ctrl Pts',(24.2457968541225,53.6864219552813,0.));
#7767=CARTESIAN_POINT('Ctrl Pts',(24.2457968541225,53.6864219552813,1.));
#7768=CARTESIAN_POINT('',(23.1407481976589,53.3726428396044,0.));
#7769=CARTESIAN_POINT('Ctrl Pts',(23.1407481976589,53.3726428396044,0.));
#7770=CARTESIAN_POINT('Ctrl Pts',(23.2937565344589,53.4639378433356,0.));
#7771=CARTESIAN_POINT('Ctrl Pts',(23.63262597237,53.6661300064915,0.));
#7772=CARTESIAN_POINT('Ctrl Pts',(24.028609923352,53.6792344873043,0.));
#7773=CARTESIAN_POINT('Ctrl Pts',(24.2457968541225,53.6864219552813,0.));
#7774=CARTESIAN_POINT('',(23.1407481976589,53.3726428396044,1.));
#7775=CARTESIAN_POINT('',(23.1407481976589,53.3726428396044,0.));
#7776=CARTESIAN_POINT('Ctrl Pts',(23.1407481976589,53.3726428396044,1.));
#7777=CARTESIAN_POINT('Ctrl Pts',(23.2937565344589,53.4639378433356,1.));
#7778=CARTESIAN_POINT('Ctrl Pts',(23.63262597237,53.6661300064915,1.));
#7779=CARTESIAN_POINT('Ctrl Pts',(24.028609923352,53.6792344873043,1.));
#7780=CARTESIAN_POINT('Ctrl Pts',(24.2457968541225,53.6864219552813,1.));
#7781=CARTESIAN_POINT('Ctrl Pts',(22.6632601567348,52.4995188361941,0.));
#7782=CARTESIAN_POINT('Ctrl Pts',(22.6632601567348,52.4995188361941,1.));
#7783=CARTESIAN_POINT('Ctrl Pts',(22.7014419938049,52.6739669438972,0.));
#7784=CARTESIAN_POINT('Ctrl Pts',(22.7014419938049,52.6739669438972,1.));
#7785=CARTESIAN_POINT('Ctrl Pts',(22.7754822757427,53.012247866687,0.));
#7786=CARTESIAN_POINT('Ctrl Pts',(22.7754822757427,53.012247866687,1.));
#7787=CARTESIAN_POINT('Ctrl Pts',(23.0215669450291,53.2550509107203,0.));
#7788=CARTESIAN_POINT('Ctrl Pts',(23.0215669450291,53.2550509107203,1.));
#7789=CARTESIAN_POINT('Ctrl Pts',(23.1407481976589,53.3726428396044,0.));
#7790=CARTESIAN_POINT('Ctrl Pts',(23.1407481976589,53.3726428396044,1.));
#7791=CARTESIAN_POINT('',(22.6632601567348,52.4995188361941,0.));
#7792=CARTESIAN_POINT('Ctrl Pts',(22.6632601567348,52.4995188361941,0.));
#7793=CARTESIAN_POINT('Ctrl Pts',(22.7014419938049,52.6739669438972,0.));
#7794=CARTESIAN_POINT('Ctrl Pts',(22.7754822757427,53.012247866687,0.));
#7795=CARTESIAN_POINT('Ctrl Pts',(23.0215669450291,53.2550509107203,0.));
#7796=CARTESIAN_POINT('Ctrl Pts',(23.1407481976589,53.3726428396044,0.));
#7797=CARTESIAN_POINT('',(22.6632601567348,52.4995188361941,1.));
#7798=CARTESIAN_POINT('',(22.6632601567348,52.4995188361941,0.));
#7799=CARTESIAN_POINT('Ctrl Pts',(22.6632601567348,52.4995188361941,1.));
#7800=CARTESIAN_POINT('Ctrl Pts',(22.7014419938049,52.6739669438972,1.));
#7801=CARTESIAN_POINT('Ctrl Pts',(22.7754822757427,53.012247866687,1.));
#7802=CARTESIAN_POINT('Ctrl Pts',(23.0215669450291,53.2550509107203,1.));
#7803=CARTESIAN_POINT('Ctrl Pts',(23.1407481976589,53.3726428396044,1.));
#7804=CARTESIAN_POINT('Origin',(21.4627129384121,52.6632295495806,0.));
#7805=CARTESIAN_POINT('',(21.4627129384121,52.6632295495806,0.));
#7806=CARTESIAN_POINT('',(20.0936862479716,52.8499146984166,0.));
#7807=CARTESIAN_POINT('',(21.4627129384121,52.6632295495806,1.));
#7808=CARTESIAN_POINT('',(21.4627129384121,52.6632295495806,0.));
#7809=CARTESIAN_POINT('',(21.4627129384121,52.6632295495806,1.));
#7810=CARTESIAN_POINT('Ctrl Pts',(21.8856317349514,53.781919921094,0.));
#7811=CARTESIAN_POINT('Ctrl Pts',(21.8856317349514,53.781919921094,1.));
#7812=CARTESIAN_POINT('Ctrl Pts',(21.7900174729887,53.6229313545658,0.));
#7813=CARTESIAN_POINT('Ctrl Pts',(21.7900174729887,53.6229313545658,1.));
#7814=CARTESIAN_POINT('Ctrl Pts',(21.581557790462,53.2763020398222,0.));
#7815=CARTESIAN_POINT('Ctrl Pts',(21.581557790462,53.2763020398222,1.));
#7816=CARTESIAN_POINT('Ctrl Pts',(21.5044523853814,52.8785464627951,0.));
#7817=CARTESIAN_POINT('Ctrl Pts',(21.5044523853814,52.8785464627951,1.));
#7818=CARTESIAN_POINT('Ctrl Pts',(21.4627129384121,52.6632295495806,0.));
#7819=CARTESIAN_POINT('Ctrl Pts',(21.4627129384121,52.6632295495806,1.));
#7820=CARTESIAN_POINT('',(21.8856317349514,53.781919921094,0.));
#7821=CARTESIAN_POINT('Ctrl Pts',(21.8856317349514,53.781919921094,0.));
#7822=CARTESIAN_POINT('Ctrl Pts',(21.7900174729887,53.6229313545658,0.));
#7823=CARTESIAN_POINT('Ctrl Pts',(21.581557790462,53.2763020398222,0.));
#7824=CARTESIAN_POINT('Ctrl Pts',(21.5044523853814,52.8785464627951,0.));
#7825=CARTESIAN_POINT('Ctrl Pts',(21.4627129384121,52.6632295495806,0.));
#7826=CARTESIAN_POINT('',(21.8856317349514,53.781919921094,1.));
#7827=CARTESIAN_POINT('',(21.8856317349514,53.781919921094,0.));
#7828=CARTESIAN_POINT('Ctrl Pts',(21.8856317349514,53.781919921094,1.));
#7829=CARTESIAN_POINT('Ctrl Pts',(21.7900174729887,53.6229313545658,1.));
#7830=CARTESIAN_POINT('Ctrl Pts',(21.581557790462,53.2763020398222,1.));
#7831=CARTESIAN_POINT('Ctrl Pts',(21.5044523853814,52.8785464627951,1.));
#7832=CARTESIAN_POINT('Ctrl Pts',(21.4627129384121,52.6632295495806,1.));
#7833=CARTESIAN_POINT('Ctrl Pts',(22.8406125851711,54.4504056817828,0.));
#7834=CARTESIAN_POINT('Ctrl Pts',(22.8406125851711,54.4504056817828,1.));
#7835=CARTESIAN_POINT('Ctrl Pts',(22.643421370651,54.3671791051366,0.));
#7836=CARTESIAN_POINT('Ctrl Pts',(22.643421370651,54.3671791051366,1.));
#7837=CARTESIAN_POINT('Ctrl Pts',(22.2764223169943,54.2122833865695,0.));
#7838=CARTESIAN_POINT('Ctrl Pts',(22.2764223169943,54.2122833865695,1.));
#7839=CARTESIAN_POINT('Ctrl Pts',(22.0092503121018,53.9180565674315,0.));
#7840=CARTESIAN_POINT('Ctrl Pts',(22.0092503121018,53.9180565674315,1.));
#7841=CARTESIAN_POINT('Ctrl Pts',(21.8856317349514,53.781919921094,0.));
#7842=CARTESIAN_POINT('Ctrl Pts',(21.8856317349514,53.781919921094,1.));
#7843=CARTESIAN_POINT('',(22.8406125851711,54.4504056817828,0.));
#7844=CARTESIAN_POINT('Ctrl Pts',(22.8406125851711,54.4504056817828,0.));
#7845=CARTESIAN_POINT('Ctrl Pts',(22.643421370651,54.3671791051366,0.));
#7846=CARTESIAN_POINT('Ctrl Pts',(22.2764223169943,54.2122833865695,0.));
#7847=CARTESIAN_POINT('Ctrl Pts',(22.0092503121018,53.9180565674315,0.));
#7848=CARTESIAN_POINT('Ctrl Pts',(21.8856317349514,53.781919921094,0.));
#7849=CARTESIAN_POINT('',(22.8406125851711,54.4504056817828,1.));
#7850=CARTESIAN_POINT('',(22.8406125851711,54.4504056817828,0.));
#7851=CARTESIAN_POINT('Ctrl Pts',(22.8406125851711,54.4504056817828,1.));
#7852=CARTESIAN_POINT('Ctrl Pts',(22.643421370651,54.3671791051366,1.));
#7853=CARTESIAN_POINT('Ctrl Pts',(22.2764223169943,54.2122833865695,1.));
#7854=CARTESIAN_POINT('Ctrl Pts',(22.0092503121018,53.9180565674315,1.));
#7855=CARTESIAN_POINT('Ctrl Pts',(21.8856317349514,53.781919921094,1.));
#7856=CARTESIAN_POINT('Ctrl Pts',(24.3344742604336,54.6959714538393,0.));
#7857=CARTESIAN_POINT('Ctrl Pts',(24.3344742604336,54.6959714538393,1.));
#7858=CARTESIAN_POINT('Ctrl Pts',(24.0657226251964,54.688201642866,0.));
#7859=CARTESIAN_POINT('Ctrl Pts',(24.0657226251964,54.688201642866,1.));
#7860=CARTESIAN_POINT('Ctrl Pts',(23.5563840468743,54.6734762832546,0.));
#7861=CARTESIAN_POINT('Ctrl Pts',(23.5563840468743,54.6734762832546,1.));
#7862=CARTESIAN_POINT('Ctrl Pts',(23.0702424124045,54.5219699539248,0.));
#7863=CARTESIAN_POINT('Ctrl Pts',(23.0702424124045,54.5219699539248,1.));
#7864=CARTESIAN_POINT('Ctrl Pts',(22.8406125851711,54.4504056817828,0.));
#7865=CARTESIAN_POINT('Ctrl Pts',(22.8406125851711,54.4504056817828,1.));
#7866=CARTESIAN_POINT('',(24.3344742604336,54.6959714538393,0.));
#7867=CARTESIAN_POINT('Ctrl Pts',(24.3344742604336,54.6959714538393,0.));
#7868=CARTESIAN_POINT('Ctrl Pts',(24.0657226251964,54.688201642866,0.));
#7869=CARTESIAN_POINT('Ctrl Pts',(23.5563840468743,54.6734762832546,0.));
#7870=CARTESIAN_POINT('Ctrl Pts',(23.0702424124045,54.5219699539248,0.));
#7871=CARTESIAN_POINT('Ctrl Pts',(22.8406125851711,54.4504056817828,0.));
#7872=CARTESIAN_POINT('',(24.3344742604336,54.6959714538393,1.));
#7873=CARTESIAN_POINT('',(24.3344742604336,54.6959714538393,0.));
#7874=CARTESIAN_POINT('Ctrl Pts',(24.3344742604336,54.6959714538393,1.));
#7875=CARTESIAN_POINT('Ctrl Pts',(24.0657226251964,54.688201642866,1.));
#7876=CARTESIAN_POINT('Ctrl Pts',(23.5563840468743,54.6734762832546,1.));
#7877=CARTESIAN_POINT('Ctrl Pts',(23.0702424124045,54.5219699539248,1.));
#7878=CARTESIAN_POINT('Ctrl Pts',(22.8406125851711,54.4504056817828,1.));
#7879=CARTESIAN_POINT('Ctrl Pts',(25.3985935994228,54.5459036475955,0.));
#7880=CARTESIAN_POINT('Ctrl Pts',(25.3985935994228,54.5459036475955,1.));
#7881=CARTESIAN_POINT('Ctrl Pts',(25.2278153912168,54.589667735819,0.));
#7882=CARTESIAN_POINT('Ctrl Pts',(25.2278153912168,54.589667735819,1.));
#7883=CARTESIAN_POINT('Ctrl Pts',(24.8787339586915,54.6791242933665,0.));
#7884=CARTESIAN_POINT('Ctrl Pts',(24.8787339586915,54.6791242933665,1.));
#7885=CARTESIAN_POINT('Ctrl Pts',(24.5184827593669,54.690275605479,0.));
#7886=CARTESIAN_POINT('Ctrl Pts',(24.5184827593669,54.690275605479,1.));
#7887=CARTESIAN_POINT('Ctrl Pts',(24.3344742604336,54.6959714538393,0.));
#7888=CARTESIAN_POINT('Ctrl Pts',(24.3344742604336,54.6959714538393,1.));
#7889=CARTESIAN_POINT('',(25.3985935994228,54.5459036475955,0.));
#7890=CARTESIAN_POINT('Ctrl Pts',(25.3985935994228,54.5459036475955,0.));
#7891=CARTESIAN_POINT('Ctrl Pts',(25.2278153912168,54.589667735819,0.));
#7892=CARTESIAN_POINT('Ctrl Pts',(24.8787339586915,54.6791242933665,0.));
#7893=CARTESIAN_POINT('Ctrl Pts',(24.5184827593669,54.690275605479,0.));
#7894=CARTESIAN_POINT('Ctrl Pts',(24.3344742604336,54.6959714538393,0.));
#7895=CARTESIAN_POINT('',(25.3985935994228,54.5459036475955,1.));
#7896=CARTESIAN_POINT('',(25.3985935994228,54.5459036475955,0.));
#7897=CARTESIAN_POINT('Ctrl Pts',(25.3985935994228,54.5459036475955,1.));
#7898=CARTESIAN_POINT('Ctrl Pts',(25.2278153912168,54.589667735819,1.));
#7899=CARTESIAN_POINT('Ctrl Pts',(24.8787339586915,54.6791242933665,1.));
#7900=CARTESIAN_POINT('Ctrl Pts',(24.5184827593669,54.690275605479,1.));
#7901=CARTESIAN_POINT('Ctrl Pts',(24.3344742604336,54.6959714538393,1.));
#7902=CARTESIAN_POINT('Ctrl Pts',(26.1762196370205,54.1911964065371,0.));
#7903=CARTESIAN_POINT('Ctrl Pts',(26.1762196370205,54.1911964065371,1.));
#7904=CARTESIAN_POINT('Ctrl Pts',(26.0658202452461,54.2606180538069,0.));
#7905=CARTESIAN_POINT('Ctrl Pts',(26.0658202452461,54.2606180538069,1.));
#7906=CARTESIAN_POINT('Ctrl Pts',(25.8227370957897,54.4134742642222,0.));
#7907=CARTESIAN_POINT('Ctrl Pts',(25.8227370957897,54.4134742642222,1.));
#7908=CARTESIAN_POINT('Ctrl Pts',(25.548359190339,54.4991426692345,0.));
#7909=CARTESIAN_POINT('Ctrl Pts',(25.548359190339,54.4991426692345,1.));
#7910=CARTESIAN_POINT('Ctrl Pts',(25.3985935994228,54.5459036475955,0.));
#7911=CARTESIAN_POINT('Ctrl Pts',(25.3985935994228,54.5459036475955,1.));
#7912=CARTESIAN_POINT('',(26.1762196370205,54.1911964065371,0.));
#7913=CARTESIAN_POINT('Ctrl Pts',(26.1762196370205,54.1911964065371,0.));
#7914=CARTESIAN_POINT('Ctrl Pts',(26.0658202452461,54.2606180538069,0.));
#7915=CARTESIAN_POINT('Ctrl Pts',(25.8227370957897,54.4134742642222,0.));
#7916=CARTESIAN_POINT('Ctrl Pts',(25.548359190339,54.4991426692345,0.));
#7917=CARTESIAN_POINT('Ctrl Pts',(25.3985935994228,54.5459036475955,0.));
#7918=CARTESIAN_POINT('',(26.1762196370205,54.1911964065371,1.));
#7919=CARTESIAN_POINT('',(26.1762196370205,54.1911964065371,0.));
#7920=CARTESIAN_POINT('Ctrl Pts',(26.1762196370205,54.1911964065371,1.));
#7921=CARTESIAN_POINT('Ctrl Pts',(26.0658202452461,54.2606180538069,1.));
#7922=CARTESIAN_POINT('Ctrl Pts',(25.8227370957897,54.4134742642222,1.));
#7923=CARTESIAN_POINT('Ctrl Pts',(25.548359190339,54.4991426692345,1.));
#7924=CARTESIAN_POINT('Ctrl Pts',(25.3985935994228,54.5459036475955,1.));
#7925=CARTESIAN_POINT('Ctrl Pts',(26.78331440173,53.502247179204,0.));
#7926=CARTESIAN_POINT('Ctrl Pts',(26.78331440173,53.502247179204,1.));
#7927=CARTESIAN_POINT('Ctrl Pts',(26.701871826917,53.6348859688758,0.));
#7928=CARTESIAN_POINT('Ctrl Pts',(26.701871826917,53.6348859688758,1.));
#7929=CARTESIAN_POINT('Ctrl Pts',(26.5393142695619,53.8996300257663,0.));
#7930=CARTESIAN_POINT('Ctrl Pts',(26.5393142695619,53.8996300257663,1.));
#7931=CARTESIAN_POINT('Ctrl Pts',(26.2970884669353,54.0941382731254,0.));
#7932=CARTESIAN_POINT('Ctrl Pts',(26.2970884669353,54.0941382731254,1.));
#7933=CARTESIAN_POINT('Ctrl Pts',(26.1762196370205,54.1911964065371,0.));
#7934=CARTESIAN_POINT('Ctrl Pts',(26.1762196370205,54.1911964065371,1.));
#7935=CARTESIAN_POINT('',(26.78331440173,53.502247179204,0.));
#7936=CARTESIAN_POINT('Ctrl Pts',(26.78331440173,53.502247179204,0.));
#7937=CARTESIAN_POINT('Ctrl Pts',(26.701871826917,53.6348859688758,0.));
#7938=CARTESIAN_POINT('Ctrl Pts',(26.5393142695619,53.8996300257663,0.));
#7939=CARTESIAN_POINT('Ctrl Pts',(26.2970884669353,54.0941382731254,0.));
#7940=CARTESIAN_POINT('Ctrl Pts',(26.1762196370205,54.1911964065371,0.));
#7941=CARTESIAN_POINT('',(26.78331440173,53.502247179204,1.));
#7942=CARTESIAN_POINT('',(26.78331440173,53.502247179204,0.));
#7943=CARTESIAN_POINT('Ctrl Pts',(26.78331440173,53.502247179204,1.));
#7944=CARTESIAN_POINT('Ctrl Pts',(26.701871826917,53.6348859688758,1.));
#7945=CARTESIAN_POINT('Ctrl Pts',(26.5393142695619,53.8996300257663,1.));
#7946=CARTESIAN_POINT('Ctrl Pts',(26.2970884669353,54.0941382731254,1.));
#7947=CARTESIAN_POINT('Ctrl Pts',(26.1762196370205,54.1911964065371,1.));
#7948=CARTESIAN_POINT('Ctrl Pts',(27.0015937634548,52.608659113103,0.));
#7949=CARTESIAN_POINT('Ctrl Pts',(27.0015937634548,52.608659113103,1.));
#7950=CARTESIAN_POINT('Ctrl Pts',(26.9929168039781,52.7661811240003,0.));
#7951=CARTESIAN_POINT('Ctrl Pts',(26.9929168039781,52.7661811240003,1.));
#7952=CARTESIAN_POINT('Ctrl Pts',(26.9757566006994,53.0777084205261,0.));
#7953=CARTESIAN_POINT('Ctrl Pts',(26.9757566006994,53.0777084205261,1.));
#7954=CARTESIAN_POINT('Ctrl Pts',(26.8469772192327,53.3618032762488,0.));
#7955=CARTESIAN_POINT('Ctrl Pts',(26.8469772192327,53.3618032762488,1.));
#7956=CARTESIAN_POINT('Ctrl Pts',(26.78331440173,53.502247179204,0.));
#7957=CARTESIAN_POINT('Ctrl Pts',(26.78331440173,53.502247179204,1.));
#7958=CARTESIAN_POINT('',(27.0015937634548,52.608659113103,0.));
#7959=CARTESIAN_POINT('Ctrl Pts',(27.0015937634548,52.608659113103,0.));
#7960=CARTESIAN_POINT('Ctrl Pts',(26.9929168039781,52.7661811240003,0.));
#7961=CARTESIAN_POINT('Ctrl Pts',(26.9757566006994,53.0777084205261,0.));
#7962=CARTESIAN_POINT('Ctrl Pts',(26.8469772192327,53.3618032762488,0.));
#7963=CARTESIAN_POINT('Ctrl Pts',(26.78331440173,53.502247179204,0.));
#7964=CARTESIAN_POINT('',(27.0015937634548,52.608659113103,1.));
#7965=CARTESIAN_POINT('',(27.0015937634548,52.608659113103,0.));
#7966=CARTESIAN_POINT('Ctrl Pts',(27.0015937634548,52.608659113103,1.));
#7967=CARTESIAN_POINT('Ctrl Pts',(26.9929168039781,52.7661811240003,1.));
#7968=CARTESIAN_POINT('Ctrl Pts',(26.9757566006994,53.0777084205261,1.));
#7969=CARTESIAN_POINT('Ctrl Pts',(26.8469772192327,53.3618032762488,1.));
#7970=CARTESIAN_POINT('Ctrl Pts',(26.78331440173,53.502247179204,1.));
#7971=CARTESIAN_POINT('Ctrl Pts',(26.7355639287075,51.6332159883318,0.));
#7972=CARTESIAN_POINT('Ctrl Pts',(26.7355639287075,51.6332159883318,1.));
#7973=CARTESIAN_POINT('Ctrl Pts',(26.8131550069184,51.7853648599096,0.));
#7974=CARTESIAN_POINT('Ctrl Pts',(26.8131550069184,51.7853648599096,1.));
#7975=CARTESIAN_POINT('Ctrl Pts',(26.969517335557,52.0919768107704,0.));
#7976=CARTESIAN_POINT('Ctrl Pts',(26.969517335557,52.0919768107704,1.));
#7977=CARTESIAN_POINT('Ctrl Pts',(26.9908479552857,52.4355672425576,0.));
#7978=CARTESIAN_POINT('Ctrl Pts',(26.9908479552857,52.4355672425576,1.));
#7979=CARTESIAN_POINT('Ctrl Pts',(27.0015937634548,52.608659113103,0.));
#7980=CARTESIAN_POINT('Ctrl Pts',(27.0015937634548,52.608659113103,1.));
#7981=CARTESIAN_POINT('',(26.7355639287075,51.6332159883318,0.));
#7982=CARTESIAN_POINT('Ctrl Pts',(26.7355639287075,51.6332159883318,0.));
#7983=CARTESIAN_POINT('Ctrl Pts',(26.8131550069184,51.7853648599096,0.));
#7984=CARTESIAN_POINT('Ctrl Pts',(26.969517335557,52.0919768107704,0.));
#7985=CARTESIAN_POINT('Ctrl Pts',(26.9908479552857,52.4355672425576,0.));
#7986=CARTESIAN_POINT('Ctrl Pts',(27.0015937634548,52.608659113103,0.));
#7987=CARTESIAN_POINT('',(26.7355639287075,51.6332159883318,1.));
#7988=CARTESIAN_POINT('',(26.7355639287075,51.6332159883318,0.));
#7989=CARTESIAN_POINT('Ctrl Pts',(26.7355639287075,51.6332159883318,1.));
#7990=CARTESIAN_POINT('Ctrl Pts',(26.8131550069184,51.7853648599096,1.));
#7991=CARTESIAN_POINT('Ctrl Pts',(26.969517335557,52.0919768107704,1.));
#7992=CARTESIAN_POINT('Ctrl Pts',(26.9908479552857,52.4355672425576,1.));
#7993=CARTESIAN_POINT('Ctrl Pts',(27.0015937634548,52.608659113103,1.));
#7994=CARTESIAN_POINT('Ctrl Pts',(25.9442955800136,50.9442661649523,0.));
#7995=CARTESIAN_POINT('Ctrl Pts',(25.9442955800136,50.9442661649523,1.));
#7996=CARTESIAN_POINT('Ctrl Pts',(26.1054017937279,51.0337645899613,0.));
#7997=CARTESIAN_POINT('Ctrl Pts',(26.1054017937279,51.0337645899613,1.));
#7998=CARTESIAN_POINT('Ctrl Pts',(26.4182258058516,51.2075459466487,0.));
#7999=CARTESIAN_POINT('Ctrl Pts',(26.4182258058516,51.2075459466487,1.));
#8000=CARTESIAN_POINT('Ctrl Pts',(26.6319223613407,51.4941935793502,0.));
#8001=CARTESIAN_POINT('Ctrl Pts',(26.6319223613407,51.4941935793502,1.));
#8002=CARTESIAN_POINT('Ctrl Pts',(26.7355639287075,51.6332159883318,0.));
#8003=CARTESIAN_POINT('Ctrl Pts',(26.7355639287075,51.6332159883318,1.));
#8004=CARTESIAN_POINT('',(25.9442955800136,50.9442661649523,0.));
#8005=CARTESIAN_POINT('Ctrl Pts',(25.9442955800136,50.9442661649523,0.));
#8006=CARTESIAN_POINT('Ctrl Pts',(26.1054017937279,51.0337645899613,0.));
#8007=CARTESIAN_POINT('Ctrl Pts',(26.4182258058516,51.2075459466487,0.));
#8008=CARTESIAN_POINT('Ctrl Pts',(26.6319223613407,51.4941935793502,0.));
#8009=CARTESIAN_POINT('Ctrl Pts',(26.7355639287075,51.6332159883318,0.));
#8010=CARTESIAN_POINT('',(25.9442955800136,50.9442661649523,1.));
#8011=CARTESIAN_POINT('',(25.9442955800136,50.9442661649523,0.));
#8012=CARTESIAN_POINT('Ctrl Pts',(25.9442955800136,50.9442661649523,1.));
#8013=CARTESIAN_POINT('Ctrl Pts',(26.1054017937279,51.0337645899613,1.));
#8014=CARTESIAN_POINT('Ctrl Pts',(26.4182258058516,51.2075459466487,1.));
#8015=CARTESIAN_POINT('Ctrl Pts',(26.6319223613407,51.4941935793502,1.));
#8016=CARTESIAN_POINT('Ctrl Pts',(26.7355639287075,51.6332159883318,1.));
#8017=CARTESIAN_POINT('Ctrl Pts',(24.0684444256863,50.35763605898,0.));
#8018=CARTESIAN_POINT('Ctrl Pts',(24.0684444256863,50.35763605898,1.));
#8019=CARTESIAN_POINT('Ctrl Pts',(24.4528874828426,50.4539905534036,0.));
#8020=CARTESIAN_POINT('Ctrl Pts',(24.4528874828426,50.4539905534036,1.));
#8021=CARTESIAN_POINT('Ctrl Pts',(25.0897443147715,50.6136085174126,0.));
#8022=CARTESIAN_POINT('Ctrl Pts',(25.0897443147715,50.6136085174126,1.));
#8023=CARTESIAN_POINT('Ctrl Pts',(25.701736668282,50.850411106274,0.));
#8024=CARTESIAN_POINT('Ctrl Pts',(25.701736668282,50.850411106274,1.));
#8025=CARTESIAN_POINT('Ctrl Pts',(25.9442955800136,50.9442661649523,0.));
#8026=CARTESIAN_POINT('Ctrl Pts',(25.9442955800136,50.9442661649523,1.));
#8027=CARTESIAN_POINT('',(24.0684444256863,50.35763605898,0.));
#8028=CARTESIAN_POINT('Ctrl Pts',(24.0684444256863,50.35763605898,0.));
#8029=CARTESIAN_POINT('Ctrl Pts',(24.4528874828426,50.4539905534036,0.));
#8030=CARTESIAN_POINT('Ctrl Pts',(25.0897443147715,50.6136085174126,0.));
#8031=CARTESIAN_POINT('Ctrl Pts',(25.701736668282,50.850411106274,0.));
#8032=CARTESIAN_POINT('Ctrl Pts',(25.9442955800136,50.9442661649523,0.));
#8033=CARTESIAN_POINT('',(24.0684444256863,50.35763605898,1.));
#8034=CARTESIAN_POINT('',(24.0684444256863,50.35763605898,0.));
#8035=CARTESIAN_POINT('Ctrl Pts',(24.0684444256863,50.35763605898,1.));
#8036=CARTESIAN_POINT('Ctrl Pts',(24.4528874828426,50.4539905534036,1.));
#8037=CARTESIAN_POINT('Ctrl Pts',(25.0897443147715,50.6136085174126,1.));
#8038=CARTESIAN_POINT('Ctrl Pts',(25.701736668282,50.850411106274,1.));
#8039=CARTESIAN_POINT('Ctrl Pts',(25.9442955800136,50.9442661649523,1.));
#8040=CARTESIAN_POINT('Ctrl Pts',(22.8133279629787,49.9415378219424,0.));
#8041=CARTESIAN_POINT('Ctrl Pts',(22.8133279629787,49.9415378219424,1.));
#8042=CARTESIAN_POINT('Ctrl Pts',(22.9588032931804,50.0068669540438,0.));
#8043=CARTESIAN_POINT('Ctrl Pts',(22.9588032931804,50.0068669540438,1.));
#8044=CARTESIAN_POINT('Ctrl Pts',(23.3622664344134,50.1880516044936,0.));
#8045=CARTESIAN_POINT('Ctrl Pts',(23.3622664344134,50.1880516044936,1.));
#8046=CARTESIAN_POINT('Ctrl Pts',(23.7930115858916,50.2914924967883,0.));
#8047=CARTESIAN_POINT('Ctrl Pts',(23.7930115858916,50.2914924967883,1.));
#8048=CARTESIAN_POINT('Ctrl Pts',(24.0684444256863,50.35763605898,0.));
#8049=CARTESIAN_POINT('Ctrl Pts',(24.0684444256863,50.35763605898,1.));
#8050=CARTESIAN_POINT('',(22.8133279629787,49.9415378219424,0.));
#8051=CARTESIAN_POINT('Ctrl Pts',(22.8133279629787,49.9415378219424,0.));
#8052=CARTESIAN_POINT('Ctrl Pts',(22.9588032931804,50.0068669540438,0.));
#8053=CARTESIAN_POINT('Ctrl Pts',(23.3622664344134,50.1880516044936,0.));
#8054=CARTESIAN_POINT('Ctrl Pts',(23.7930115858916,50.2914924967883,0.));
#8055=CARTESIAN_POINT('Ctrl Pts',(24.0684444256863,50.35763605898,0.));
#8056=CARTESIAN_POINT('',(22.8133279629787,49.9415378219424,1.));
#8057=CARTESIAN_POINT('',(22.8133279629787,49.9415378219424,0.));
#8058=CARTESIAN_POINT('Ctrl Pts',(22.8133279629787,49.9415378219424,1.));
#8059=CARTESIAN_POINT('Ctrl Pts',(22.9588032931804,50.0068669540438,1.));
#8060=CARTESIAN_POINT('Ctrl Pts',(23.3622664344134,50.1880516044936,1.));
#8061=CARTESIAN_POINT('Ctrl Pts',(23.7930115858916,50.2914924967883,1.));
#8062=CARTESIAN_POINT('Ctrl Pts',(24.0684444256863,50.35763605898,1.));
#8063=CARTESIAN_POINT('Ctrl Pts',(22.4517995663723,49.2866943723498,0.));
#8064=CARTESIAN_POINT('Ctrl Pts',(22.4517995663723,49.2866943723498,1.));
#8065=CARTESIAN_POINT('Ctrl Pts',(22.4675824326228,49.4184732562539,0.));
#8066=CARTESIAN_POINT('Ctrl Pts',(22.4675824326228,49.4184732562539,1.));
#8067=CARTESIAN_POINT('Ctrl Pts',(22.4995358980119,49.6852683959343,0.));
#8068=CARTESIAN_POINT('Ctrl Pts',(22.4995358980119,49.6852683959343,1.));
#8069=CARTESIAN_POINT('Ctrl Pts',(22.7078878729684,49.8554264304767,0.));
#8070=CARTESIAN_POINT('Ctrl Pts',(22.7078878729684,49.8554264304767,1.));
#8071=CARTESIAN_POINT('Ctrl Pts',(22.8133279629787,49.9415378219424,0.));
#8072=CARTESIAN_POINT('Ctrl Pts',(22.8133279629787,49.9415378219424,1.));
#8073=CARTESIAN_POINT('',(22.4517995663723,49.2866943723498,0.));
#8074=CARTESIAN_POINT('Ctrl Pts',(22.4517995663723,49.2866943723498,0.));
#8075=CARTESIAN_POINT('Ctrl Pts',(22.4675824326228,49.4184732562539,0.));
#8076=CARTESIAN_POINT('Ctrl Pts',(22.4995358980119,49.6852683959343,0.));
#8077=CARTESIAN_POINT('Ctrl Pts',(22.7078878729684,49.8554264304767,0.));
#8078=CARTESIAN_POINT('Ctrl Pts',(22.8133279629787,49.9415378219424,0.));
#8079=CARTESIAN_POINT('',(22.4517995663723,49.2866943723498,1.));
#8080=CARTESIAN_POINT('',(22.4517995663723,49.2866943723498,0.));
#8081=CARTESIAN_POINT('Ctrl Pts',(22.4517995663723,49.2866943723498,1.));
#8082=CARTESIAN_POINT('Ctrl Pts',(22.4675824326228,49.4184732562539,1.));
#8083=CARTESIAN_POINT('Ctrl Pts',(22.4995358980119,49.6852683959343,1.));
#8084=CARTESIAN_POINT('Ctrl Pts',(22.7078878729684,49.8554264304767,1.));
#8085=CARTESIAN_POINT('Ctrl Pts',(22.8133279629787,49.9415378219424,1.));
#8086=CARTESIAN_POINT('Ctrl Pts',(22.8610760518154,48.4749625570117,0.));
#8087=CARTESIAN_POINT('Ctrl Pts',(22.8610760518154,48.4749625570117,1.));
#8088=CARTESIAN_POINT('Ctrl Pts',(22.7417673570794,48.5922271978096,0.));
#8089=CARTESIAN_POINT('Ctrl Pts',(22.7417673570794,48.5922271978096,1.));
#8090=CARTESIAN_POINT('Ctrl Pts',(22.5128042091374,48.8172676389844,0.));
#8091=CARTESIAN_POINT('Ctrl Pts',(22.5128042091374,48.8172676389844,1.));
#8092=CARTESIAN_POINT('Ctrl Pts',(22.4715546846023,49.134680030529,0.));
#8093=CARTESIAN_POINT('Ctrl Pts',(22.4715546846023,49.134680030529,1.));
#8094=CARTESIAN_POINT('Ctrl Pts',(22.4517995663723,49.2866943723498,0.));
#8095=CARTESIAN_POINT('Ctrl Pts',(22.4517995663723,49.2866943723498,1.));
#8096=CARTESIAN_POINT('',(22.8610760518154,48.4749625570117,0.));
#8097=CARTESIAN_POINT('Ctrl Pts',(22.8610760518154,48.4749625570117,0.));
#8098=CARTESIAN_POINT('Ctrl Pts',(22.7417673570794,48.5922271978096,0.));
#8099=CARTESIAN_POINT('Ctrl Pts',(22.5128042091374,48.8172676389844,0.));
#8100=CARTESIAN_POINT('Ctrl Pts',(22.4715546846023,49.134680030529,0.));
#8101=CARTESIAN_POINT('Ctrl Pts',(22.4517995663723,49.2866943723498,0.));
#8102=CARTESIAN_POINT('',(22.8610760518154,48.4749625570117,1.));
#8103=CARTESIAN_POINT('',(22.8610760518154,48.4749625570117,0.));
#8104=CARTESIAN_POINT('Ctrl Pts',(22.8610760518154,48.4749625570117,1.));
#8105=CARTESIAN_POINT('Ctrl Pts',(22.7417673570794,48.5922271978096,1.));
#8106=CARTESIAN_POINT('Ctrl Pts',(22.5128042091374,48.8172676389844,1.));
#8107=CARTESIAN_POINT('Ctrl Pts',(22.4715546846023,49.134680030529,1.));
#8108=CARTESIAN_POINT('Ctrl Pts',(22.4517995663723,49.2866943723498,1.));
#8109=CARTESIAN_POINT('Ctrl Pts',(24.1161925145229,48.1338976270495,0.));
#8110=CARTESIAN_POINT('Ctrl Pts',(24.1161925145229,48.1338976270495,1.));
#8111=CARTESIAN_POINT('Ctrl Pts',(23.8639167403625,48.1395704452557,0.));
#8112=CARTESIAN_POINT('Ctrl Pts',(23.8639167403625,48.1395704452557,1.));
#8113=CARTESIAN_POINT('Ctrl Pts',(23.4149916321366,48.1496652335313,0.));
#8114=CARTESIAN_POINT('Ctrl Pts',(23.4149916321366,48.1496652335313,1.));
#8115=CARTESIAN_POINT('Ctrl Pts',(23.0298050516996,48.375873284195,0.));
#8116=CARTESIAN_POINT('Ctrl Pts',(23.0298050516996,48.375873284195,1.));
#8117=CARTESIAN_POINT('Ctrl Pts',(22.8610760518154,48.4749625570117,0.));
#8118=CARTESIAN_POINT('Ctrl Pts',(22.8610760518154,48.4749625570117,1.));
#8119=CARTESIAN_POINT('',(24.1161925145229,48.1338976270495,0.));
#8120=CARTESIAN_POINT('Ctrl Pts',(24.1161925145229,48.1338976270495,0.));
#8121=CARTESIAN_POINT('Ctrl Pts',(23.8639167403625,48.1395704452557,0.));
#8122=CARTESIAN_POINT('Ctrl Pts',(23.4149916321366,48.1496652335313,0.));
#8123=CARTESIAN_POINT('Ctrl Pts',(23.0298050516996,48.375873284195,0.));
#8124=CARTESIAN_POINT('Ctrl Pts',(22.8610760518154,48.4749625570117,0.));
#8125=CARTESIAN_POINT('',(24.1161925145229,48.1338976270495,1.));
#8126=CARTESIAN_POINT('',(24.1161925145229,48.1338976270495,0.));
#8127=CARTESIAN_POINT('Ctrl Pts',(24.1161925145229,48.1338976270495,1.));
#8128=CARTESIAN_POINT('Ctrl Pts',(23.8639167403625,48.1395704452557,1.));
#8129=CARTESIAN_POINT('Ctrl Pts',(23.4149916321366,48.1496652335313,1.));
#8130=CARTESIAN_POINT('Ctrl Pts',(23.0298050516996,48.375873284195,1.));
#8131=CARTESIAN_POINT('Ctrl Pts',(22.8610760518154,48.4749625570117,1.));
#8132=CARTESIAN_POINT('Ctrl Pts',(25.4258782216152,48.5227106458483,0.));
#8133=CARTESIAN_POINT('Ctrl Pts',(25.4258782216152,48.5227106458483,1.));
#8134=CARTESIAN_POINT('Ctrl Pts',(25.243301596412,48.4095279346766,0.));
#8135=CARTESIAN_POINT('Ctrl Pts',(25.243301596412,48.4095279346766,1.));
#8136=CARTESIAN_POINT('Ctrl Pts',(24.8437527509027,48.161840030872,0.));
#8137=CARTESIAN_POINT('Ctrl Pts',(24.8437527509027,48.161840030872,1.));
#8138=CARTESIAN_POINT('Ctrl Pts',(24.3722427432122,48.143731395487,0.));
#8139=CARTESIAN_POINT('Ctrl Pts',(24.3722427432122,48.143731395487,1.));
#8140=CARTESIAN_POINT('Ctrl Pts',(24.1161925145229,48.1338976270495,0.));
#8141=CARTESIAN_POINT('Ctrl Pts',(24.1161925145229,48.1338976270495,1.));
#8142=CARTESIAN_POINT('',(25.4258782216152,48.5227106458483,0.));
#8143=CARTESIAN_POINT('Ctrl Pts',(25.4258782216152,48.5227106458483,0.));
#8144=CARTESIAN_POINT('Ctrl Pts',(25.243301596412,48.4095279346766,0.));
#8145=CARTESIAN_POINT('Ctrl Pts',(24.8437527509027,48.161840030872,0.));
#8146=CARTESIAN_POINT('Ctrl Pts',(24.3722427432122,48.143731395487,0.));
#8147=CARTESIAN_POINT('Ctrl Pts',(24.1161925145229,48.1338976270495,0.));
#8148=CARTESIAN_POINT('',(25.4258782216152,48.5227106458483,1.));
#8149=CARTESIAN_POINT('',(25.4258782216152,48.5227106458483,0.));
#8150=CARTESIAN_POINT('Ctrl Pts',(25.4258782216152,48.5227106458483,1.));
#8151=CARTESIAN_POINT('Ctrl Pts',(25.243301596412,48.4095279346766,1.));
#8152=CARTESIAN_POINT('Ctrl Pts',(24.8437527509027,48.161840030872,1.));
#8153=CARTESIAN_POINT('Ctrl Pts',(24.3722427432122,48.143731395487,1.));
#8154=CARTESIAN_POINT('Ctrl Pts',(24.1161925145229,48.1338976270495,1.));
#8155=CARTESIAN_POINT('Ctrl Pts',(25.9920460530361,49.6414016134081,0.));
#8156=CARTESIAN_POINT('Ctrl Pts',(25.9920460530361,49.6414016134081,1.));
#8157=CARTESIAN_POINT('Ctrl Pts',(25.9474605314161,49.4163300364055,0.));
#8158=CARTESIAN_POINT('Ctrl Pts',(25.9474605314161,49.4163300364055,1.));
#8159=CARTESIAN_POINT('Ctrl Pts',(25.8628810331177,48.9893653991775,0.));
#8160=CARTESIAN_POINT('Ctrl Pts',(25.8628810331177,48.9893653991775,1.));
#8161=CARTESIAN_POINT('Ctrl Pts',(25.5661767904307,48.6725288902618,0.));
#8162=CARTESIAN_POINT('Ctrl Pts',(25.5661767904307,48.6725288902618,1.));
#8163=CARTESIAN_POINT('Ctrl Pts',(25.4258782216152,48.5227106458483,0.));
#8164=CARTESIAN_POINT('Ctrl Pts',(25.4258782216152,48.5227106458483,1.));
#8165=CARTESIAN_POINT('',(25.9920460530361,49.6414016134081,0.));
#8166=CARTESIAN_POINT('Ctrl Pts',(25.9920460530361,49.6414016134081,0.));
#8167=CARTESIAN_POINT('Ctrl Pts',(25.9474605314161,49.4163300364055,0.));
#8168=CARTESIAN_POINT('Ctrl Pts',(25.8628810331177,48.9893653991775,0.));
#8169=CARTESIAN_POINT('Ctrl Pts',(25.5661767904307,48.6725288902618,0.));
#8170=CARTESIAN_POINT('Ctrl Pts',(25.4258782216152,48.5227106458483,0.));
#8171=CARTESIAN_POINT('',(25.9920460530361,49.6414016134081,1.));
#8172=CARTESIAN_POINT('',(25.9920460530361,49.6414016134081,0.));
#8173=CARTESIAN_POINT('Ctrl Pts',(25.9920460530361,49.6414016134081,1.));
#8174=CARTESIAN_POINT('Ctrl Pts',(25.9474605314161,49.4163300364055,1.));
#8175=CARTESIAN_POINT('Ctrl Pts',(25.8628810331177,48.9893653991775,1.));
#8176=CARTESIAN_POINT('Ctrl Pts',(25.5661767904307,48.6725288902618,1.));
#8177=CARTESIAN_POINT('Ctrl Pts',(25.4258782216152,48.5227106458483,1.));
#8178=CARTESIAN_POINT('Origin',(27.2062331982693,49.4504056817828,0.));
#8179=CARTESIAN_POINT('',(27.2062331982693,49.4504056817828,0.));
#8180=CARTESIAN_POINT('',(22.9575190196674,50.1187434466305,0.));
#8181=CARTESIAN_POINT('',(27.2062331982693,49.4504056817828,1.));
#8182=CARTESIAN_POINT('',(27.2062331982693,49.4504056817828,0.));
#8183=CARTESIAN_POINT('',(27.2062331982693,49.4504056817828,1.));
#8184=CARTESIAN_POINT('Ctrl Pts',(26.2648970433315,47.7109788305102,0.));
#8185=CARTESIAN_POINT('Ctrl Pts',(26.2648970433315,47.7109788305102,1.));
#8186=CARTESIAN_POINT('Ctrl Pts',(26.489953097685,47.9404608395199,0.));
#8187=CARTESIAN_POINT('Ctrl Pts',(26.489953097685,47.9404608395199,1.));
#8188=CARTESIAN_POINT('Ctrl Pts',(26.9686810822497,48.4286034935032,0.));
#8189=CARTESIAN_POINT('Ctrl Pts',(26.9686810822497,48.4286034935032,1.));
#8190=CARTESIAN_POINT('Ctrl Pts',(27.1239553298797,49.0964972116073,0.));
#8191=CARTESIAN_POINT('Ctrl Pts',(27.1239553298797,49.0964972116073,1.));
#8192=CARTESIAN_POINT('Ctrl Pts',(27.2062331982693,49.4504056817828,0.));
#8193=CARTESIAN_POINT('Ctrl Pts',(27.2062331982693,49.4504056817828,1.));
#8194=CARTESIAN_POINT('Ctrl Pts',(26.2648970433315,47.7109788305102,0.));
#8195=CARTESIAN_POINT('Ctrl Pts',(26.489953097685,47.9404608395199,0.));
#8196=CARTESIAN_POINT('Ctrl Pts',(26.9686810822497,48.4286034935032,0.));
#8197=CARTESIAN_POINT('Ctrl Pts',(27.1239553298797,49.0964972116073,0.));
#8198=CARTESIAN_POINT('Ctrl Pts',(27.2062331982693,49.4504056817828,0.));
#8199=CARTESIAN_POINT('Ctrl Pts',(26.2648970433315,47.7109788305102,1.));
#8200=CARTESIAN_POINT('Ctrl Pts',(26.489953097685,47.9404608395199,1.));
#8201=CARTESIAN_POINT('Ctrl Pts',(26.9686810822497,48.4286034935032,1.));
#8202=CARTESIAN_POINT('Ctrl Pts',(27.1239553298797,49.0964972116073,1.));
#8203=CARTESIAN_POINT('Ctrl Pts',(27.2062331982693,49.4504056817828,1.));
#8204=CARTESIAN_POINT('Origin',(32.833790274783,36.599108422452,1.));
#8205=CARTESIAN_POINT('Ctrl Pts',(35.5077332802853,33.6386726743517,0.));
#8206=CARTESIAN_POINT('Ctrl Pts',(35.5077332802853,33.6386726743517,1.));
#8207=CARTESIAN_POINT('Ctrl Pts',(35.4503312377097,33.808937732559,0.));
#8208=CARTESIAN_POINT('Ctrl Pts',(35.4503312377097,33.808937732559,1.));
#8209=CARTESIAN_POINT('Ctrl Pts',(35.3164001198799,34.2062021599191,0.));
#8210=CARTESIAN_POINT('Ctrl Pts',(35.3164001198799,34.2062021599191,1.));
#8211=CARTESIAN_POINT('Ctrl Pts',(35.3122739260033,34.6264005414176,0.));
#8212=CARTESIAN_POINT('Ctrl Pts',(35.3122739260033,34.6264005414176,1.));
#8213=CARTESIAN_POINT('Ctrl Pts',(35.3099161931118,34.8665045148669,0.));
#8214=CARTESIAN_POINT('Ctrl Pts',(35.3099161931118,34.8665045148669,1.));
#8215=CARTESIAN_POINT('',(35.5077332802853,33.6386726743517,0.));
#8216=CARTESIAN_POINT('',(35.3099161931118,34.8665045148669,0.));
#8217=CARTESIAN_POINT('Ctrl Pts',(35.5077332802853,33.6386726743517,0.));
#8218=CARTESIAN_POINT('Ctrl Pts',(35.4503312377097,33.808937732559,0.));
#8219=CARTESIAN_POINT('Ctrl Pts',(35.3164001198799,34.2062021599191,0.));
#8220=CARTESIAN_POINT('Ctrl Pts',(35.3122739260033,34.6264005414176,0.));
#8221=CARTESIAN_POINT('Ctrl Pts',(35.3099161931118,34.8665045148669,0.));
#8222=CARTESIAN_POINT('',(35.5077332802853,33.6386726743517,1.));
#8223=CARTESIAN_POINT('',(35.5077332802853,33.6386726743517,0.));
#8224=CARTESIAN_POINT('',(35.3099161931118,34.8665045148669,1.));
#8225=CARTESIAN_POINT('Ctrl Pts',(35.5077332802853,33.6386726743517,1.));
#8226=CARTESIAN_POINT('Ctrl Pts',(35.4503312377097,33.808937732559,1.));
#8227=CARTESIAN_POINT('Ctrl Pts',(35.3164001198799,34.2062021599191,1.));
#8228=CARTESIAN_POINT('Ctrl Pts',(35.3122739260033,34.6264005414176,1.));
#8229=CARTESIAN_POINT('Ctrl Pts',(35.3099161931118,34.8665045148669,1.));
#8230=CARTESIAN_POINT('',(35.3099161931118,34.8665045148669,0.));
#8231=CARTESIAN_POINT('Ctrl Pts',(36.3194650956234,32.786013925725,0.));
#8232=CARTESIAN_POINT('Ctrl Pts',(36.3194650956234,32.786013925725,1.));
#8233=CARTESIAN_POINT('Ctrl Pts',(36.148244485463,32.8984829897303,0.));
#8234=CARTESIAN_POINT('Ctrl Pts',(36.148244485463,32.8984829897303,1.));
#8235=CARTESIAN_POINT('Ctrl Pts',(35.811280753281,33.1198231398836,0.));
#8236=CARTESIAN_POINT('Ctrl Pts',(35.811280753281,33.1198231398836,1.));
#8237=CARTESIAN_POINT('Ctrl Pts',(35.6078132880182,33.4676072890619,0.));
#8238=CARTESIAN_POINT('Ctrl Pts',(35.6078132880182,33.4676072890619,1.));
#8239=CARTESIAN_POINT('Ctrl Pts',(35.5077332802853,33.6386726743517,0.));
#8240=CARTESIAN_POINT('Ctrl Pts',(35.5077332802853,33.6386726743517,1.));
#8241=CARTESIAN_POINT('',(36.3194650956234,32.786013925725,0.));
#8242=CARTESIAN_POINT('Ctrl Pts',(36.3194650956234,32.786013925725,0.));
#8243=CARTESIAN_POINT('Ctrl Pts',(36.148244485463,32.8984829897303,0.));
#8244=CARTESIAN_POINT('Ctrl Pts',(35.811280753281,33.1198231398836,0.));
#8245=CARTESIAN_POINT('Ctrl Pts',(35.6078132880182,33.4676072890619,0.));
#8246=CARTESIAN_POINT('Ctrl Pts',(35.5077332802853,33.6386726743517,0.));
#8247=CARTESIAN_POINT('',(36.3194650956234,32.786013925725,1.));
#8248=CARTESIAN_POINT('',(36.3194650956234,32.786013925725,0.));
#8249=CARTESIAN_POINT('Ctrl Pts',(36.3194650956234,32.786013925725,1.));
#8250=CARTESIAN_POINT('Ctrl Pts',(36.148244485463,32.8984829897303,1.));
#8251=CARTESIAN_POINT('Ctrl Pts',(35.811280753281,33.1198231398836,1.));
#8252=CARTESIAN_POINT('Ctrl Pts',(35.6078132880182,33.4676072890619,1.));
#8253=CARTESIAN_POINT('Ctrl Pts',(35.5077332802853,33.6386726743517,1.));
#8254=CARTESIAN_POINT('Ctrl Pts',(37.581402713879,32.4790547735033,0.));
#8255=CARTESIAN_POINT('Ctrl Pts',(37.581402713879,32.4790547735033,1.));
#8256=CARTESIAN_POINT('Ctrl Pts',(37.3544407831756,32.4902245490066,0.));
#8257=CARTESIAN_POINT('Ctrl Pts',(37.3544407831756,32.4902245490066,1.));
#8258=CARTESIAN_POINT('Ctrl Pts',(36.9138464059931,32.511908098604,0.));
#8259=CARTESIAN_POINT('Ctrl Pts',(36.9138464059931,32.511908098604,1.));
#8260=CARTESIAN_POINT('Ctrl Pts',(36.51355547664,32.6965068980029,0.));
#8261=CARTESIAN_POINT('Ctrl Pts',(36.51355547664,32.6965068980029,1.));
#8262=CARTESIAN_POINT('Ctrl Pts',(36.3194650956234,32.786013925725,0.));
#8263=CARTESIAN_POINT('Ctrl Pts',(36.3194650956234,32.786013925725,1.));
#8264=CARTESIAN_POINT('',(37.581402713879,32.4790547735033,0.));
#8265=CARTESIAN_POINT('Ctrl Pts',(37.581402713879,32.4790547735033,0.));
#8266=CARTESIAN_POINT('Ctrl Pts',(37.3544407831756,32.4902245490066,0.));
#8267=CARTESIAN_POINT('Ctrl Pts',(36.9138464059931,32.511908098604,0.));
#8268=CARTESIAN_POINT('Ctrl Pts',(36.51355547664,32.6965068980029,0.));
#8269=CARTESIAN_POINT('Ctrl Pts',(36.3194650956234,32.786013925725,0.));
#8270=CARTESIAN_POINT('',(37.581402713879,32.4790547735033,1.));
#8271=CARTESIAN_POINT('',(37.581402713879,32.4790547735033,0.));
#8272=CARTESIAN_POINT('Ctrl Pts',(37.581402713879,32.4790547735033,1.));
#8273=CARTESIAN_POINT('Ctrl Pts',(37.3544407831756,32.4902245490066,1.));
#8274=CARTESIAN_POINT('Ctrl Pts',(36.9138464059931,32.511908098604,1.));
#8275=CARTESIAN_POINT('Ctrl Pts',(36.51355547664,32.6965068980029,1.));
#8276=CARTESIAN_POINT('Ctrl Pts',(36.3194650956234,32.786013925725,1.));
#8277=CARTESIAN_POINT('Ctrl Pts',(38.6728078671535,32.8064773923693,0.));
#8278=CARTESIAN_POINT('Ctrl Pts',(38.6728078671535,32.8064773923693,1.));
#8279=CARTESIAN_POINT('Ctrl Pts',(38.523613993264,32.7112207151191,0.));
#8280=CARTESIAN_POINT('Ctrl Pts',(38.523613993264,32.7112207151191,1.));
#8281=CARTESIAN_POINT('Ctrl Pts',(38.1925109621097,32.499819444055,0.));
#8282=CARTESIAN_POINT('Ctrl Pts',(38.1925109621097,32.499819444055,1.));
#8283=CARTESIAN_POINT('Ctrl Pts',(37.7980957846144,32.4864177247279,0.));
#8284=CARTESIAN_POINT('Ctrl Pts',(37.7980957846144,32.4864177247279,1.));
#8285=CARTESIAN_POINT('Ctrl Pts',(37.581402713879,32.4790547735033,0.));
#8286=CARTESIAN_POINT('Ctrl Pts',(37.581402713879,32.4790547735033,1.));
#8287=CARTESIAN_POINT('',(38.6728078671535,32.8064773923693,0.));
#8288=CARTESIAN_POINT('Ctrl Pts',(38.6728078671535,32.8064773923693,0.));
#8289=CARTESIAN_POINT('Ctrl Pts',(38.523613993264,32.7112207151191,0.));
#8290=CARTESIAN_POINT('Ctrl Pts',(38.1925109621097,32.499819444055,0.));
#8291=CARTESIAN_POINT('Ctrl Pts',(37.7980957846144,32.4864177247279,0.));
#8292=CARTESIAN_POINT('Ctrl Pts',(37.581402713879,32.4790547735033,0.));
#8293=CARTESIAN_POINT('',(38.6728078671535,32.8064773923693,1.));
#8294=CARTESIAN_POINT('',(38.6728078671535,32.8064773923693,0.));
#8295=CARTESIAN_POINT('Ctrl Pts',(38.6728078671535,32.8064773923693,1.));
#8296=CARTESIAN_POINT('Ctrl Pts',(38.523613993264,32.7112207151191,1.));
#8297=CARTESIAN_POINT('Ctrl Pts',(38.1925109621097,32.499819444055,1.));
#8298=CARTESIAN_POINT('Ctrl Pts',(37.7980957846144,32.4864177247279,1.));
#8299=CARTESIAN_POINT('Ctrl Pts',(37.581402713879,32.4790547735033,1.));
#8300=CARTESIAN_POINT('Ctrl Pts',(39.0411574193081,33.6250303632555,0.));
#8301=CARTESIAN_POINT('Ctrl Pts',(39.0411574193081,33.6250303632555,1.));
#8302=CARTESIAN_POINT('Ctrl Pts',(39.0257487701938,33.4680865135383,0.));
#8303=CARTESIAN_POINT('Ctrl Pts',(39.0257487701938,33.4680865135383,1.));
#8304=CARTESIAN_POINT('Ctrl Pts',(38.9949010507671,33.1538889608578,0.));
#8305=CARTESIAN_POINT('Ctrl Pts',(38.9949010507671,33.1538889608578,1.));
#8306=CARTESIAN_POINT('Ctrl Pts',(38.780242825097,32.922357358629,0.));
#8307=CARTESIAN_POINT('Ctrl Pts',(38.780242825097,32.922357358629,1.));
#8308=CARTESIAN_POINT('Ctrl Pts',(38.6728078671535,32.8064773923693,0.));
#8309=CARTESIAN_POINT('Ctrl Pts',(38.6728078671535,32.8064773923693,1.));
#8310=CARTESIAN_POINT('',(39.0411574193081,33.6250303632555,0.));
#8311=CARTESIAN_POINT('Ctrl Pts',(39.0411574193081,33.6250303632555,0.));
#8312=CARTESIAN_POINT('Ctrl Pts',(39.0257487701938,33.4680865135383,0.));
#8313=CARTESIAN_POINT('Ctrl Pts',(38.9949010507671,33.1538889608578,0.));
#8314=CARTESIAN_POINT('Ctrl Pts',(38.780242825097,32.922357358629,0.));
#8315=CARTESIAN_POINT('Ctrl Pts',(38.6728078671535,32.8064773923693,0.));
#8316=CARTESIAN_POINT('',(39.0411574193081,33.6250303632555,1.));
#8317=CARTESIAN_POINT('',(39.0411574193081,33.6250303632555,0.));
#8318=CARTESIAN_POINT('Ctrl Pts',(39.0411574193081,33.6250303632555,1.));
#8319=CARTESIAN_POINT('Ctrl Pts',(39.0257487701938,33.4680865135383,1.));
#8320=CARTESIAN_POINT('Ctrl Pts',(38.9949010507671,33.1538889608578,1.));
#8321=CARTESIAN_POINT('Ctrl Pts',(38.780242825097,32.922357358629,1.));
#8322=CARTESIAN_POINT('Ctrl Pts',(38.6728078671535,32.8064773923693,1.));
#8323=CARTESIAN_POINT('Ctrl Pts',(38.870624954327,34.2048405057726,0.));
#8324=CARTESIAN_POINT('Ctrl Pts',(38.870624954327,34.2048405057726,1.));
#8325=CARTESIAN_POINT('Ctrl Pts',(38.9203620743087,34.1154207303143,0.));
#8326=CARTESIAN_POINT('Ctrl Pts',(38.9203620743087,34.1154207303143,1.));
#8327=CARTESIAN_POINT('Ctrl Pts',(39.0207113334483,33.9350080280313,0.));
#8328=CARTESIAN_POINT('Ctrl Pts',(39.0207113334483,33.9350080280313,1.));
#8329=CARTESIAN_POINT('Ctrl Pts',(39.0343025533991,33.7289551604712,0.));
#8330=CARTESIAN_POINT('Ctrl Pts',(39.0343025533991,33.7289551604712,1.));
#8331=CARTESIAN_POINT('Ctrl Pts',(39.0411574193081,33.6250303632555,0.));
#8332=CARTESIAN_POINT('Ctrl Pts',(39.0411574193081,33.6250303632555,1.));
#8333=CARTESIAN_POINT('',(38.870624954327,34.2048405057726,0.));
#8334=CARTESIAN_POINT('Ctrl Pts',(38.870624954327,34.2048405057726,0.));
#8335=CARTESIAN_POINT('Ctrl Pts',(38.9203620743087,34.1154207303143,0.));
#8336=CARTESIAN_POINT('Ctrl Pts',(39.0207113334483,33.9350080280313,0.));
#8337=CARTESIAN_POINT('Ctrl Pts',(39.0343025533991,33.7289551604712,0.));
#8338=CARTESIAN_POINT('Ctrl Pts',(39.0411574193081,33.6250303632555,0.));
#8339=CARTESIAN_POINT('',(38.870624954327,34.2048405057726,1.));
#8340=CARTESIAN_POINT('',(38.870624954327,34.2048405057726,0.));
#8341=CARTESIAN_POINT('Ctrl Pts',(38.870624954327,34.2048405057726,1.));
#8342=CARTESIAN_POINT('Ctrl Pts',(38.9203620743087,34.1154207303143,1.));
#8343=CARTESIAN_POINT('Ctrl Pts',(39.0207113334483,33.9350080280313,1.));
#8344=CARTESIAN_POINT('Ctrl Pts',(39.0343025533991,33.7289551604712,1.));
#8345=CARTESIAN_POINT('Ctrl Pts',(39.0411574193081,33.6250303632555,1.));
#8346=CARTESIAN_POINT('Ctrl Pts',(38.3863145657619,34.6072958356677,0.));
#8347=CARTESIAN_POINT('Ctrl Pts',(38.3863145657619,34.6072958356677,1.));
#8348=CARTESIAN_POINT('Ctrl Pts',(38.4843043305364,34.5573971905336,0.));
#8349=CARTESIAN_POINT('Ctrl Pts',(38.4843043305364,34.5573971905336,1.));
#8350=CARTESIAN_POINT('Ctrl Pts',(38.6762115295948,34.4596736247456,0.));
#8351=CARTESIAN_POINT('Ctrl Pts',(38.6762115295948,34.4596736247456,1.));
#8352=CARTESIAN_POINT('Ctrl Pts',(38.8067437911547,34.288574620725,0.));
#8353=CARTESIAN_POINT('Ctrl Pts',(38.8067437911547,34.288574620725,1.));
#8354=CARTESIAN_POINT('Ctrl Pts',(38.870624954327,34.2048405057726,0.));
#8355=CARTESIAN_POINT('Ctrl Pts',(38.870624954327,34.2048405057726,1.));
#8356=CARTESIAN_POINT('',(38.3863145657619,34.6072958356677,0.));
#8357=CARTESIAN_POINT('Ctrl Pts',(38.3863145657619,34.6072958356677,0.));
#8358=CARTESIAN_POINT('Ctrl Pts',(38.4843043305364,34.5573971905336,0.));
#8359=CARTESIAN_POINT('Ctrl Pts',(38.6762115295948,34.4596736247456,0.));
#8360=CARTESIAN_POINT('Ctrl Pts',(38.8067437911547,34.288574620725,0.));
#8361=CARTESIAN_POINT('Ctrl Pts',(38.870624954327,34.2048405057726,0.));
#8362=CARTESIAN_POINT('',(38.3863145657619,34.6072958356677,1.));
#8363=CARTESIAN_POINT('',(38.3863145657619,34.6072958356677,0.));
#8364=CARTESIAN_POINT('Ctrl Pts',(38.3863145657619,34.6072958356677,1.));
#8365=CARTESIAN_POINT('Ctrl Pts',(38.4843043305364,34.5573971905336,1.));
#8366=CARTESIAN_POINT('Ctrl Pts',(38.6762115295948,34.4596736247456,1.));
#8367=CARTESIAN_POINT('Ctrl Pts',(38.8067437911547,34.288574620725,1.));
#8368=CARTESIAN_POINT('Ctrl Pts',(38.870624954327,34.2048405057726,1.));
#8369=CARTESIAN_POINT('Ctrl Pts',(37.3153728791317,34.8528622037707,0.));
#8370=CARTESIAN_POINT('Ctrl Pts',(37.3153728791317,34.8528622037707,1.));
#8371=CARTESIAN_POINT('Ctrl Pts',(37.5326297696215,34.8217382421328,0.));
#8372=CARTESIAN_POINT('Ctrl Pts',(37.5326297696215,34.8217382421328,1.));
#8373=CARTESIAN_POINT('Ctrl Pts',(37.8967775672483,34.7695708652626,0.));
#8374=CARTESIAN_POINT('Ctrl Pts',(37.8967775672483,34.7695708652626,1.));
#8375=CARTESIAN_POINT('Ctrl Pts',(38.2456040224734,34.653939516627,0.));
#8376=CARTESIAN_POINT('Ctrl Pts',(38.2456040224734,34.653939516627,1.));
#8377=CARTESIAN_POINT('Ctrl Pts',(38.3863145657619,34.6072958356677,0.));
#8378=CARTESIAN_POINT('Ctrl Pts',(38.3863145657619,34.6072958356677,1.));
#8379=CARTESIAN_POINT('',(37.3153728791317,34.8528622037707,0.));
#8380=CARTESIAN_POINT('Ctrl Pts',(37.3153728791317,34.8528622037707,0.));
#8381=CARTESIAN_POINT('Ctrl Pts',(37.5326297696215,34.8217382421328,0.));
#8382=CARTESIAN_POINT('Ctrl Pts',(37.8967775672483,34.7695708652626,0.));
#8383=CARTESIAN_POINT('Ctrl Pts',(38.2456040224734,34.653939516627,0.));
#8384=CARTESIAN_POINT('Ctrl Pts',(38.3863145657619,34.6072958356677,0.));
#8385=CARTESIAN_POINT('',(37.3153728791317,34.8528622037707,1.));
#8386=CARTESIAN_POINT('',(37.3153728791317,34.8528622037707,0.));
#8387=CARTESIAN_POINT('Ctrl Pts',(37.3153728791317,34.8528622037707,1.));
#8388=CARTESIAN_POINT('Ctrl Pts',(37.5326297696215,34.8217382421328,1.));
#8389=CARTESIAN_POINT('Ctrl Pts',(37.8967775672483,34.7695708652626,1.));
#8390=CARTESIAN_POINT('Ctrl Pts',(38.2456040224734,34.653939516627,1.));
#8391=CARTESIAN_POINT('Ctrl Pts',(38.3863145657619,34.6072958356677,1.));
#8392=CARTESIAN_POINT('Ctrl Pts',(35.3099161931118,35.3167079335986,0.));
#8393=CARTESIAN_POINT('Ctrl Pts',(35.3099161931118,35.3167079335986,1.));
#8394=CARTESIAN_POINT('Ctrl Pts',(35.5868032109342,35.2257253858415,0.));
#8395=CARTESIAN_POINT('Ctrl Pts',(35.5868032109342,35.2257253858415,1.));
#8396=CARTESIAN_POINT('Ctrl Pts',(36.2407880806218,35.0108319245782,0.));
#8397=CARTESIAN_POINT('Ctrl Pts',(36.2407880806218,35.0108319245782,1.));
#8398=CARTESIAN_POINT('Ctrl Pts',(36.9223650140063,34.9106364648761,0.));
#8399=CARTESIAN_POINT('Ctrl Pts',(36.9223650140063,34.9106364648761,1.));
#8400=CARTESIAN_POINT('Ctrl Pts',(37.3153728791317,34.8528622037707,0.));
#8401=CARTESIAN_POINT('Ctrl Pts',(37.3153728791317,34.8528622037707,1.));
#8402=CARTESIAN_POINT('',(35.3099161931118,35.3167079335986,0.));
#8403=CARTESIAN_POINT('Ctrl Pts',(35.3099161931118,35.3167079335986,0.));
#8404=CARTESIAN_POINT('Ctrl Pts',(35.5868032109342,35.2257253858415,0.));
#8405=CARTESIAN_POINT('Ctrl Pts',(36.2407880806218,35.0108319245782,0.));
#8406=CARTESIAN_POINT('Ctrl Pts',(36.9223650140063,34.9106364648761,0.));
#8407=CARTESIAN_POINT('Ctrl Pts',(37.3153728791317,34.8528622037707,0.));
#8408=CARTESIAN_POINT('',(35.3099161931118,35.3167079335986,1.));
#8409=CARTESIAN_POINT('',(35.3099161931118,35.3167079335986,0.));
#8410=CARTESIAN_POINT('Ctrl Pts',(35.3099161931118,35.3167079335986,1.));
#8411=CARTESIAN_POINT('Ctrl Pts',(35.5868032109342,35.2257253858415,1.));
#8412=CARTESIAN_POINT('Ctrl Pts',(36.2407880806218,35.0108319245782,1.));
#8413=CARTESIAN_POINT('Ctrl Pts',(36.9223650140063,34.9106364648761,1.));
#8414=CARTESIAN_POINT('Ctrl Pts',(37.3153728791317,34.8528622037707,1.));
#8415=CARTESIAN_POINT('Origin',(35.3099161931118,34.8665045148669,0.));
#8416=CARTESIAN_POINT('',(35.3099161931118,35.880862281632,0.));
#8417=CARTESIAN_POINT('',(35.3099161931118,34.8665045148669,1.));
#8418=CARTESIAN_POINT('Origin',(33.6796290227016,31.6809652692614,0.));
#8419=CARTESIAN_POINT('',(33.6796290227016,31.6809652692614,0.));
#8420=CARTESIAN_POINT('',(34.9620301076015,31.6809652692614,0.));
#8421=CARTESIAN_POINT('',(25.1015974887979,31.6809652692614,0.));
#8422=CARTESIAN_POINT('',(33.6796290227016,31.6809652692614,1.));
#8423=CARTESIAN_POINT('',(33.6796290227016,31.6809652692614,0.));
#8424=CARTESIAN_POINT('',(34.9620301076015,31.6809652692614,1.));
#8425=CARTESIAN_POINT('',(33.6796290227016,31.6809652692614,1.));
#8426=CARTESIAN_POINT('',(34.9620301076015,31.6809652692614,0.));
#8427=CARTESIAN_POINT('Ctrl Pts',(33.9934081383785,32.5472687131701,0.));
#8428=CARTESIAN_POINT('Ctrl Pts',(33.9934081383785,32.5472687131701,1.));
#8429=CARTESIAN_POINT('Ctrl Pts',(33.9594803429645,32.3979240662369,0.));
#8430=CARTESIAN_POINT('Ctrl Pts',(33.9594803429645,32.3979240662369,1.));
#8431=CARTESIAN_POINT('Ctrl Pts',(33.8909214942355,32.0961391452708,0.));
#8432=CARTESIAN_POINT('Ctrl Pts',(33.8909214942355,32.0961391452708,1.));
#8433=CARTESIAN_POINT('Ctrl Pts',(33.7505398453868,31.8202997230235,0.));
#8434=CARTESIAN_POINT('Ctrl Pts',(33.7505398453868,31.8202997230235,1.));
#8435=CARTESIAN_POINT('Ctrl Pts',(33.6796290227016,31.6809652692614,0.));
#8436=CARTESIAN_POINT('Ctrl Pts',(33.6796290227016,31.6809652692614,1.));
#8437=CARTESIAN_POINT('',(33.9934081383785,32.5472687131701,0.));
#8438=CARTESIAN_POINT('Ctrl Pts',(33.9934081383785,32.5472687131701,0.));
#8439=CARTESIAN_POINT('Ctrl Pts',(33.9594803429645,32.3979240662369,0.));
#8440=CARTESIAN_POINT('Ctrl Pts',(33.8909214942355,32.0961391452708,0.));
#8441=CARTESIAN_POINT('Ctrl Pts',(33.7505398453868,31.8202997230235,0.));
#8442=CARTESIAN_POINT('Ctrl Pts',(33.6796290227016,31.6809652692614,0.));
#8443=CARTESIAN_POINT('',(33.9934081383785,32.5472687131701,1.));
#8444=CARTESIAN_POINT('',(33.9934081383785,32.5472687131701,0.));
#8445=CARTESIAN_POINT('Ctrl Pts',(33.9934081383785,32.5472687131701,1.));
#8446=CARTESIAN_POINT('Ctrl Pts',(33.9594803429645,32.3979240662369,1.));
#8447=CARTESIAN_POINT('Ctrl Pts',(33.8909214942355,32.0961391452708,1.));
#8448=CARTESIAN_POINT('Ctrl Pts',(33.7505398453868,31.8202997230235,1.));
#8449=CARTESIAN_POINT('Ctrl Pts',(33.6796290227016,31.6809652692614,1.));
#8450=CARTESIAN_POINT('Ctrl Pts',(34.0684420415005,34.716436708623,0.));
#8451=CARTESIAN_POINT('Ctrl Pts',(34.0684420415005,34.716436708623,1.));
#8452=CARTESIAN_POINT('Ctrl Pts',(34.0711063616395,34.2499306841309,0.));
#8453=CARTESIAN_POINT('Ctrl Pts',(34.0711063616395,34.2499306841309,1.));
#8454=CARTESIAN_POINT('Ctrl Pts',(34.075243083095,33.5256162699525,0.));
#8455=CARTESIAN_POINT('Ctrl Pts',(34.075243083095,33.5256162699525,1.));
#8456=CARTESIAN_POINT('Ctrl Pts',(34.0148899074958,32.8040860960626,0.));
#8457=CARTESIAN_POINT('Ctrl Pts',(34.0148899074958,32.8040860960626,1.));
#8458=CARTESIAN_POINT('Ctrl Pts',(33.9934081383785,32.5472687131701,0.));
#8459=CARTESIAN_POINT('Ctrl Pts',(33.9934081383785,32.5472687131701,1.));
#8460=CARTESIAN_POINT('',(34.0684420415005,34.716436708623,0.));
#8461=CARTESIAN_POINT('Ctrl Pts',(34.0684420415005,34.716436708623,0.));
#8462=CARTESIAN_POINT('Ctrl Pts',(34.0711063616395,34.2499306841309,0.));
#8463=CARTESIAN_POINT('Ctrl Pts',(34.075243083095,33.5256162699525,0.));
#8464=CARTESIAN_POINT('Ctrl Pts',(34.0148899074958,32.8040860960626,0.));
#8465=CARTESIAN_POINT('Ctrl Pts',(33.9934081383785,32.5472687131701,0.));
#8466=CARTESIAN_POINT('',(34.0684420415005,34.716436708623,1.));
#8467=CARTESIAN_POINT('',(34.0684420415005,34.716436708623,0.));
#8468=CARTESIAN_POINT('Ctrl Pts',(34.0684420415005,34.716436708623,1.));
#8469=CARTESIAN_POINT('Ctrl Pts',(34.0711063616395,34.2499306841309,1.));
#8470=CARTESIAN_POINT('Ctrl Pts',(34.075243083095,33.5256162699525,1.));
#8471=CARTESIAN_POINT('Ctrl Pts',(34.0148899074958,32.8040860960626,1.));
#8472=CARTESIAN_POINT('Ctrl Pts',(33.9934081383785,32.5472687131701,1.));
#8473=CARTESIAN_POINT('Origin',(34.0684420415005,36.3535450345812,0.));
#8474=CARTESIAN_POINT('',(34.0684420415005,36.3535450345812,0.));
#8475=CARTESIAN_POINT('',(34.0684420415005,36.6243825414892,0.));
#8476=CARTESIAN_POINT('',(34.0684420415005,36.3535450345812,1.));
#8477=CARTESIAN_POINT('',(34.0684420415005,36.3535450345812,0.));
#8478=CARTESIAN_POINT('',(34.0684420415005,36.3535450345812,1.));
#8479=CARTESIAN_POINT('Ctrl Pts',(34.1298336335262,37.4858759290514,0.));
#8480=CARTESIAN_POINT('Ctrl Pts',(34.1298336335262,37.4858759290514,1.));
#8481=CARTESIAN_POINT('Ctrl Pts',(34.1121310216003,37.3393673436627,0.));
#8482=CARTESIAN_POINT('Ctrl Pts',(34.1121310216003,37.3393673436627,1.));
#8483=CARTESIAN_POINT('Ctrl Pts',(34.0667154120411,36.9635032203966,0.));
#8484=CARTESIAN_POINT('Ctrl Pts',(34.0667154120411,36.9635032203966,1.));
#8485=CARTESIAN_POINT('Ctrl Pts',(34.0677877137352,36.584696295474,0.));
#8486=CARTESIAN_POINT('Ctrl Pts',(34.0677877137352,36.584696295474,1.));
#8487=CARTESIAN_POINT('Ctrl Pts',(34.0684420415005,36.3535450345812,0.));
#8488=CARTESIAN_POINT('Ctrl Pts',(34.0684420415005,36.3535450345812,1.));
#8489=CARTESIAN_POINT('',(34.1298336335262,37.4858759290514,0.));
#8490=CARTESIAN_POINT('Ctrl Pts',(34.1298336335262,37.4858759290514,0.));
#8491=CARTESIAN_POINT('Ctrl Pts',(34.1121310216003,37.3393673436627,0.));
#8492=CARTESIAN_POINT('Ctrl Pts',(34.0667154120411,36.9635032203966,0.));
#8493=CARTESIAN_POINT('Ctrl Pts',(34.0677877137352,36.584696295474,0.));
#8494=CARTESIAN_POINT('Ctrl Pts',(34.0684420415005,36.3535450345812,0.));
#8495=CARTESIAN_POINT('',(34.1298336335262,37.4858759290514,1.));
#8496=CARTESIAN_POINT('',(34.1298336335262,37.4858759290514,0.));
#8497=CARTESIAN_POINT('Ctrl Pts',(34.1298336335262,37.4858759290514,1.));
#8498=CARTESIAN_POINT('Ctrl Pts',(34.1121310216003,37.3393673436627,1.));
#8499=CARTESIAN_POINT('Ctrl Pts',(34.0667154120411,36.9635032203966,1.));
#8500=CARTESIAN_POINT('Ctrl Pts',(34.0677877137352,36.584696295474,1.));
#8501=CARTESIAN_POINT('Ctrl Pts',(34.0684420415005,36.3535450345812,1.));
#8502=CARTESIAN_POINT('Ctrl Pts',(34.511825496777,38.3180735952197,0.));
#8503=CARTESIAN_POINT('Ctrl Pts',(34.511825496777,38.3180735952197,1.));
#8504=CARTESIAN_POINT('Ctrl Pts',(34.426905962852,38.19770408449,0.));
#8505=CARTESIAN_POINT('Ctrl Pts',(34.426905962852,38.19770408449,1.));
#8506=CARTESIAN_POINT('Ctrl Pts',(34.248131265776,37.9442992219893,0.));
#8507=CARTESIAN_POINT('Ctrl Pts',(34.248131265776,37.9442992219893,1.));
#8508=CARTESIAN_POINT('Ctrl Pts',(34.1705586060804,37.6436920718433,0.));
#8509=CARTESIAN_POINT('Ctrl Pts',(34.1705586060804,37.6436920718433,1.));
#8510=CARTESIAN_POINT('Ctrl Pts',(34.1298336335262,37.4858759290514,0.));
#8511=CARTESIAN_POINT('Ctrl Pts',(34.1298336335262,37.4858759290514,1.));
#8512=CARTESIAN_POINT('',(34.511825496777,38.3180735952197,0.));
#8513=CARTESIAN_POINT('Ctrl Pts',(34.511825496777,38.3180735952197,0.));
#8514=CARTESIAN_POINT('Ctrl Pts',(34.426905962852,38.19770408449,0.));
#8515=CARTESIAN_POINT('Ctrl Pts',(34.248131265776,37.9442992219893,0.));
#8516=CARTESIAN_POINT('Ctrl Pts',(34.1705586060804,37.6436920718433,0.));
#8517=CARTESIAN_POINT('Ctrl Pts',(34.1298336335262,37.4858759290514,0.));
#8518=CARTESIAN_POINT('',(34.511825496777,38.3180735952197,1.));
#8519=CARTESIAN_POINT('',(34.511825496777,38.3180735952197,0.));
#8520=CARTESIAN_POINT('Ctrl Pts',(34.511825496777,38.3180735952197,1.));
#8521=CARTESIAN_POINT('Ctrl Pts',(34.426905962852,38.19770408449,1.));
#8522=CARTESIAN_POINT('Ctrl Pts',(34.248131265776,37.9442992219893,1.));
#8523=CARTESIAN_POINT('Ctrl Pts',(34.1705586060804,37.6436920718433,1.));
#8524=CARTESIAN_POINT('Ctrl Pts',(34.1298336335262,37.4858759290514,1.));
#8525=CARTESIAN_POINT('Ctrl Pts',(35.3644854374966,38.8705967313586,0.));
#8526=CARTESIAN_POINT('Ctrl Pts',(35.3644854374966,38.8705967313586,1.));
#8527=CARTESIAN_POINT('Ctrl Pts',(35.1894262072656,38.79924370948,0.));
#8528=CARTESIAN_POINT('Ctrl Pts',(35.1894262072656,38.79924370948,1.));
#8529=CARTESIAN_POINT('Ctrl Pts',(34.8694289467199,38.6688148740358,0.));
#8530=CARTESIAN_POINT('Ctrl Pts',(34.8694289467199,38.6688148740358,1.));
#8531=CARTESIAN_POINT('Ctrl Pts',(34.6233041061391,38.4274130045977,0.));
#8532=CARTESIAN_POINT('Ctrl Pts',(34.6233041061391,38.4274130045977,1.));
#8533=CARTESIAN_POINT('Ctrl Pts',(34.511825496777,38.3180735952197,0.));
#8534=CARTESIAN_POINT('Ctrl Pts',(34.511825496777,38.3180735952197,1.));
#8535=CARTESIAN_POINT('',(35.3644854374966,38.8705967313586,0.));
#8536=CARTESIAN_POINT('Ctrl Pts',(35.3644854374966,38.8705967313586,0.));
#8537=CARTESIAN_POINT('Ctrl Pts',(35.1894262072656,38.79924370948,0.));
#8538=CARTESIAN_POINT('Ctrl Pts',(34.8694289467199,38.6688148740358,0.));
#8539=CARTESIAN_POINT('Ctrl Pts',(34.6233041061391,38.4274130045977,0.));
#8540=CARTESIAN_POINT('Ctrl Pts',(34.511825496777,38.3180735952197,0.));
#8541=CARTESIAN_POINT('',(35.3644854374966,38.8705967313586,1.));
#8542=CARTESIAN_POINT('',(35.3644854374966,38.8705967313586,0.));
#8543=CARTESIAN_POINT('Ctrl Pts',(35.3644854374966,38.8705967313586,1.));
#8544=CARTESIAN_POINT('Ctrl Pts',(35.1894262072656,38.79924370948,1.));
#8545=CARTESIAN_POINT('Ctrl Pts',(34.8694289467199,38.6688148740358,1.));
#8546=CARTESIAN_POINT('Ctrl Pts',(34.6233041061391,38.4274130045977,1.));
#8547=CARTESIAN_POINT('Ctrl Pts',(34.511825496777,38.3180735952197,1.));
#8548=CARTESIAN_POINT('Ctrl Pts',(36.8719894238552,39.0888784772692,0.));
#8549=CARTESIAN_POINT('Ctrl Pts',(36.8719894238552,39.0888784772692,1.));
#8550=CARTESIAN_POINT('Ctrl Pts',(36.5896791605776,39.0841252139442,0.));
#8551=CARTESIAN_POINT('Ctrl Pts',(36.5896791605776,39.0841252139442,1.));
#8552=CARTESIAN_POINT('Ctrl Pts',(36.0773018514949,39.0754983073502,0.));
#8553=CARTESIAN_POINT('Ctrl Pts',(36.0773018514949,39.0754983073502,1.));
#8554=CARTESIAN_POINT('Ctrl Pts',(35.5853714412628,38.9340911871502,0.));
#8555=CARTESIAN_POINT('Ctrl Pts',(35.5853714412628,38.9340911871502,1.));
#8556=CARTESIAN_POINT('Ctrl Pts',(35.3644854374966,38.8705967313586,0.));
#8557=CARTESIAN_POINT('Ctrl Pts',(35.3644854374966,38.8705967313586,1.));
#8558=CARTESIAN_POINT('',(36.8719894238552,39.0888784772692,0.));
#8559=CARTESIAN_POINT('Ctrl Pts',(36.8719894238552,39.0888784772692,0.));
#8560=CARTESIAN_POINT('Ctrl Pts',(36.5896791605776,39.0841252139442,0.));
#8561=CARTESIAN_POINT('Ctrl Pts',(36.0773018514949,39.0754983073502,0.));
#8562=CARTESIAN_POINT('Ctrl Pts',(35.5853714412628,38.9340911871502,0.));
#8563=CARTESIAN_POINT('Ctrl Pts',(35.3644854374966,38.8705967313586,0.));
#8564=CARTESIAN_POINT('',(36.8719894238552,39.0888784772692,1.));
#8565=CARTESIAN_POINT('',(36.8719894238552,39.0888784772692,0.));
#8566=CARTESIAN_POINT('Ctrl Pts',(36.8719894238552,39.0888784772692,1.));
#8567=CARTESIAN_POINT('Ctrl Pts',(36.5896791605776,39.0841252139442,1.));
#8568=CARTESIAN_POINT('Ctrl Pts',(36.0773018514949,39.0754983073502,1.));
#8569=CARTESIAN_POINT('Ctrl Pts',(35.5853714412628,38.9340911871502,1.));
#8570=CARTESIAN_POINT('Ctrl Pts',(35.3644854374966,38.8705967313586,1.));
#8571=CARTESIAN_POINT('Ctrl Pts',(38.5159189053615,38.82966979807,0.));
#8572=CARTESIAN_POINT('Ctrl Pts',(38.5159189053615,38.82966979807,1.));
#8573=CARTESIAN_POINT('Ctrl Pts',(38.2624353101828,38.9052120088108,0.));
#8574=CARTESIAN_POINT('Ctrl Pts',(38.2624353101828,38.9052120088108,1.));
#8575=CARTESIAN_POINT('Ctrl Pts',(37.7263823620458,39.0649644564902,0.));
#8576=CARTESIAN_POINT('Ctrl Pts',(37.7263823620458,39.0649644564902,1.));
#8577=CARTESIAN_POINT('Ctrl Pts',(37.1669059676552,39.0806239142441,0.));
#8578=CARTESIAN_POINT('Ctrl Pts',(37.1669059676552,39.0806239142441,1.));
#8579=CARTESIAN_POINT('Ctrl Pts',(36.8719894238552,39.0888784772692,0.));
#8580=CARTESIAN_POINT('Ctrl Pts',(36.8719894238552,39.0888784772692,1.));
#8581=CARTESIAN_POINT('',(38.5159189053615,38.82966979807,0.));
#8582=CARTESIAN_POINT('Ctrl Pts',(38.5159189053615,38.82966979807,0.));
#8583=CARTESIAN_POINT('Ctrl Pts',(38.2624353101828,38.9052120088108,0.));
#8584=CARTESIAN_POINT('Ctrl Pts',(37.7263823620458,39.0649644564902,0.));
#8585=CARTESIAN_POINT('Ctrl Pts',(37.1669059676552,39.0806239142441,0.));
#8586=CARTESIAN_POINT('Ctrl Pts',(36.8719894238552,39.0888784772692,0.));
#8587=CARTESIAN_POINT('',(38.5159189053615,38.82966979807,1.));
#8588=CARTESIAN_POINT('',(38.5159189053615,38.82966979807,0.));
#8589=CARTESIAN_POINT('Ctrl Pts',(38.5159189053615,38.82966979807,1.));
#8590=CARTESIAN_POINT('Ctrl Pts',(38.2624353101828,38.9052120088108,1.));
#8591=CARTESIAN_POINT('Ctrl Pts',(37.7263823620458,39.0649644564902,1.));
#8592=CARTESIAN_POINT('Ctrl Pts',(37.1669059676552,39.0806239142441,1.));
#8593=CARTESIAN_POINT('Ctrl Pts',(36.8719894238552,39.0888784772692,1.));
#8594=CARTESIAN_POINT('Ctrl Pts',(39.600502903088,38.099791849309,0.));
#8595=CARTESIAN_POINT('Ctrl Pts',(39.600502903088,38.099791849309,1.));
#8596=CARTESIAN_POINT('Ctrl Pts',(39.4554376803591,38.2516528789121,0.));
#8597=CARTESIAN_POINT('Ctrl Pts',(39.4554376803591,38.2516528789121,1.));
#8598=CARTESIAN_POINT('Ctrl Pts',(39.147826973775,38.5736740893718,0.));
#8599=CARTESIAN_POINT('Ctrl Pts',(39.147826973775,38.5736740893718,1.));
#8600=CARTESIAN_POINT('Ctrl Pts',(38.7343863100687,38.7411652815256,0.));
#8601=CARTESIAN_POINT('Ctrl Pts',(38.7343863100687,38.7411652815256,1.));
#8602=CARTESIAN_POINT('Ctrl Pts',(38.5159189053615,38.82966979807,0.));
#8603=CARTESIAN_POINT('Ctrl Pts',(38.5159189053615,38.82966979807,1.));
#8604=CARTESIAN_POINT('',(39.600502903088,38.099791849309,0.));
#8605=CARTESIAN_POINT('Ctrl Pts',(39.600502903088,38.099791849309,0.));
#8606=CARTESIAN_POINT('Ctrl Pts',(39.4554376803591,38.2516528789121,0.));
#8607=CARTESIAN_POINT('Ctrl Pts',(39.147826973775,38.5736740893718,0.));
#8608=CARTESIAN_POINT('Ctrl Pts',(38.7343863100687,38.7411652815256,0.));
#8609=CARTESIAN_POINT('Ctrl Pts',(38.5159189053615,38.82966979807,0.));
#8610=CARTESIAN_POINT('',(39.600502903088,38.099791849309,1.));
#8611=CARTESIAN_POINT('',(39.600502903088,38.099791849309,0.));
#8612=CARTESIAN_POINT('Ctrl Pts',(39.600502903088,38.099791849309,1.));
#8613=CARTESIAN_POINT('Ctrl Pts',(39.4554376803591,38.2516528789121,1.));
#8614=CARTESIAN_POINT('Ctrl Pts',(39.147826973775,38.5736740893718,1.));
#8615=CARTESIAN_POINT('Ctrl Pts',(38.7343863100687,38.7411652815256,1.));
#8616=CARTESIAN_POINT('Ctrl Pts',(38.5159189053615,38.82966979807,1.));
#8617=CARTESIAN_POINT('Ctrl Pts',(40.1393837281307,36.8583200818835,0.));
#8618=CARTESIAN_POINT('Ctrl Pts',(40.1393837281307,36.8583200818835,1.));
#8619=CARTESIAN_POINT('Ctrl Pts',(40.0809193576282,37.0963347726272,0.));
#8620=CARTESIAN_POINT('Ctrl Pts',(40.0809193576282,37.0963347726272,1.));
#8621=CARTESIAN_POINT('Ctrl Pts',(39.9716063817051,37.5413595618281,0.));
#8622=CARTESIAN_POINT('Ctrl Pts',(39.9716063817051,37.5413595618281,1.));
#8623=CARTESIAN_POINT('Ctrl Pts',(39.7183220092439,37.9224990004121,0.));
#8624=CARTESIAN_POINT('Ctrl Pts',(39.7183220092439,37.9224990004121,1.));
#8625=CARTESIAN_POINT('Ctrl Pts',(39.600502903088,38.099791849309,0.));
#8626=CARTESIAN_POINT('Ctrl Pts',(39.600502903088,38.099791849309,1.));
#8627=CARTESIAN_POINT('',(40.1393837281307,36.8583200818835,0.));
#8628=CARTESIAN_POINT('Ctrl Pts',(40.1393837281307,36.8583200818835,0.));
#8629=CARTESIAN_POINT('Ctrl Pts',(40.0809193576282,37.0963347726272,0.));
#8630=CARTESIAN_POINT('Ctrl Pts',(39.9716063817051,37.5413595618281,0.));
#8631=CARTESIAN_POINT('Ctrl Pts',(39.7183220092439,37.9224990004121,0.));
#8632=CARTESIAN_POINT('Ctrl Pts',(39.600502903088,38.099791849309,0.));
#8633=CARTESIAN_POINT('',(40.1393837281307,36.8583200818835,1.));
#8634=CARTESIAN_POINT('',(40.1393837281307,36.8583200818835,0.));
#8635=CARTESIAN_POINT('Ctrl Pts',(40.1393837281307,36.8583200818835,1.));
#8636=CARTESIAN_POINT('Ctrl Pts',(40.0809193576282,37.0963347726272,1.));
#8637=CARTESIAN_POINT('Ctrl Pts',(39.9716063817051,37.5413595618281,1.));
#8638=CARTESIAN_POINT('Ctrl Pts',(39.7183220092439,37.9224990004121,1.));
#8639=CARTESIAN_POINT('Ctrl Pts',(39.600502903088,38.099791849309,1.));
#8640=CARTESIAN_POINT('Origin',(38.9388377019009,36.6946075803576,0.));
#8641=CARTESIAN_POINT('',(38.9388377019009,36.6946075803576,0.));
#8642=CARTESIAN_POINT('',(27.9492363758983,35.1960102050434,0.));
#8643=CARTESIAN_POINT('',(38.9388377019009,36.6946075803576,1.));
#8644=CARTESIAN_POINT('',(38.9388377019009,36.6946075803576,0.));
#8645=CARTESIAN_POINT('',(38.9388377019009,36.6946075803576,1.));
#8646=CARTESIAN_POINT('Ctrl Pts',(38.3317441292843,37.7655504590807,0.));
#8647=CARTESIAN_POINT('Ctrl Pts',(38.3317441292843,37.7655504590807,1.));
#8648=CARTESIAN_POINT('Ctrl Pts',(38.4622476969799,37.6332379321902,0.));
#8649=CARTESIAN_POINT('Ctrl Pts',(38.4622476969799,37.6332379321902,1.));
#8650=CARTESIAN_POINT('Ctrl Pts',(38.759000721669,37.3323715018515,0.));
#8651=CARTESIAN_POINT('Ctrl Pts',(38.759000721669,37.3323715018515,1.));
#8652=CARTESIAN_POINT('Ctrl Pts',(38.8742639652715,36.9236083089349,0.));
#8653=CARTESIAN_POINT('Ctrl Pts',(38.8742639652715,36.9236083089349,1.));
#8654=CARTESIAN_POINT('Ctrl Pts',(38.9388377019009,36.6946075803576,0.));
#8655=CARTESIAN_POINT('Ctrl Pts',(38.9388377019009,36.6946075803576,1.));
#8656=CARTESIAN_POINT('',(38.3317441292843,37.7655504590807,0.));
#8657=CARTESIAN_POINT('Ctrl Pts',(38.3317441292843,37.7655504590807,0.));
#8658=CARTESIAN_POINT('Ctrl Pts',(38.4622476969799,37.6332379321902,0.));
#8659=CARTESIAN_POINT('Ctrl Pts',(38.759000721669,37.3323715018515,0.));
#8660=CARTESIAN_POINT('Ctrl Pts',(38.8742639652715,36.9236083089349,0.));
#8661=CARTESIAN_POINT('Ctrl Pts',(38.9388377019009,36.6946075803576,0.));
#8662=CARTESIAN_POINT('',(38.3317441292843,37.7655504590807,1.));
#8663=CARTESIAN_POINT('',(38.3317441292843,37.7655504590807,0.));
#8664=CARTESIAN_POINT('Ctrl Pts',(38.3317441292843,37.7655504590807,1.));
#8665=CARTESIAN_POINT('Ctrl Pts',(38.4622476969799,37.6332379321902,1.));
#8666=CARTESIAN_POINT('Ctrl Pts',(38.759000721669,37.3323715018515,1.));
#8667=CARTESIAN_POINT('Ctrl Pts',(38.8742639652715,36.9236083089349,1.));
#8668=CARTESIAN_POINT('Ctrl Pts',(38.9388377019009,36.6946075803576,1.));
#8669=CARTESIAN_POINT('Ctrl Pts',(37.0493430443844,38.0725072271166,0.));
#8670=CARTESIAN_POINT('Ctrl Pts',(37.0493430443844,38.0725072271166,1.));
#8671=CARTESIAN_POINT('Ctrl Pts',(37.306188223108,38.0682937005188,0.));
#8672=CARTESIAN_POINT('Ctrl Pts',(37.306188223108,38.0682937005188,1.));
#8673=CARTESIAN_POINT('Ctrl Pts',(37.7585032474152,38.0608735052285,0.));
#8674=CARTESIAN_POINT('Ctrl Pts',(37.7585032474152,38.0608735052285,1.));
#8675=CARTESIAN_POINT('Ctrl Pts',(38.1587680196693,37.8546645352362,0.));
#8676=CARTESIAN_POINT('Ctrl Pts',(38.1587680196693,37.8546645352362,1.));
#8677=CARTESIAN_POINT('Ctrl Pts',(38.3317441292843,37.7655504590807,0.));
#8678=CARTESIAN_POINT('Ctrl Pts',(38.3317441292843,37.7655504590807,1.));
#8679=CARTESIAN_POINT('',(37.0493430443844,38.0725072271166,0.));
#8680=CARTESIAN_POINT('Ctrl Pts',(37.0493430443844,38.0725072271166,0.));
#8681=CARTESIAN_POINT('Ctrl Pts',(37.306188223108,38.0682937005188,0.));
#8682=CARTESIAN_POINT('Ctrl Pts',(37.7585032474152,38.0608735052285,0.));
#8683=CARTESIAN_POINT('Ctrl Pts',(38.1587680196693,37.8546645352362,0.));
#8684=CARTESIAN_POINT('Ctrl Pts',(38.3317441292843,37.7655504590807,0.));
#8685=CARTESIAN_POINT('',(37.0493430443844,38.0725072271166,1.));
#8686=CARTESIAN_POINT('',(37.0493430443844,38.0725072271166,0.));
#8687=CARTESIAN_POINT('Ctrl Pts',(37.0493430443844,38.0725072271166,1.));
#8688=CARTESIAN_POINT('Ctrl Pts',(37.306188223108,38.0682937005188,1.));
#8689=CARTESIAN_POINT('Ctrl Pts',(37.7585032474152,38.0608735052285,1.));
#8690=CARTESIAN_POINT('Ctrl Pts',(38.1587680196693,37.8546645352362,1.));
#8691=CARTESIAN_POINT('Ctrl Pts',(38.3317441292843,37.7655504590807,1.));
#8692=CARTESIAN_POINT('Ctrl Pts',(35.6509799309811,37.6564072019396,0.));
#8693=CARTESIAN_POINT('Ctrl Pts',(35.6509799309811,37.6564072019396,1.));
#8694=CARTESIAN_POINT('Ctrl Pts',(35.8405393014633,37.7774181852798,0.));
#8695=CARTESIAN_POINT('Ctrl Pts',(35.8405393014633,37.7774181852798,1.));
#8696=CARTESIAN_POINT('Ctrl Pts',(36.2645746230423,38.0481140158509,0.));
#8697=CARTESIAN_POINT('Ctrl Pts',(36.2645746230423,38.0481140158509,1.));
#8698=CARTESIAN_POINT('Ctrl Pts',(36.7699107406105,38.0638215422253,0.));
#8699=CARTESIAN_POINT('Ctrl Pts',(36.7699107406105,38.0638215422253,1.));
#8700=CARTESIAN_POINT('Ctrl Pts',(37.0493430443844,38.0725072271166,0.));
#8701=CARTESIAN_POINT('Ctrl Pts',(37.0493430443844,38.0725072271166,1.));
#8702=CARTESIAN_POINT('',(35.6509799309811,37.6564072019396,0.));
#8703=CARTESIAN_POINT('Ctrl Pts',(35.6509799309811,37.6564072019396,0.));
#8704=CARTESIAN_POINT('Ctrl Pts',(35.8405393014633,37.7774181852798,0.));
#8705=CARTESIAN_POINT('Ctrl Pts',(36.2645746230423,38.0481140158509,0.));
#8706=CARTESIAN_POINT('Ctrl Pts',(36.7699107406105,38.0638215422253,0.));
#8707=CARTESIAN_POINT('Ctrl Pts',(37.0493430443844,38.0725072271166,0.));
#8708=CARTESIAN_POINT('',(35.6509799309811,37.6564072019396,1.));
#8709=CARTESIAN_POINT('',(35.6509799309811,37.6564072019396,0.));
#8710=CARTESIAN_POINT('Ctrl Pts',(35.6509799309811,37.6564072019396,1.));
#8711=CARTESIAN_POINT('Ctrl Pts',(35.8405393014633,37.7774181852798,1.));
#8712=CARTESIAN_POINT('Ctrl Pts',(36.2645746230423,38.0481140158509,1.));
#8713=CARTESIAN_POINT('Ctrl Pts',(36.7699107406105,38.0638215422253,1.));
#8714=CARTESIAN_POINT('Ctrl Pts',(37.0493430443844,38.0725072271166,1.));
#8715=CARTESIAN_POINT('Ctrl Pts',(35.3030950375637,36.5991090184985,0.));
#8716=CARTESIAN_POINT('Ctrl Pts',(35.3030950375637,36.5991090184985,1.));
#8717=CARTESIAN_POINT('Ctrl Pts',(35.3079934891459,36.8209786442604,0.));
#8718=CARTESIAN_POINT('Ctrl Pts',(35.3079934891459,36.8209786442604,1.));
#8719=CARTESIAN_POINT('Ctrl Pts',(35.316630616159,37.212187193721,0.));
#8720=CARTESIAN_POINT('Ctrl Pts',(35.316630616159,37.212187193721,1.));
#8721=CARTESIAN_POINT('Ctrl Pts',(35.5499744750252,37.5222102932404,0.));
#8722=CARTESIAN_POINT('Ctrl Pts',(35.5499744750252,37.5222102932404,1.));
#8723=CARTESIAN_POINT('Ctrl Pts',(35.6509799309811,37.6564072019396,0.));
#8724=CARTESIAN_POINT('Ctrl Pts',(35.6509799309811,37.6564072019396,1.));
#8725=CARTESIAN_POINT('',(35.3030950375637,36.5991090184985,0.));
#8726=CARTESIAN_POINT('Ctrl Pts',(35.3030950375637,36.5991090184985,0.));
#8727=CARTESIAN_POINT('Ctrl Pts',(35.3079934891459,36.8209786442604,0.));
#8728=CARTESIAN_POINT('Ctrl Pts',(35.316630616159,37.212187193721,0.));
#8729=CARTESIAN_POINT('Ctrl Pts',(35.5499744750252,37.5222102932404,0.));
#8730=CARTESIAN_POINT('Ctrl Pts',(35.6509799309811,37.6564072019396,0.));
#8731=CARTESIAN_POINT('',(35.3030950375637,36.5991090184985,1.));
#8732=CARTESIAN_POINT('',(35.3030950375637,36.5991090184985,0.));
#8733=CARTESIAN_POINT('Ctrl Pts',(35.3030950375637,36.5991090184985,1.));
#8734=CARTESIAN_POINT('Ctrl Pts',(35.3079934891459,36.8209786442604,1.));
#8735=CARTESIAN_POINT('Ctrl Pts',(35.316630616159,37.212187193721,1.));
#8736=CARTESIAN_POINT('Ctrl Pts',(35.5499744750252,37.5222102932404,1.));
#8737=CARTESIAN_POINT('Ctrl Pts',(35.6509799309811,37.6564072019396,1.));
#8738=CARTESIAN_POINT('Ctrl Pts',(35.3099161931118,36.2785099393664,0.));
#8739=CARTESIAN_POINT('Ctrl Pts',(35.3099161931118,36.2785099393664,1.));
#8740=CARTESIAN_POINT('Ctrl Pts',(35.3079929170804,36.3472869821304,0.));
#8741=CARTESIAN_POINT('Ctrl Pts',(35.3079929170804,36.3472869821304,1.));
#8742=CARTESIAN_POINT('Ctrl Pts',(35.3050049109503,36.4541391562514,0.));
#8743=CARTESIAN_POINT('Ctrl Pts',(35.3050049109503,36.4541391562514,1.));
#8744=CARTESIAN_POINT('Ctrl Pts',(35.3035967972551,36.5610227066772,0.));
#8745=CARTESIAN_POINT('Ctrl Pts',(35.3035967972551,36.5610227066772,1.));
#8746=CARTESIAN_POINT('Ctrl Pts',(35.3030950375637,36.5991090184985,0.));
#8747=CARTESIAN_POINT('Ctrl Pts',(35.3030950375637,36.5991090184985,1.));
#8748=CARTESIAN_POINT('',(35.3099161931118,36.2785099393664,0.));
#8749=CARTESIAN_POINT('Ctrl Pts',(35.3099161931118,36.2785099393664,0.));
#8750=CARTESIAN_POINT('Ctrl Pts',(35.3079929170804,36.3472869821304,0.));
#8751=CARTESIAN_POINT('Ctrl Pts',(35.3050049109503,36.4541391562514,0.));
#8752=CARTESIAN_POINT('Ctrl Pts',(35.3035967972551,36.5610227066772,0.));
#8753=CARTESIAN_POINT('Ctrl Pts',(35.3030950375637,36.5991090184985,0.));
#8754=CARTESIAN_POINT('',(35.3099161931118,36.2785099393664,1.));
#8755=CARTESIAN_POINT('',(35.3099161931118,36.2785099393664,0.));
#8756=CARTESIAN_POINT('Ctrl Pts',(35.3099161931118,36.2785099393664,1.));
#8757=CARTESIAN_POINT('Ctrl Pts',(35.3079929170804,36.3472869821304,1.));
#8758=CARTESIAN_POINT('Ctrl Pts',(35.3050049109503,36.4541391562514,1.));
#8759=CARTESIAN_POINT('Ctrl Pts',(35.3035967972551,36.5610227066772,1.));
#8760=CARTESIAN_POINT('Ctrl Pts',(35.3030950375637,36.5991090184985,1.));
#8761=CARTESIAN_POINT('Ctrl Pts',(37.499547655209,35.8555911428271,0.));
#8762=CARTESIAN_POINT('Ctrl Pts',(37.499547655209,35.8555911428271,1.));
#8763=CARTESIAN_POINT('Ctrl Pts',(37.0667339508014,35.9079881659809,0.));
#8764=CARTESIAN_POINT('Ctrl Pts',(37.0667339508014,35.9079881659809,1.));
#8765=CARTESIAN_POINT('Ctrl Pts',(36.326487161972,35.9976034617509,0.));
#8766=CARTESIAN_POINT('Ctrl Pts',(36.326487161972,35.9976034617509,1.));
#8767=CARTESIAN_POINT('Ctrl Pts',(35.6082206241405,36.1960802324948,0.));
#8768=CARTESIAN_POINT('Ctrl Pts',(35.6082206241405,36.1960802324948,1.));
#8769=CARTESIAN_POINT('Ctrl Pts',(35.3099161931118,36.2785099393664,0.));
#8770=CARTESIAN_POINT('Ctrl Pts',(35.3099161931118,36.2785099393664,1.));
#8771=CARTESIAN_POINT('',(37.499547655209,35.8555911428271,0.));
#8772=CARTESIAN_POINT('Ctrl Pts',(37.499547655209,35.8555911428271,0.));
#8773=CARTESIAN_POINT('Ctrl Pts',(37.0667339508014,35.9079881659809,0.));
#8774=CARTESIAN_POINT('Ctrl Pts',(36.326487161972,35.9976034617509,0.));
#8775=CARTESIAN_POINT('Ctrl Pts',(35.6082206241405,36.1960802324948,0.));
#8776=CARTESIAN_POINT('Ctrl Pts',(35.3099161931118,36.2785099393664,0.));
#8777=CARTESIAN_POINT('',(37.499547655209,35.8555911428271,1.));
#8778=CARTESIAN_POINT('',(37.499547655209,35.8555911428271,0.));
#8779=CARTESIAN_POINT('Ctrl Pts',(37.499547655209,35.8555911428271,1.));
#8780=CARTESIAN_POINT('Ctrl Pts',(37.0667339508014,35.9079881659809,1.));
#8781=CARTESIAN_POINT('Ctrl Pts',(36.326487161972,35.9976034617509,1.));
#8782=CARTESIAN_POINT('Ctrl Pts',(35.6082206241405,36.1960802324948,1.));
#8783=CARTESIAN_POINT('Ctrl Pts',(35.3099161931118,36.2785099393664,1.));
#8784=CARTESIAN_POINT('Ctrl Pts',(38.5909528084835,35.6714151746569,0.));
#8785=CARTESIAN_POINT('Ctrl Pts',(38.5909528084835,35.6714151746569,1.));
#8786=CARTESIAN_POINT('Ctrl Pts',(38.4400968432798,35.7046876784919,0.));
#8787=CARTESIAN_POINT('Ctrl Pts',(38.4400968432798,35.7046876784919,1.));
#8788=CARTESIAN_POINT('Ctrl Pts',(38.0794544502069,35.7842302765613,0.));
#8789=CARTESIAN_POINT('Ctrl Pts',(38.0794544502069,35.7842302765613,1.));
#8790=CARTESIAN_POINT('Ctrl Pts',(37.7128197946124,35.8293467795096,0.));
#8791=CARTESIAN_POINT('Ctrl Pts',(37.7128197946124,35.8293467795096,1.));
#8792=CARTESIAN_POINT('Ctrl Pts',(37.499547655209,35.8555911428271,0.));
#8793=CARTESIAN_POINT('Ctrl Pts',(37.499547655209,35.8555911428271,1.));
#8794=CARTESIAN_POINT('',(38.5909528084835,35.6714151746569,0.));
#8795=CARTESIAN_POINT('Ctrl Pts',(38.5909528084835,35.6714151746569,0.));
#8796=CARTESIAN_POINT('Ctrl Pts',(38.4400968432798,35.7046876784919,0.));
#8797=CARTESIAN_POINT('Ctrl Pts',(38.0794544502069,35.7842302765613,0.));
#8798=CARTESIAN_POINT('Ctrl Pts',(37.7128197946124,35.8293467795096,0.));
#8799=CARTESIAN_POINT('Ctrl Pts',(37.499547655209,35.8555911428271,0.));
#8800=CARTESIAN_POINT('',(38.5909528084835,35.6714151746569,1.));
#8801=CARTESIAN_POINT('',(38.5909528084835,35.6714151746569,0.));
#8802=CARTESIAN_POINT('Ctrl Pts',(38.5909528084835,35.6714151746569,1.));
#8803=CARTESIAN_POINT('Ctrl Pts',(38.4400968432798,35.7046876784919,1.));
#8804=CARTESIAN_POINT('Ctrl Pts',(38.0794544502069,35.7842302765613,1.));
#8805=CARTESIAN_POINT('Ctrl Pts',(37.7128197946124,35.8293467795096,1.));
#8806=CARTESIAN_POINT('Ctrl Pts',(37.499547655209,35.8555911428271,1.));
#8807=CARTESIAN_POINT('Ctrl Pts',(39.4777197190365,35.2689598447619,0.));
#8808=CARTESIAN_POINT('Ctrl Pts',(39.4777197190365,35.2689598447619,1.));
#8809=CARTESIAN_POINT('Ctrl Pts',(39.3405126272584,35.3526076224928,0.));
#8810=CARTESIAN_POINT('Ctrl Pts',(39.3405126272584,35.3526076224928,1.));
#8811=CARTESIAN_POINT('Ctrl Pts',(39.0613418412331,35.5228030224227,0.));
#8812=CARTESIAN_POINT('Ctrl Pts',(39.0613418412331,35.5228030224227,1.));
#8813=CARTESIAN_POINT('Ctrl Pts',(38.7495201259335,35.6213182789396,0.));
#8814=CARTESIAN_POINT('Ctrl Pts',(38.7495201259335,35.6213182789396,1.));
#8815=CARTESIAN_POINT('Ctrl Pts',(38.5909528084835,35.6714151746569,0.));
#8816=CARTESIAN_POINT('Ctrl Pts',(38.5909528084835,35.6714151746569,1.));
#8817=CARTESIAN_POINT('',(39.4777197190365,35.2689598447619,0.));
#8818=CARTESIAN_POINT('Ctrl Pts',(39.4777197190365,35.2689598447619,0.));
#8819=CARTESIAN_POINT('Ctrl Pts',(39.3405126272584,35.3526076224928,0.));
#8820=CARTESIAN_POINT('Ctrl Pts',(39.0613418412331,35.5228030224227,0.));
#8821=CARTESIAN_POINT('Ctrl Pts',(38.7495201259335,35.6213182789396,0.));
#8822=CARTESIAN_POINT('Ctrl Pts',(38.5909528084835,35.6714151746569,0.));
#8823=CARTESIAN_POINT('',(39.4777197190365,35.2689598447619,1.));
#8824=CARTESIAN_POINT('',(39.4777197190365,35.2689598447619,0.));
#8825=CARTESIAN_POINT('Ctrl Pts',(39.4777197190365,35.2689598447619,1.));
#8826=CARTESIAN_POINT('Ctrl Pts',(39.3405126272584,35.3526076224928,1.));
#8827=CARTESIAN_POINT('Ctrl Pts',(39.0613418412331,35.5228030224227,1.));
#8828=CARTESIAN_POINT('Ctrl Pts',(38.7495201259335,35.6213182789396,1.));
#8829=CARTESIAN_POINT('Ctrl Pts',(38.5909528084835,35.6714151746569,1.));
#8830=CARTESIAN_POINT('Ctrl Pts',(40.1120991059383,34.5595453626452,0.));
#8831=CARTESIAN_POINT('Ctrl Pts',(40.1120991059383,34.5595453626452,1.));
#8832=CARTESIAN_POINT('Ctrl Pts',(40.0255513721743,34.6990687138416,0.));
#8833=CARTESIAN_POINT('Ctrl Pts',(40.0255513721743,34.6990687138416,1.));
#8834=CARTESIAN_POINT('Ctrl Pts',(39.855687697527,34.9729054522818,0.));
#8835=CARTESIAN_POINT('Ctrl Pts',(39.855687697527,34.9729054522818,1.));
#8836=CARTESIAN_POINT('Ctrl Pts',(39.6021008138008,35.1715347412028,0.));
#8837=CARTESIAN_POINT('Ctrl Pts',(39.6021008138008,35.1715347412028,1.));
#8838=CARTESIAN_POINT('Ctrl Pts',(39.4777197190365,35.2689598447619,0.));
#8839=CARTESIAN_POINT('Ctrl Pts',(39.4777197190365,35.2689598447619,1.));
#8840=CARTESIAN_POINT('',(40.1120991059383,34.5595453626452,0.));
#8841=CARTESIAN_POINT('Ctrl Pts',(40.1120991059383,34.5595453626452,0.));
#8842=CARTESIAN_POINT('Ctrl Pts',(40.0255513721743,34.6990687138416,0.));
#8843=CARTESIAN_POINT('Ctrl Pts',(39.855687697527,34.9729054522818,0.));
#8844=CARTESIAN_POINT('Ctrl Pts',(39.6021008138008,35.1715347412028,0.));
#8845=CARTESIAN_POINT('Ctrl Pts',(39.4777197190365,35.2689598447619,0.));
#8846=CARTESIAN_POINT('',(40.1120991059383,34.5595453626452,1.));
#8847=CARTESIAN_POINT('',(40.1120991059383,34.5595453626452,0.));
#8848=CARTESIAN_POINT('Ctrl Pts',(40.1120991059383,34.5595453626452,1.));
#8849=CARTESIAN_POINT('Ctrl Pts',(40.0255513721743,34.6990687138416,1.));
#8850=CARTESIAN_POINT('Ctrl Pts',(39.855687697527,34.9729054522818,1.));
#8851=CARTESIAN_POINT('Ctrl Pts',(39.6021008138008,35.1715347412028,1.));
#8852=CARTESIAN_POINT('Ctrl Pts',(39.4777197190365,35.2689598447619,1.));
#8853=CARTESIAN_POINT('Ctrl Pts',(40.3508431264004,33.5909245855151,0.));
#8854=CARTESIAN_POINT('Ctrl Pts',(40.3508431264004,33.5909245855151,1.));
#8855=CARTESIAN_POINT('Ctrl Pts',(40.3416128170312,33.7629742332111,0.));
#8856=CARTESIAN_POINT('Ctrl Pts',(40.3416128170312,33.7629742332111,1.));
#8857=CARTESIAN_POINT('Ctrl Pts',(40.3234706662574,34.1011374002535,0.));
#8858=CARTESIAN_POINT('Ctrl Pts',(40.3234706662574,34.1011374002535,1.));
#8859=CARTESIAN_POINT('Ctrl Pts',(40.1817269010002,34.4085414356649,0.));
#8860=CARTESIAN_POINT('Ctrl Pts',(40.1817269010002,34.4085414356649,1.));
#8861=CARTESIAN_POINT('Ctrl Pts',(40.1120991059383,34.5595453626452,0.));
#8862=CARTESIAN_POINT('Ctrl Pts',(40.1120991059383,34.5595453626452,1.));
#8863=CARTESIAN_POINT('',(40.3508431264004,33.5909245855151,0.));
#8864=CARTESIAN_POINT('Ctrl Pts',(40.3508431264004,33.5909245855151,0.));
#8865=CARTESIAN_POINT('Ctrl Pts',(40.3416128170312,33.7629742332111,0.));
#8866=CARTESIAN_POINT('Ctrl Pts',(40.3234706662574,34.1011374002535,0.));
#8867=CARTESIAN_POINT('Ctrl Pts',(40.1817269010002,34.4085414356649,0.));
#8868=CARTESIAN_POINT('Ctrl Pts',(40.1120991059383,34.5595453626452,0.));
#8869=CARTESIAN_POINT('',(40.3508431264004,33.5909245855151,1.));
#8870=CARTESIAN_POINT('',(40.3508431264004,33.5909245855151,0.));
#8871=CARTESIAN_POINT('Ctrl Pts',(40.3508431264004,33.5909245855151,1.));
#8872=CARTESIAN_POINT('Ctrl Pts',(40.3416128170312,33.7629742332111,1.));
#8873=CARTESIAN_POINT('Ctrl Pts',(40.3234706662574,34.1011374002535,1.));
#8874=CARTESIAN_POINT('Ctrl Pts',(40.1817269010002,34.4085414356649,1.));
#8875=CARTESIAN_POINT('Ctrl Pts',(40.1120991059383,34.5595453626452,1.));
#8876=CARTESIAN_POINT('Ctrl Pts',(39.7096425839504,32.0970629102526,0.));
#8877=CARTESIAN_POINT('Ctrl Pts',(39.7096425839504,32.0970629102526,1.));
#8878=CARTESIAN_POINT('Ctrl Pts',(39.8966512122087,32.3077737813724,0.));
#8879=CARTESIAN_POINT('Ctrl Pts',(39.8966512122087,32.3077737813724,1.));
#8880=CARTESIAN_POINT('Ctrl Pts',(40.2753009417031,32.7344151352721,0.));
#8881=CARTESIAN_POINT('Ctrl Pts',(40.2753009417031,32.7344151352721,1.));
#8882=CARTESIAN_POINT('Ctrl Pts',(40.3254578550878,33.3031022930657,0.));
#8883=CARTESIAN_POINT('Ctrl Pts',(40.3254578550878,33.3031022930657,1.));
#8884=CARTESIAN_POINT('Ctrl Pts',(40.3508431264004,33.5909245855151,0.));
#8885=CARTESIAN_POINT('Ctrl Pts',(40.3508431264004,33.5909245855151,1.));
#8886=CARTESIAN_POINT('',(39.7096425839504,32.0970629102526,0.));
#8887=CARTESIAN_POINT('Ctrl Pts',(39.7096425839504,32.0970629102526,0.));
#8888=CARTESIAN_POINT('Ctrl Pts',(39.8966512122087,32.3077737813724,0.));
#8889=CARTESIAN_POINT('Ctrl Pts',(40.2753009417031,32.7344151352721,0.));
#8890=CARTESIAN_POINT('Ctrl Pts',(40.3254578550878,33.3031022930657,0.));
#8891=CARTESIAN_POINT('Ctrl Pts',(40.3508431264004,33.5909245855151,0.));
#8892=CARTESIAN_POINT('',(39.7096425839504,32.0970629102526,1.));
#8893=CARTESIAN_POINT('',(39.7096425839504,32.0970629102526,0.));
#8894=CARTESIAN_POINT('Ctrl Pts',(39.7096425839504,32.0970629102526,1.));
#8895=CARTESIAN_POINT('Ctrl Pts',(39.8966512122087,32.3077737813724,1.));
#8896=CARTESIAN_POINT('Ctrl Pts',(40.2753009417031,32.7344151352721,1.));
#8897=CARTESIAN_POINT('Ctrl Pts',(40.3254578550878,33.3031022930657,1.));
#8898=CARTESIAN_POINT('Ctrl Pts',(40.3508431264004,33.5909245855151,1.));
#8899=CARTESIAN_POINT('Ctrl Pts',(37.8747183629116,31.5172551519213,0.));
#8900=CARTESIAN_POINT('Ctrl Pts',(37.8747183629116,31.5172551519213,1.));
#8901=CARTESIAN_POINT('Ctrl Pts',(38.237932609445,31.5316302992407,0.));
#8902=CARTESIAN_POINT('Ctrl Pts',(38.237932609445,31.5316302992407,1.));
#8903=CARTESIAN_POINT('Ctrl Pts',(38.9053696628818,31.5580458544154,0.));
#8904=CARTESIAN_POINT('Ctrl Pts',(38.9053696628818,31.5580458544154,1.));
#8905=CARTESIAN_POINT('Ctrl Pts',(39.4578279566813,31.9282988309809,0.));
#8906=CARTESIAN_POINT('Ctrl Pts',(39.4578279566813,31.9282988309809,1.));
#8907=CARTESIAN_POINT('Ctrl Pts',(39.7096425839504,32.0970629102526,0.));
#8908=CARTESIAN_POINT('Ctrl Pts',(39.7096425839504,32.0970629102526,1.));
#8909=CARTESIAN_POINT('',(37.8747183629116,31.5172551519213,0.));
#8910=CARTESIAN_POINT('Ctrl Pts',(37.8747183629116,31.5172551519213,0.));
#8911=CARTESIAN_POINT('Ctrl Pts',(38.237932609445,31.5316302992407,0.));
#8912=CARTESIAN_POINT('Ctrl Pts',(38.9053696628818,31.5580458544154,0.));
#8913=CARTESIAN_POINT('Ctrl Pts',(39.4578279566813,31.9282988309809,0.));
#8914=CARTESIAN_POINT('Ctrl Pts',(39.7096425839504,32.0970629102526,0.));
#8915=CARTESIAN_POINT('',(37.8747183629116,31.5172551519213,1.));
#8916=CARTESIAN_POINT('',(37.8747183629116,31.5172551519213,0.));
#8917=CARTESIAN_POINT('Ctrl Pts',(37.8747183629116,31.5172551519213,1.));
#8918=CARTESIAN_POINT('Ctrl Pts',(38.237932609445,31.5316302992407,1.));
#8919=CARTESIAN_POINT('Ctrl Pts',(38.9053696628818,31.5580458544154,1.));
#8920=CARTESIAN_POINT('Ctrl Pts',(39.4578279566813,31.9282988309809,1.));
#8921=CARTESIAN_POINT('Ctrl Pts',(39.7096425839504,32.0970629102526,1.));
#8922=CARTESIAN_POINT('Ctrl Pts',(36.5241045304378,31.7560003644763,0.));
#8923=CARTESIAN_POINT('Ctrl Pts',(36.5241045304378,31.7560003644763,1.));
#8924=CARTESIAN_POINT('Ctrl Pts',(36.7394735502721,31.6863730779599,0.));
#8925=CARTESIAN_POINT('Ctrl Pts',(36.7394735502721,31.6863730779599,1.));
#8926=CARTESIAN_POINT('Ctrl Pts',(37.1785418132802,31.5444254024202,0.));
#8927=CARTESIAN_POINT('Ctrl Pts',(37.1785418132802,31.5444254024202,1.));
#8928=CARTESIAN_POINT('Ctrl Pts',(37.6397428008701,31.5264257349942,0.));
#8929=CARTESIAN_POINT('Ctrl Pts',(37.6397428008701,31.5264257349942,1.));
#8930=CARTESIAN_POINT('Ctrl Pts',(37.8747183629116,31.5172551519213,0.));
#8931=CARTESIAN_POINT('Ctrl Pts',(37.8747183629116,31.5172551519213,1.));
#8932=CARTESIAN_POINT('',(36.5241045304378,31.7560003644763,0.));
#8933=CARTESIAN_POINT('Ctrl Pts',(36.5241045304378,31.7560003644763,0.));
#8934=CARTESIAN_POINT('Ctrl Pts',(36.7394735502721,31.6863730779599,0.));
#8935=CARTESIAN_POINT('Ctrl Pts',(37.1785418132802,31.5444254024202,0.));
#8936=CARTESIAN_POINT('Ctrl Pts',(37.6397428008701,31.5264257349942,0.));
#8937=CARTESIAN_POINT('Ctrl Pts',(37.8747183629116,31.5172551519213,0.));
#8938=CARTESIAN_POINT('',(36.5241045304378,31.7560003644763,1.));
#8939=CARTESIAN_POINT('',(36.5241045304378,31.7560003644763,0.));
#8940=CARTESIAN_POINT('Ctrl Pts',(36.5241045304378,31.7560003644763,1.));
#8941=CARTESIAN_POINT('Ctrl Pts',(36.7394735502721,31.6863730779599,1.));
#8942=CARTESIAN_POINT('Ctrl Pts',(37.1785418132802,31.5444254024202,1.));
#8943=CARTESIAN_POINT('Ctrl Pts',(37.6397428008701,31.5264257349942,1.));
#8944=CARTESIAN_POINT('Ctrl Pts',(37.8747183629116,31.5172551519213,1.));
#8945=CARTESIAN_POINT('Ctrl Pts',(35.2075964757046,32.5745533353625,0.));
#8946=CARTESIAN_POINT('Ctrl Pts',(35.2075964757046,32.5745533353625,1.));
#8947=CARTESIAN_POINT('Ctrl Pts',(35.4243566336759,32.3988860938242,0.));
#8948=CARTESIAN_POINT('Ctrl Pts',(35.4243566336759,32.3988860938242,1.));
#8949=CARTESIAN_POINT('Ctrl Pts',(35.8292713423056,32.070734229621,0.));
#8950=CARTESIAN_POINT('Ctrl Pts',(35.8292713423056,32.070734229621,1.));
#8951=CARTESIAN_POINT('Ctrl Pts',(36.3036648022812,31.8558514493974,0.));
#8952=CARTESIAN_POINT('Ctrl Pts',(36.3036648022812,31.8558514493974,1.));
#8953=CARTESIAN_POINT('Ctrl Pts',(36.5241045304378,31.7560003644763,0.));
#8954=CARTESIAN_POINT('Ctrl Pts',(36.5241045304378,31.7560003644763,1.));
#8955=CARTESIAN_POINT('',(35.2075964757046,32.5745533353625,0.));
#8956=CARTESIAN_POINT('Ctrl Pts',(35.2075964757046,32.5745533353625,0.));
#8957=CARTESIAN_POINT('Ctrl Pts',(35.4243566336759,32.3988860938242,0.));
#8958=CARTESIAN_POINT('Ctrl Pts',(35.8292713423056,32.070734229621,0.));
#8959=CARTESIAN_POINT('Ctrl Pts',(36.3036648022812,31.8558514493974,0.));
#8960=CARTESIAN_POINT('Ctrl Pts',(36.5241045304378,31.7560003644763,0.));
#8961=CARTESIAN_POINT('',(35.2075964757046,32.5745533353625,1.));
#8962=CARTESIAN_POINT('',(35.2075964757046,32.5745533353625,0.));
#8963=CARTESIAN_POINT('Ctrl Pts',(35.2075964757046,32.5745533353625,1.));
#8964=CARTESIAN_POINT('Ctrl Pts',(35.4243566336759,32.3988860938242,1.));
#8965=CARTESIAN_POINT('Ctrl Pts',(35.8292713423056,32.070734229621,1.));
#8966=CARTESIAN_POINT('Ctrl Pts',(36.3036648022812,31.8558514493974,1.));
#8967=CARTESIAN_POINT('Ctrl Pts',(36.5241045304378,31.7560003644763,1.));
#8968=CARTESIAN_POINT('Ctrl Pts',(34.9620301076015,31.6809652692614,0.));
#8969=CARTESIAN_POINT('Ctrl Pts',(34.9620301076015,31.6809652692614,1.));
#8970=CARTESIAN_POINT('Ctrl Pts',(35.0203793455249,31.8174050569836,0.));
#8971=CARTESIAN_POINT('Ctrl Pts',(35.0203793455249,31.8174050569836,1.));
#8972=CARTESIAN_POINT('Ctrl Pts',(35.1429026794083,32.1039050741396,0.));
#8973=CARTESIAN_POINT('Ctrl Pts',(35.1429026794083,32.1039050741396,1.));
#8974=CARTESIAN_POINT('Ctrl Pts',(35.1853590732132,32.4127759252263,0.));
#8975=CARTESIAN_POINT('Ctrl Pts',(35.1853590732132,32.4127759252263,1.));
#8976=CARTESIAN_POINT('Ctrl Pts',(35.2075964757046,32.5745533353625,0.));
#8977=CARTESIAN_POINT('Ctrl Pts',(35.2075964757046,32.5745533353625,1.));
#8978=CARTESIAN_POINT('Ctrl Pts',(34.9620301076015,31.6809652692614,0.));
#8979=CARTESIAN_POINT('Ctrl Pts',(35.0203793455249,31.8174050569836,0.));
#8980=CARTESIAN_POINT('Ctrl Pts',(35.1429026794083,32.1039050741396,0.));
#8981=CARTESIAN_POINT('Ctrl Pts',(35.1853590732132,32.4127759252263,0.));
#8982=CARTESIAN_POINT('Ctrl Pts',(35.2075964757046,32.5745533353625,0.));
#8983=CARTESIAN_POINT('Ctrl Pts',(34.9620301076015,31.6809652692614,1.));
#8984=CARTESIAN_POINT('Ctrl Pts',(35.0203793455249,31.8174050569836,1.));
#8985=CARTESIAN_POINT('Ctrl Pts',(35.1429026794083,32.1039050741396,1.));
#8986=CARTESIAN_POINT('Ctrl Pts',(35.1853590732132,32.4127759252263,1.));
#8987=CARTESIAN_POINT('Ctrl Pts',(35.2075964757046,32.5745533353625,1.));
#8988=CARTESIAN_POINT('Origin',(32.833790274783,36.599108422452,1.));
#8989=CARTESIAN_POINT('Ctrl Pts',(29.2594367810329,32.5268052465258,0.));
#8990=CARTESIAN_POINT('Ctrl Pts',(29.2594367810329,32.5268052465258,1.));
#8991=CARTESIAN_POINT('Ctrl Pts',(29.0306543023864,32.5432252353331,0.));
#8992=CARTESIAN_POINT('Ctrl Pts',(29.0306543023864,32.5432252353331,1.));
#8993=CARTESIAN_POINT('Ctrl Pts',(28.5849887959245,32.5752111753018,0.));
#8994=CARTESIAN_POINT('Ctrl Pts',(28.5849887959245,32.5752111753018,1.));
#8995=CARTESIAN_POINT('Ctrl Pts',(28.2265197025299,32.8408933389583,0.));
#8996=CARTESIAN_POINT('Ctrl Pts',(28.2265197025299,32.8408933389583,1.));
#8997=CARTESIAN_POINT('Ctrl Pts',(28.0520707913479,32.9701875097094,0.));
#8998=CARTESIAN_POINT('Ctrl Pts',(28.0520707913479,32.9701875097094,1.));
#8999=CARTESIAN_POINT('',(29.2594367810329,32.5268052465258,0.));
#9000=CARTESIAN_POINT('',(28.0520707913479,32.9701875097094,0.));
#9001=CARTESIAN_POINT('Ctrl Pts',(29.2594367810329,32.5268052465258,0.));
#9002=CARTESIAN_POINT('Ctrl Pts',(29.0306543023864,32.5432252353331,0.));
#9003=CARTESIAN_POINT('Ctrl Pts',(28.5849887959245,32.5752111753018,0.));
#9004=CARTESIAN_POINT('Ctrl Pts',(28.2265197025299,32.8408933389583,0.));
#9005=CARTESIAN_POINT('Ctrl Pts',(28.0520707913479,32.9701875097094,0.));
#9006=CARTESIAN_POINT('',(29.2594367810329,32.5268052465258,1.));
#9007=CARTESIAN_POINT('',(29.2594367810329,32.5268052465258,0.));
#9008=CARTESIAN_POINT('',(28.0520707913479,32.9701875097094,1.));
#9009=CARTESIAN_POINT('Ctrl Pts',(29.2594367810329,32.5268052465258,1.));
#9010=CARTESIAN_POINT('Ctrl Pts',(29.0306543023864,32.5432252353331,1.));
#9011=CARTESIAN_POINT('Ctrl Pts',(28.5849887959245,32.5752111753018,1.));
#9012=CARTESIAN_POINT('Ctrl Pts',(28.2265197025299,32.8408933389583,1.));
#9013=CARTESIAN_POINT('Ctrl Pts',(28.0520707913479,32.9701875097094,1.));
#9014=CARTESIAN_POINT('',(28.0520707913479,32.9701875097094,0.));
#9015=CARTESIAN_POINT('Ctrl Pts',(30.7191926785549,33.18846925562,0.));
#9016=CARTESIAN_POINT('Ctrl Pts',(30.7191926785549,33.18846925562,1.));
#9017=CARTESIAN_POINT('Ctrl Pts',(30.5169009251106,32.9954900409509,0.));
#9018=CARTESIAN_POINT('Ctrl Pts',(30.5169009251106,32.9954900409509,1.));
#9019=CARTESIAN_POINT('Ctrl Pts',(30.1077782127332,32.6052013692989,0.));
#9020=CARTESIAN_POINT('Ctrl Pts',(30.1077782127332,32.6052013692989,1.));
#9021=CARTESIAN_POINT('Ctrl Pts',(29.54430117911,32.5531298647642,0.));
#9022=CARTESIAN_POINT('Ctrl Pts',(29.54430117911,32.5531298647642,1.));
#9023=CARTESIAN_POINT('Ctrl Pts',(29.2594367810329,32.5268052465258,0.));
#9024=CARTESIAN_POINT('Ctrl Pts',(29.2594367810329,32.5268052465258,1.));
#9025=CARTESIAN_POINT('',(30.7191926785549,33.18846925562,0.));
#9026=CARTESIAN_POINT('Ctrl Pts',(30.7191926785549,33.18846925562,0.));
#9027=CARTESIAN_POINT('Ctrl Pts',(30.5169009251106,32.9954900409509,0.));
#9028=CARTESIAN_POINT('Ctrl Pts',(30.1077782127332,32.6052013692989,0.));
#9029=CARTESIAN_POINT('Ctrl Pts',(29.54430117911,32.5531298647642,0.));
#9030=CARTESIAN_POINT('Ctrl Pts',(29.2594367810329,32.5268052465258,0.));
#9031=CARTESIAN_POINT('',(30.7191926785549,33.18846925562,1.));
#9032=CARTESIAN_POINT('',(30.7191926785549,33.18846925562,0.));
#9033=CARTESIAN_POINT('Ctrl Pts',(30.7191926785549,33.18846925562,1.));
#9034=CARTESIAN_POINT('Ctrl Pts',(30.5169009251106,32.9954900409509,1.));
#9035=CARTESIAN_POINT('Ctrl Pts',(30.1077782127332,32.6052013692989,1.));
#9036=CARTESIAN_POINT('Ctrl Pts',(29.54430117911,32.5531298647642,1.));
#9037=CARTESIAN_POINT('Ctrl Pts',(29.2594367810329,32.5268052465258,1.));
#9038=CARTESIAN_POINT('Ctrl Pts',(31.2785369702419,35.3098867780505,0.));
#9039=CARTESIAN_POINT('Ctrl Pts',(31.2785369702419,35.3098867780505,1.));
#9040=CARTESIAN_POINT('Ctrl Pts',(31.2713669913095,34.8783867870472,0.));
#9041=CARTESIAN_POINT('Ctrl Pts',(31.2713669913095,34.8783867870472,1.));
#9042=CARTESIAN_POINT('Ctrl Pts',(31.2587801951083,34.1208946801988,0.));
#9043=CARTESIAN_POINT('Ctrl Pts',(31.2587801951083,34.1208946801988,1.));
#9044=CARTESIAN_POINT('Ctrl Pts',(30.8815404751546,33.469011722838,0.));
#9045=CARTESIAN_POINT('Ctrl Pts',(30.8815404751546,33.469011722838,1.));
#9046=CARTESIAN_POINT('Ctrl Pts',(30.7191926785549,33.18846925562,0.));
#9047=CARTESIAN_POINT('Ctrl Pts',(30.7191926785549,33.18846925562,1.));
#9048=CARTESIAN_POINT('',(31.2785369702419,35.3098867780505,0.));
#9049=CARTESIAN_POINT('Ctrl Pts',(31.2785369702419,35.3098867780505,0.));
#9050=CARTESIAN_POINT('Ctrl Pts',(31.2713669913095,34.8783867870472,0.));
#9051=CARTESIAN_POINT('Ctrl Pts',(31.2587801951083,34.1208946801988,0.));
#9052=CARTESIAN_POINT('Ctrl Pts',(30.8815404751546,33.469011722838,0.));
#9053=CARTESIAN_POINT('Ctrl Pts',(30.7191926785549,33.18846925562,0.));
#9054=CARTESIAN_POINT('',(31.2785369702419,35.3098867780505,1.));
#9055=CARTESIAN_POINT('',(31.2785369702419,35.3098867780505,0.));
#9056=CARTESIAN_POINT('Ctrl Pts',(31.2785369702419,35.3098867780505,1.));
#9057=CARTESIAN_POINT('Ctrl Pts',(31.2713669913095,34.8783867870472,1.));
#9058=CARTESIAN_POINT('Ctrl Pts',(31.2587801951083,34.1208946801988,1.));
#9059=CARTESIAN_POINT('Ctrl Pts',(30.8815404751546,33.469011722838,1.));
#9060=CARTESIAN_POINT('Ctrl Pts',(30.7191926785549,33.18846925562,1.));
#9061=CARTESIAN_POINT('Ctrl Pts',(30.6987292119106,37.4108432180224,0.));
#9062=CARTESIAN_POINT('Ctrl Pts',(30.6987292119106,37.4108432180224,1.));
#9063=CARTESIAN_POINT('Ctrl Pts',(30.8670919246921,37.1325470835171,0.));
#9064=CARTESIAN_POINT('Ctrl Pts',(30.8670919246921,37.1325470835171,1.));
#9065=CARTESIAN_POINT('Ctrl Pts',(31.255211592404,36.4910024002242,0.));
#9066=CARTESIAN_POINT('Ctrl Pts',(31.255211592404,36.4910024002242,1.));
#9067=CARTESIAN_POINT('Ctrl Pts',(31.2701044794776,35.7368786426519,0.));
#9068=CARTESIAN_POINT('Ctrl Pts',(31.2701044794776,35.7368786426519,1.));
#9069=CARTESIAN_POINT('Ctrl Pts',(31.2785369702419,35.3098867780505,0.));
#9070=CARTESIAN_POINT('Ctrl Pts',(31.2785369702419,35.3098867780505,1.));
#9071=CARTESIAN_POINT('',(30.6987292119106,37.4108432180224,0.));
#9072=CARTESIAN_POINT('Ctrl Pts',(30.6987292119106,37.4108432180224,0.));
#9073=CARTESIAN_POINT('Ctrl Pts',(30.8670919246921,37.1325470835171,0.));
#9074=CARTESIAN_POINT('Ctrl Pts',(31.255211592404,36.4910024002242,0.));
#9075=CARTESIAN_POINT('Ctrl Pts',(31.2701044794776,35.7368786426519,0.));
#9076=CARTESIAN_POINT('Ctrl Pts',(31.2785369702419,35.3098867780505,0.));
#9077=CARTESIAN_POINT('',(30.6987292119106,37.4108432180224,1.));
#9078=CARTESIAN_POINT('',(30.6987292119106,37.4108432180224,0.));
#9079=CARTESIAN_POINT('Ctrl Pts',(30.6987292119106,37.4108432180224,1.));
#9080=CARTESIAN_POINT('Ctrl Pts',(30.8670919246921,37.1325470835171,1.));
#9081=CARTESIAN_POINT('Ctrl Pts',(31.255211592404,36.4910024002242,1.));
#9082=CARTESIAN_POINT('Ctrl Pts',(31.2701044794776,35.7368786426519,1.));
#9083=CARTESIAN_POINT('Ctrl Pts',(31.2785369702419,35.3098867780505,1.));
#9084=CARTESIAN_POINT('Ctrl Pts',(29.191225225552,38.0793283826647,0.));
#9085=CARTESIAN_POINT('Ctrl Pts',(29.191225225552,38.0793283826647,1.));
#9086=CARTESIAN_POINT('Ctrl Pts',(29.4846101843512,38.0530160872162,0.));
#9087=CARTESIAN_POINT('Ctrl Pts',(29.4846101843512,38.0530160872162,1.));
#9088=CARTESIAN_POINT('Ctrl Pts',(30.0635317920752,38.0010953737403,0.));
#9089=CARTESIAN_POINT('Ctrl Pts',(30.0635317920752,38.0010953737403,1.));
#9090=CARTESIAN_POINT('Ctrl Pts',(30.4889190316382,37.6058076610918,0.));
#9091=CARTESIAN_POINT('Ctrl Pts',(30.4889190316382,37.6058076610918,1.));
#9092=CARTESIAN_POINT('Ctrl Pts',(30.6987292119106,37.4108432180224,0.));
#9093=CARTESIAN_POINT('Ctrl Pts',(30.6987292119106,37.4108432180224,1.));
#9094=CARTESIAN_POINT('',(29.191225225552,38.0793283826647,0.));
#9095=CARTESIAN_POINT('Ctrl Pts',(29.191225225552,38.0793283826647,0.));
#9096=CARTESIAN_POINT('Ctrl Pts',(29.4846101843512,38.0530160872162,0.));
#9097=CARTESIAN_POINT('Ctrl Pts',(30.0635317920752,38.0010953737403,0.));
#9098=CARTESIAN_POINT('Ctrl Pts',(30.4889190316382,37.6058076610918,0.));
#9099=CARTESIAN_POINT('Ctrl Pts',(30.6987292119106,37.4108432180224,0.));
#9100=CARTESIAN_POINT('',(29.191225225552,38.0793283826647,1.));
#9101=CARTESIAN_POINT('',(29.191225225552,38.0793283826647,0.));
#9102=CARTESIAN_POINT('Ctrl Pts',(29.191225225552,38.0793283826647,1.));
#9103=CARTESIAN_POINT('Ctrl Pts',(29.4846101843512,38.0530160872162,1.));
#9104=CARTESIAN_POINT('Ctrl Pts',(30.0635317920752,38.0010953737403,1.));
#9105=CARTESIAN_POINT('Ctrl Pts',(30.4889190316382,37.6058076610918,1.));
#9106=CARTESIAN_POINT('Ctrl Pts',(30.6987292119106,37.4108432180224,1.));
#9107=CARTESIAN_POINT('Ctrl Pts',(28.147569353207,37.7109788305102,0.));
#9108=CARTESIAN_POINT('Ctrl Pts',(28.147569353207,37.7109788305102,1.));
#9109=CARTESIAN_POINT('Ctrl Pts',(28.300681758334,37.8183994611578,0.));
#9110=CARTESIAN_POINT('Ctrl Pts',(28.300681758334,37.8183994611578,1.));
#9111=CARTESIAN_POINT('Ctrl Pts',(28.6138953327061,38.0381439009274,0.));
#9112=CARTESIAN_POINT('Ctrl Pts',(28.6138953327061,38.0381439009274,1.));
#9113=CARTESIAN_POINT('Ctrl Pts',(28.995940392085,38.0653975179076,0.));
#9114=CARTESIAN_POINT('Ctrl Pts',(28.995940392085,38.0653975179076,1.));
#9115=CARTESIAN_POINT('Ctrl Pts',(29.191225225552,38.0793283826647,0.));
#9116=CARTESIAN_POINT('Ctrl Pts',(29.191225225552,38.0793283826647,1.));
#9117=CARTESIAN_POINT('',(28.147569353207,37.7109788305102,0.));
#9118=CARTESIAN_POINT('Ctrl Pts',(28.147569353207,37.7109788305102,0.));
#9119=CARTESIAN_POINT('Ctrl Pts',(28.300681758334,37.8183994611578,0.));
#9120=CARTESIAN_POINT('Ctrl Pts',(28.6138953327061,38.0381439009274,0.));
#9121=CARTESIAN_POINT('Ctrl Pts',(28.995940392085,38.0653975179076,0.));
#9122=CARTESIAN_POINT('Ctrl Pts',(29.191225225552,38.0793283826647,0.));
#9123=CARTESIAN_POINT('',(28.147569353207,37.7109788305102,1.));
#9124=CARTESIAN_POINT('',(28.147569353207,37.7109788305102,0.));
#9125=CARTESIAN_POINT('Ctrl Pts',(28.147569353207,37.7109788305102,1.));
#9126=CARTESIAN_POINT('Ctrl Pts',(28.300681758334,37.8183994611578,1.));
#9127=CARTESIAN_POINT('Ctrl Pts',(28.6138953327061,38.0381439009274,1.));
#9128=CARTESIAN_POINT('Ctrl Pts',(28.995940392085,38.0653975179076,1.));
#9129=CARTESIAN_POINT('Ctrl Pts',(29.191225225552,38.0793283826647,1.));
#9130=CARTESIAN_POINT('Ctrl Pts',(27.5404745884975,36.6127537137804,0.));
#9131=CARTESIAN_POINT('Ctrl Pts',(27.5404745884975,36.6127537137804,1.));
#9132=CARTESIAN_POINT('Ctrl Pts',(27.6023954861443,36.8356338122074,0.));
#9133=CARTESIAN_POINT('Ctrl Pts',(27.6023954861443,36.8356338122074,1.));
#9134=CARTESIAN_POINT('Ctrl Pts',(27.7178277677377,37.2511245311883,0.));
#9135=CARTESIAN_POINT('Ctrl Pts',(27.7178277677377,37.2511245311883,1.));
#9136=CARTESIAN_POINT('Ctrl Pts',(28.0114525778051,37.5653241242987,0.));
#9137=CARTESIAN_POINT('Ctrl Pts',(28.0114525778051,37.5653241242987,1.));
#9138=CARTESIAN_POINT('Ctrl Pts',(28.147569353207,37.7109788305102,0.));
#9139=CARTESIAN_POINT('Ctrl Pts',(28.147569353207,37.7109788305102,1.));
#9140=CARTESIAN_POINT('',(27.5404745884975,36.6127537137804,0.));
#9141=CARTESIAN_POINT('Ctrl Pts',(27.5404745884975,36.6127537137804,0.));
#9142=CARTESIAN_POINT('Ctrl Pts',(27.6023954861443,36.8356338122074,0.));
#9143=CARTESIAN_POINT('Ctrl Pts',(27.7178277677377,37.2511245311883,0.));
#9144=CARTESIAN_POINT('Ctrl Pts',(28.0114525778051,37.5653241242987,0.));
#9145=CARTESIAN_POINT('Ctrl Pts',(28.147569353207,37.7109788305102,0.));
#9146=CARTESIAN_POINT('',(27.5404745884975,36.6127537137804,1.));
#9147=CARTESIAN_POINT('',(27.5404745884975,36.6127537137804,0.));
#9148=CARTESIAN_POINT('Ctrl Pts',(27.5404745884975,36.6127537137804,1.));
#9149=CARTESIAN_POINT('Ctrl Pts',(27.6023954861443,36.8356338122074,1.));
#9150=CARTESIAN_POINT('Ctrl Pts',(27.7178277677377,37.2511245311883,1.));
#9151=CARTESIAN_POINT('Ctrl Pts',(28.0114525778051,37.5653241242987,1.));
#9152=CARTESIAN_POINT('Ctrl Pts',(28.147569353207,37.7109788305102,1.));
#9153=CARTESIAN_POINT('Origin',(26.3467509099087,36.7969272977648,0.));
#9154=CARTESIAN_POINT('',(26.3467509099087,36.7969272977648,0.));
#9155=CARTESIAN_POINT('',(21.5419486417096,37.5382359187989,0.));
#9156=CARTESIAN_POINT('',(26.3467509099087,36.7969272977648,1.));
#9157=CARTESIAN_POINT('',(26.3467509099087,36.7969272977648,0.));
#9158=CARTESIAN_POINT('',(26.3467509099087,36.7969272977648,1.));
#9159=CARTESIAN_POINT('Ctrl Pts',(27.3085505314907,38.4886048681078,0.));
#9160=CARTESIAN_POINT('Ctrl Pts',(27.3085505314907,38.4886048681078,1.));
#9161=CARTESIAN_POINT('Ctrl Pts',(27.079583122961,38.2624823383631,0.));
#9162=CARTESIAN_POINT('Ctrl Pts',(27.079583122961,38.2624823383631,1.));
#9163=CARTESIAN_POINT('Ctrl Pts',(26.6011458631411,37.7899895752692,0.));
#9164=CARTESIAN_POINT('Ctrl Pts',(26.6011458631411,37.7899895752692,1.));
#9165=CARTESIAN_POINT('Ctrl Pts',(26.4339376816591,37.1372716836208,0.));
#9166=CARTESIAN_POINT('Ctrl Pts',(26.4339376816591,37.1372716836208,1.));
#9167=CARTESIAN_POINT('Ctrl Pts',(26.3467509099087,36.7969272977648,0.));
#9168=CARTESIAN_POINT('Ctrl Pts',(26.3467509099087,36.7969272977648,1.));
#9169=CARTESIAN_POINT('',(27.3085505314907,38.4886048681078,0.));
#9170=CARTESIAN_POINT('Ctrl Pts',(27.3085505314907,38.4886048681078,0.));
#9171=CARTESIAN_POINT('Ctrl Pts',(27.079583122961,38.2624823383631,0.));
#9172=CARTESIAN_POINT('Ctrl Pts',(26.6011458631411,37.7899895752692,0.));
#9173=CARTESIAN_POINT('Ctrl Pts',(26.4339376816591,37.1372716836208,0.));
#9174=CARTESIAN_POINT('Ctrl Pts',(26.3467509099087,36.7969272977648,0.));
#9175=CARTESIAN_POINT('',(27.3085505314907,38.4886048681078,1.));
#9176=CARTESIAN_POINT('',(27.3085505314907,38.4886048681078,0.));
#9177=CARTESIAN_POINT('Ctrl Pts',(27.3085505314907,38.4886048681078,1.));
#9178=CARTESIAN_POINT('Ctrl Pts',(27.079583122961,38.2624823383631,1.));
#9179=CARTESIAN_POINT('Ctrl Pts',(26.6011458631411,37.7899895752692,1.));
#9180=CARTESIAN_POINT('Ctrl Pts',(26.4339376816591,37.1372716836208,1.));
#9181=CARTESIAN_POINT('Ctrl Pts',(26.3467509099087,36.7969272977648,1.));
#9182=CARTESIAN_POINT('Ctrl Pts',(29.2389733143886,39.0888784772692,0.));
#9183=CARTESIAN_POINT('Ctrl Pts',(29.2389733143886,39.0888784772692,1.));
#9184=CARTESIAN_POINT('Ctrl Pts',(28.8714289906705,39.0699363844695,0.));
#9185=CARTESIAN_POINT('Ctrl Pts',(28.8714289906705,39.0699363844695,1.));
#9186=CARTESIAN_POINT('Ctrl Pts',(28.175143514594,39.0340519937938,0.));
#9187=CARTESIAN_POINT('Ctrl Pts',(28.175143514594,39.0340519937938,1.));
#9188=CARTESIAN_POINT('Ctrl Pts',(27.5864796779032,38.6635378031891,0.));
#9189=CARTESIAN_POINT('Ctrl Pts',(27.5864796779032,38.6635378031891,1.));
#9190=CARTESIAN_POINT('Ctrl Pts',(27.3085505314907,38.4886048681078,0.));
#9191=CARTESIAN_POINT('Ctrl Pts',(27.3085505314907,38.4886048681078,1.));
#9192=CARTESIAN_POINT('',(29.2389733143886,39.0888784772692,0.));
#9193=CARTESIAN_POINT('Ctrl Pts',(29.2389733143886,39.0888784772692,0.));
#9194=CARTESIAN_POINT('Ctrl Pts',(28.8714289906705,39.0699363844695,0.));
#9195=CARTESIAN_POINT('Ctrl Pts',(28.175143514594,39.0340519937938,0.));
#9196=CARTESIAN_POINT('Ctrl Pts',(27.5864796779032,38.6635378031891,0.));
#9197=CARTESIAN_POINT('Ctrl Pts',(27.3085505314907,38.4886048681078,0.));
#9198=CARTESIAN_POINT('',(29.2389733143886,39.0888784772692,1.));
#9199=CARTESIAN_POINT('',(29.2389733143886,39.0888784772692,0.));
#9200=CARTESIAN_POINT('Ctrl Pts',(29.2389733143886,39.0888784772692,1.));
#9201=CARTESIAN_POINT('Ctrl Pts',(28.8714289906705,39.0699363844695,1.));
#9202=CARTESIAN_POINT('Ctrl Pts',(28.175143514594,39.0340519937938,1.));
#9203=CARTESIAN_POINT('Ctrl Pts',(27.5864796779032,38.6635378031891,1.));
#9204=CARTESIAN_POINT('Ctrl Pts',(27.3085505314907,38.4886048681078,1.));
#9205=CARTESIAN_POINT('Ctrl Pts',(30.971580202206,38.6454938298998,0.));
#9206=CARTESIAN_POINT('Ctrl Pts',(30.971580202206,38.6454938298998,1.));
#9207=CARTESIAN_POINT('Ctrl Pts',(30.6989239517964,38.7748132754744,0.));
#9208=CARTESIAN_POINT('Ctrl Pts',(30.6989239517964,38.7748132754744,1.));
#9209=CARTESIAN_POINT('Ctrl Pts',(30.1502561563747,39.0350435654531,0.));
#9210=CARTESIAN_POINT('Ctrl Pts',(30.1502561563747,39.0350435654531,1.));
#9211=CARTESIAN_POINT('Ctrl Pts',(29.5439701450687,39.0708604956642,0.));
#9212=CARTESIAN_POINT('Ctrl Pts',(29.5439701450687,39.0708604956642,1.));
#9213=CARTESIAN_POINT('Ctrl Pts',(29.2389733143886,39.0888784772692,0.));
#9214=CARTESIAN_POINT('Ctrl Pts',(29.2389733143886,39.0888784772692,1.));
#9215=CARTESIAN_POINT('',(30.971580202206,38.6454938298998,0.));
#9216=CARTESIAN_POINT('Ctrl Pts',(30.971580202206,38.6454938298998,0.));
#9217=CARTESIAN_POINT('Ctrl Pts',(30.6989239517964,38.7748132754744,0.));
#9218=CARTESIAN_POINT('Ctrl Pts',(30.1502561563747,39.0350435654531,0.));
#9219=CARTESIAN_POINT('Ctrl Pts',(29.5439701450687,39.0708604956642,0.));
#9220=CARTESIAN_POINT('Ctrl Pts',(29.2389733143886,39.0888784772692,0.));
#9221=CARTESIAN_POINT('',(30.971580202206,38.6454938298998,1.));
#9222=CARTESIAN_POINT('',(30.971580202206,38.6454938298998,0.));
#9223=CARTESIAN_POINT('Ctrl Pts',(30.971580202206,38.6454938298998,1.));
#9224=CARTESIAN_POINT('Ctrl Pts',(30.6989239517964,38.7748132754744,1.));
#9225=CARTESIAN_POINT('Ctrl Pts',(30.1502561563747,39.0350435654531,1.));
#9226=CARTESIAN_POINT('Ctrl Pts',(29.5439701450687,39.0708604956642,1.));
#9227=CARTESIAN_POINT('Ctrl Pts',(29.2389733143886,39.0888784772692,1.));
#9228=CARTESIAN_POINT('Ctrl Pts',(32.1516615696987,37.3289869672595,0.));
#9229=CARTESIAN_POINT('Ctrl Pts',(32.1516615696987,37.3289869672595,1.));
#9230=CARTESIAN_POINT('Ctrl Pts',(32.0075864864991,37.6025436872943,0.));
#9231=CARTESIAN_POINT('Ctrl Pts',(32.0075864864991,37.6025436872943,1.));
#9232=CARTESIAN_POINT('Ctrl Pts',(31.7242315206157,38.1405524348946,0.));
#9233=CARTESIAN_POINT('Ctrl Pts',(31.7242315206157,38.1405524348946,1.));
#9234=CARTESIAN_POINT('Ctrl Pts',(31.2196174563162,38.4790897141556,0.));
#9235=CARTESIAN_POINT('Ctrl Pts',(31.2196174563162,38.4790897141556,1.));
#9236=CARTESIAN_POINT('Ctrl Pts',(30.971580202206,38.6454938298998,0.));
#9237=CARTESIAN_POINT('Ctrl Pts',(30.971580202206,38.6454938298998,1.));
#9238=CARTESIAN_POINT('',(32.1516615696987,37.3289869672595,0.));
#9239=CARTESIAN_POINT('Ctrl Pts',(32.1516615696987,37.3289869672595,0.));
#9240=CARTESIAN_POINT('Ctrl Pts',(32.0075864864991,37.6025436872943,0.));
#9241=CARTESIAN_POINT('Ctrl Pts',(31.7242315206157,38.1405524348946,0.));
#9242=CARTESIAN_POINT('Ctrl Pts',(31.2196174563162,38.4790897141556,0.));
#9243=CARTESIAN_POINT('Ctrl Pts',(30.971580202206,38.6454938298998,0.));
#9244=CARTESIAN_POINT('',(32.1516615696987,37.3289869672595,1.));
#9245=CARTESIAN_POINT('',(32.1516615696987,37.3289869672595,0.));
#9246=CARTESIAN_POINT('Ctrl Pts',(32.1516615696987,37.3289869672595,1.));
#9247=CARTESIAN_POINT('Ctrl Pts',(32.0075864864991,37.6025436872943,1.));
#9248=CARTESIAN_POINT('Ctrl Pts',(31.7242315206157,38.1405524348946,1.));
#9249=CARTESIAN_POINT('Ctrl Pts',(31.2196174563162,38.4790897141556,1.));
#9250=CARTESIAN_POINT('Ctrl Pts',(30.971580202206,38.6454938298998,1.));
#9251=CARTESIAN_POINT('Ctrl Pts',(32.5404745884975,35.27578100031,0.));
#9252=CARTESIAN_POINT('Ctrl Pts',(32.5404745884975,35.27578100031,1.));
#9253=CARTESIAN_POINT('Ctrl Pts',(32.5278519915985,35.6462802327815,0.));
#9254=CARTESIAN_POINT('Ctrl Pts',(32.5278519915985,35.6462802327815,1.));
#9255=CARTESIAN_POINT('Ctrl Pts',(32.5038338295912,36.3512627859139,0.));
#9256=CARTESIAN_POINT('Ctrl Pts',(32.5038338295912,36.3512627859139,1.));
#9257=CARTESIAN_POINT('Ctrl Pts',(32.2649849119106,37.0143711254969,0.));
#9258=CARTESIAN_POINT('Ctrl Pts',(32.2649849119106,37.0143711254969,1.));
#9259=CARTESIAN_POINT('Ctrl Pts',(32.1516615696987,37.3289869672595,0.));
#9260=CARTESIAN_POINT('Ctrl Pts',(32.1516615696987,37.3289869672595,1.));
#9261=CARTESIAN_POINT('',(32.5404745884975,35.27578100031,0.));
#9262=CARTESIAN_POINT('Ctrl Pts',(32.5404745884975,35.27578100031,0.));
#9263=CARTESIAN_POINT('Ctrl Pts',(32.5278519915985,35.6462802327815,0.));
#9264=CARTESIAN_POINT('Ctrl Pts',(32.5038338295912,36.3512627859139,0.));
#9265=CARTESIAN_POINT('Ctrl Pts',(32.2649849119106,37.0143711254969,0.));
#9266=CARTESIAN_POINT('Ctrl Pts',(32.1516615696987,37.3289869672595,0.));
#9267=CARTESIAN_POINT('',(32.5404745884975,35.27578100031,1.));
#9268=CARTESIAN_POINT('',(32.5404745884975,35.27578100031,0.));
#9269=CARTESIAN_POINT('Ctrl Pts',(32.5404745884975,35.27578100031,1.));
#9270=CARTESIAN_POINT('Ctrl Pts',(32.5278519915985,35.6462802327815,1.));
#9271=CARTESIAN_POINT('Ctrl Pts',(32.5038338295912,36.3512627859139,1.));
#9272=CARTESIAN_POINT('Ctrl Pts',(32.2649849119106,37.0143711254969,1.));
#9273=CARTESIAN_POINT('Ctrl Pts',(32.1516615696987,37.3289869672595,1.));
#9274=CARTESIAN_POINT('Ctrl Pts',(31.6400653668484,32.4858759290514,0.));
#9275=CARTESIAN_POINT('Ctrl Pts',(31.6400653668484,32.4858759290514,1.));
#9276=CARTESIAN_POINT('Ctrl Pts',(31.9021747173919,32.8683223360639,0.));
#9277=CARTESIAN_POINT('Ctrl Pts',(31.9021747173919,32.8683223360639,1.));
#9278=CARTESIAN_POINT('Ctrl Pts',(32.4756476226289,33.7050824580209,0.));
#9279=CARTESIAN_POINT('Ctrl Pts',(32.4756476226289,33.7050824580209,1.));
#9280=CARTESIAN_POINT('Ctrl Pts',(32.517662740832,34.7230706367277,0.));
#9281=CARTESIAN_POINT('Ctrl Pts',(32.517662740832,34.7230706367277,1.));
#9282=CARTESIAN_POINT('Ctrl Pts',(32.5404745884975,35.27578100031,0.));
#9283=CARTESIAN_POINT('Ctrl Pts',(32.5404745884975,35.27578100031,1.));
#9284=CARTESIAN_POINT('',(31.6400653668484,32.4858759290514,0.));
#9285=CARTESIAN_POINT('Ctrl Pts',(31.6400653668484,32.4858759290514,0.));
#9286=CARTESIAN_POINT('Ctrl Pts',(31.9021747173919,32.8683223360639,0.));
#9287=CARTESIAN_POINT('Ctrl Pts',(32.4756476226289,33.7050824580209,0.));
#9288=CARTESIAN_POINT('Ctrl Pts',(32.517662740832,34.7230706367277,0.));
#9289=CARTESIAN_POINT('Ctrl Pts',(32.5404745884975,35.27578100031,0.));
#9290=CARTESIAN_POINT('',(31.6400653668484,32.4858759290514,1.));
#9291=CARTESIAN_POINT('',(31.6400653668484,32.4858759290514,0.));
#9292=CARTESIAN_POINT('Ctrl Pts',(31.6400653668484,32.4858759290514,1.));
#9293=CARTESIAN_POINT('Ctrl Pts',(31.9021747173919,32.8683223360639,1.));
#9294=CARTESIAN_POINT('Ctrl Pts',(32.4756476226289,33.7050824580209,1.));
#9295=CARTESIAN_POINT('Ctrl Pts',(32.517662740832,34.7230706367277,1.));
#9296=CARTESIAN_POINT('Ctrl Pts',(32.5404745884975,35.27578100031,1.));
#9297=CARTESIAN_POINT('Ctrl Pts',(29.2457944699367,31.5172551519213,0.));
#9298=CARTESIAN_POINT('Ctrl Pts',(29.2457944699367,31.5172551519213,1.));
#9299=CARTESIAN_POINT('Ctrl Pts',(29.7120665343957,31.5521520895109,0.));
#9300=CARTESIAN_POINT('Ctrl Pts',(29.7120665343957,31.5521520895109,1.));
#9301=CARTESIAN_POINT('Ctrl Pts',(30.6154985003409,31.6197671394681,0.));
#9302=CARTESIAN_POINT('Ctrl Pts',(30.6154985003409,31.6197671394681,1.));
#9303=CARTESIAN_POINT('Ctrl Pts',(31.3059595429136,32.2034424440147,0.));
#9304=CARTESIAN_POINT('Ctrl Pts',(31.3059595429136,32.2034424440147,1.));
#9305=CARTESIAN_POINT('Ctrl Pts',(31.6400653668484,32.4858759290514,0.));
#9306=CARTESIAN_POINT('Ctrl Pts',(31.6400653668484,32.4858759290514,1.));
#9307=CARTESIAN_POINT('',(29.2457944699367,31.5172551519213,0.));
#9308=CARTESIAN_POINT('Ctrl Pts',(29.2457944699367,31.5172551519213,0.));
#9309=CARTESIAN_POINT('Ctrl Pts',(29.7120665343957,31.5521520895109,0.));
#9310=CARTESIAN_POINT('Ctrl Pts',(30.6154985003409,31.6197671394681,0.));
#9311=CARTESIAN_POINT('Ctrl Pts',(31.3059595429136,32.2034424440147,0.));
#9312=CARTESIAN_POINT('Ctrl Pts',(31.6400653668484,32.4858759290514,0.));
#9313=CARTESIAN_POINT('',(29.2457944699367,31.5172551519213,1.));
#9314=CARTESIAN_POINT('',(29.2457944699367,31.5172551519213,0.));
#9315=CARTESIAN_POINT('Ctrl Pts',(29.2457944699367,31.5172551519213,1.));
#9316=CARTESIAN_POINT('Ctrl Pts',(29.7120665343957,31.5521520895109,1.));
#9317=CARTESIAN_POINT('Ctrl Pts',(30.6154985003409,31.6197671394681,1.));
#9318=CARTESIAN_POINT('Ctrl Pts',(31.3059595429136,32.2034424440147,1.));
#9319=CARTESIAN_POINT('Ctrl Pts',(31.6400653668484,32.4858759290514,1.));
#9320=CARTESIAN_POINT('Ctrl Pts',(27.2471601315578,32.2198460943041,0.));
#9321=CARTESIAN_POINT('Ctrl Pts',(27.2471601315578,32.2198460943041,1.));
#9322=CARTESIAN_POINT('Ctrl Pts',(27.5385566120955,32.0149671045604,0.));
#9323=CARTESIAN_POINT('Ctrl Pts',(27.5385566120955,32.0149671045604,1.));
#9324=CARTESIAN_POINT('Ctrl Pts',(28.1378844310943,31.5935835729022,0.));
#9325=CARTESIAN_POINT('Ctrl Pts',(28.1378844310943,31.5935835729022,1.));
#9326=CARTESIAN_POINT('Ctrl Pts',(28.8697605458368,31.5431616557488,0.));
#9327=CARTESIAN_POINT('Ctrl Pts',(28.8697605458368,31.5431616557488,1.));
#9328=CARTESIAN_POINT('Ctrl Pts',(29.2457944699367,31.5172551519213,0.));
#9329=CARTESIAN_POINT('Ctrl Pts',(29.2457944699367,31.5172551519213,1.));
#9330=CARTESIAN_POINT('',(27.2471601315578,32.2198460943041,0.));
#9331=CARTESIAN_POINT('Ctrl Pts',(27.2471601315578,32.2198460943041,0.));
#9332=CARTESIAN_POINT('Ctrl Pts',(27.5385566120955,32.0149671045604,0.));
#9333=CARTESIAN_POINT('Ctrl Pts',(28.1378844310943,31.5935835729022,0.));
#9334=CARTESIAN_POINT('Ctrl Pts',(28.8697605458368,31.5431616557488,0.));
#9335=CARTESIAN_POINT('Ctrl Pts',(29.2457944699367,31.5172551519213,0.));
#9336=CARTESIAN_POINT('',(27.2471601315578,32.2198460943041,1.));
#9337=CARTESIAN_POINT('',(27.2471601315578,32.2198460943041,0.));
#9338=CARTESIAN_POINT('Ctrl Pts',(27.2471601315578,32.2198460943041,1.));
#9339=CARTESIAN_POINT('Ctrl Pts',(27.5385566120955,32.0149671045604,1.));
#9340=CARTESIAN_POINT('Ctrl Pts',(28.1378844310943,31.5935835729022,1.));
#9341=CARTESIAN_POINT('Ctrl Pts',(28.8697605458368,31.5431616557488,1.));
#9342=CARTESIAN_POINT('Ctrl Pts',(29.2457944699367,31.5172551519213,1.));
#9343=CARTESIAN_POINT('Ctrl Pts',(26.2307888814052,34.1775558835803,0.));
#9344=CARTESIAN_POINT('Ctrl Pts',(26.2307888814052,34.1775558835803,1.));
#9345=CARTESIAN_POINT('Ctrl Pts',(26.31642458065,33.7894224254214,0.));
#9346=CARTESIAN_POINT('Ctrl Pts',(26.31642458065,33.7894224254214,1.));
#9347=CARTESIAN_POINT('Ctrl Pts',(26.4807625345146,33.0445805089921,0.));
#9348=CARTESIAN_POINT('Ctrl Pts',(26.4807625345146,33.0445805089921,1.));
#9349=CARTESIAN_POINT('Ctrl Pts',(26.9989821893207,32.4869148986937,0.));
#9350=CARTESIAN_POINT('Ctrl Pts',(26.9989821893207,32.4869148986937,1.));
#9351=CARTESIAN_POINT('Ctrl Pts',(27.2471601315578,32.2198460943041,0.));
#9352=CARTESIAN_POINT('Ctrl Pts',(27.2471601315578,32.2198460943041,1.));
#9353=CARTESIAN_POINT('',(26.2307888814052,34.1775558835803,0.));
#9354=CARTESIAN_POINT('Ctrl Pts',(26.2307888814052,34.1775558835803,0.));
#9355=CARTESIAN_POINT('Ctrl Pts',(26.31642458065,33.7894224254214,0.));
#9356=CARTESIAN_POINT('Ctrl Pts',(26.4807625345146,33.0445805089921,0.));
#9357=CARTESIAN_POINT('Ctrl Pts',(26.9989821893207,32.4869148986937,0.));
#9358=CARTESIAN_POINT('Ctrl Pts',(27.2471601315578,32.2198460943041,0.));
#9359=CARTESIAN_POINT('',(26.2307888814052,34.1775558835803,1.));
#9360=CARTESIAN_POINT('',(26.2307888814052,34.1775558835803,0.));
#9361=CARTESIAN_POINT('Ctrl Pts',(26.2307888814052,34.1775558835803,1.));
#9362=CARTESIAN_POINT('Ctrl Pts',(26.31642458065,33.7894224254214,1.));
#9363=CARTESIAN_POINT('Ctrl Pts',(26.4807625345146,33.0445805089921,1.));
#9364=CARTESIAN_POINT('Ctrl Pts',(26.9989821893207,32.4869148986937,1.));
#9365=CARTESIAN_POINT('Ctrl Pts',(27.2471601315578,32.2198460943041,1.));
#9366=CARTESIAN_POINT('Origin',(27.4381548710903,34.3344448453722,0.));
#9367=CARTESIAN_POINT('',(27.4381548710903,34.3344448453722,0.));
#9368=CARTESIAN_POINT('',(22.2350929162759,33.6583424909874,0.));
#9369=CARTESIAN_POINT('',(27.4381548710903,34.3344448453722,1.));
#9370=CARTESIAN_POINT('',(27.4381548710903,34.3344448453722,0.));
#9371=CARTESIAN_POINT('',(27.4381548710903,34.3344448453722,1.));
#9372=CARTESIAN_POINT('Ctrl Pts',(28.0520707913479,32.9701875097094,0.));
#9373=CARTESIAN_POINT('Ctrl Pts',(28.0520707913479,32.9701875097094,1.));
#9374=CARTESIAN_POINT('Ctrl Pts',(27.9039703331193,33.1501490566592,0.));
#9375=CARTESIAN_POINT('Ctrl Pts',(27.9039703331193,33.1501490566592,1.));
#9376=CARTESIAN_POINT('Ctrl Pts',(27.5770296701575,33.5474249879502,0.));
#9377=CARTESIAN_POINT('Ctrl Pts',(27.5770296701575,33.5474249879502,1.));
#9378=CARTESIAN_POINT('Ctrl Pts',(27.4872599264291,34.0561607080701,0.));
#9379=CARTESIAN_POINT('Ctrl Pts',(27.4872599264291,34.0561607080701,1.));
#9380=CARTESIAN_POINT('Ctrl Pts',(27.4381548710903,34.3344448453722,0.));
#9381=CARTESIAN_POINT('Ctrl Pts',(27.4381548710903,34.3344448453722,1.));
#9382=CARTESIAN_POINT('Ctrl Pts',(28.0520707913479,32.9701875097094,0.));
#9383=CARTESIAN_POINT('Ctrl Pts',(27.9039703331193,33.1501490566592,0.));
#9384=CARTESIAN_POINT('Ctrl Pts',(27.5770296701575,33.5474249879502,0.));
#9385=CARTESIAN_POINT('Ctrl Pts',(27.4872599264291,34.0561607080701,0.));
#9386=CARTESIAN_POINT('Ctrl Pts',(27.4381548710903,34.3344448453722,0.));
#9387=CARTESIAN_POINT('Ctrl Pts',(28.0520707913479,32.9701875097094,1.));
#9388=CARTESIAN_POINT('Ctrl Pts',(27.9039703331193,33.1501490566592,1.));
#9389=CARTESIAN_POINT('Ctrl Pts',(27.5770296701575,33.5474249879502,1.));
#9390=CARTESIAN_POINT('Ctrl Pts',(27.4872599264291,34.0561607080701,1.));
#9391=CARTESIAN_POINT('Ctrl Pts',(27.4381548710903,34.3344448453722,1.));
#9392=CARTESIAN_POINT('Origin',(32.833790274783,36.599108422452,1.));
#9393=CARTESIAN_POINT('Ctrl Pts',(17.58822506152,38.0725072271166,0.));
#9394=CARTESIAN_POINT('Ctrl Pts',(17.58822506152,38.0725072271166,1.));
#9395=CARTESIAN_POINT('Ctrl Pts',(17.882026422756,38.0438949661855,0.));
#9396=CARTESIAN_POINT('Ctrl Pts',(17.882026422756,38.0438949661855,1.));
#9397=CARTESIAN_POINT('Ctrl Pts',(18.4691534940364,37.9867167662869,0.));
#9398=CARTESIAN_POINT('Ctrl Pts',(18.4691534940364,37.9867167662869,1.));
#9399=CARTESIAN_POINT('Ctrl Pts',(18.9006293586827,37.5845011137606,0.));
#9400=CARTESIAN_POINT('Ctrl Pts',(18.9006293586827,37.5845011137606,1.));
#9401=CARTESIAN_POINT('Ctrl Pts',(19.1161925145229,37.3835562116442,0.));
#9402=CARTESIAN_POINT('Ctrl Pts',(19.1161925145229,37.3835562116442,1.));
#9403=CARTESIAN_POINT('',(17.58822506152,38.0725072271166,0.));
#9404=CARTESIAN_POINT('',(19.1161925145229,37.3835562116442,0.));
#9405=CARTESIAN_POINT('Ctrl Pts',(17.58822506152,38.0725072271166,0.));
#9406=CARTESIAN_POINT('Ctrl Pts',(17.882026422756,38.0438949661855,0.));
#9407=CARTESIAN_POINT('Ctrl Pts',(18.4691534940364,37.9867167662869,0.));
#9408=CARTESIAN_POINT('Ctrl Pts',(18.9006293586827,37.5845011137606,0.));
#9409=CARTESIAN_POINT('Ctrl Pts',(19.1161925145229,37.3835562116442,0.));
#9410=CARTESIAN_POINT('',(17.58822506152,38.0725072271166,1.));
#9411=CARTESIAN_POINT('',(17.58822506152,38.0725072271166,0.));
#9412=CARTESIAN_POINT('',(19.1161925145229,37.3835562116442,1.));
#9413=CARTESIAN_POINT('Ctrl Pts',(17.58822506152,38.0725072271166,1.));
#9414=CARTESIAN_POINT('Ctrl Pts',(17.882026422756,38.0438949661855,1.));
#9415=CARTESIAN_POINT('Ctrl Pts',(18.4691534940364,37.9867167662869,1.));
#9416=CARTESIAN_POINT('Ctrl Pts',(18.9006293586827,37.5845011137606,1.));
#9417=CARTESIAN_POINT('Ctrl Pts',(19.1161925145229,37.3835562116442,1.));
#9418=CARTESIAN_POINT('',(19.1161925145229,37.3835562116442,0.));
#9419=CARTESIAN_POINT('Ctrl Pts',(16.0738999196133,37.3767374402819,0.));
#9420=CARTESIAN_POINT('Ctrl Pts',(16.0738999196133,37.3767374402819,1.));
#9421=CARTESIAN_POINT('Ctrl Pts',(16.28799779027,37.5796684995885,0.));
#9422=CARTESIAN_POINT('Ctrl Pts',(16.28799779027,37.5796684995885,1.));
#9423=CARTESIAN_POINT('Ctrl Pts',(16.714034843032,37.983484521465,0.));
#9424=CARTESIAN_POINT('Ctrl Pts',(16.714034843032,37.983484521465,1.));
#9425=CARTESIAN_POINT('Ctrl Pts',(17.2978143067223,38.0429333991377,0.));
#9426=CARTESIAN_POINT('Ctrl Pts',(17.2978143067223,38.0429333991377,1.));
#9427=CARTESIAN_POINT('Ctrl Pts',(17.58822506152,38.0725072271166,0.));
#9428=CARTESIAN_POINT('Ctrl Pts',(17.58822506152,38.0725072271166,1.));
#9429=CARTESIAN_POINT('',(16.0738999196133,37.3767374402819,0.));
#9430=CARTESIAN_POINT('Ctrl Pts',(16.0738999196133,37.3767374402819,0.));
#9431=CARTESIAN_POINT('Ctrl Pts',(16.28799779027,37.5796684995885,0.));
#9432=CARTESIAN_POINT('Ctrl Pts',(16.714034843032,37.983484521465,0.));
#9433=CARTESIAN_POINT('Ctrl Pts',(17.2978143067223,38.0429333991377,0.));
#9434=CARTESIAN_POINT('Ctrl Pts',(17.58822506152,38.0725072271166,0.));
#9435=CARTESIAN_POINT('',(16.0738999196133,37.3767374402819,1.));
#9436=CARTESIAN_POINT('',(16.0738999196133,37.3767374402819,0.));
#9437=CARTESIAN_POINT('Ctrl Pts',(16.0738999196133,37.3767374402819,1.));
#9438=CARTESIAN_POINT('Ctrl Pts',(16.28799779027,37.5796684995885,1.));
#9439=CARTESIAN_POINT('Ctrl Pts',(16.714034843032,37.983484521465,1.));
#9440=CARTESIAN_POINT('Ctrl Pts',(17.2978143067223,38.0429333991377,1.));
#9441=CARTESIAN_POINT('Ctrl Pts',(17.58822506152,38.0725072271166,1.));
#9442=CARTESIAN_POINT('Ctrl Pts',(15.4599839993557,35.3439949399767,0.));
#9443=CARTESIAN_POINT('Ctrl Pts',(15.4599839993557,35.3439949399767,1.));
#9444=CARTESIAN_POINT('Ctrl Pts',(15.47329925306,35.7495710384074,0.));
#9445=CARTESIAN_POINT('Ctrl Pts',(15.47329925306,35.7495710384074,1.));
#9446=CARTESIAN_POINT('Ctrl Pts',(15.497457172884,36.4854094299241,0.));
#9447=CARTESIAN_POINT('Ctrl Pts',(15.497457172884,36.4854094299241,1.));
#9448=CARTESIAN_POINT('Ctrl Pts',(15.895326445159,37.1006171480393,0.));
#9449=CARTESIAN_POINT('Ctrl Pts',(15.895326445159,37.1006171480393,1.));
#9450=CARTESIAN_POINT('Ctrl Pts',(16.0738999196133,37.3767374402819,0.));
#9451=CARTESIAN_POINT('Ctrl Pts',(16.0738999196133,37.3767374402819,1.));
#9452=CARTESIAN_POINT('',(15.4599839993557,35.3439949399767,0.));
#9453=CARTESIAN_POINT('Ctrl Pts',(15.4599839993557,35.3439949399767,0.));
#9454=CARTESIAN_POINT('Ctrl Pts',(15.47329925306,35.7495710384074,0.));
#9455=CARTESIAN_POINT('Ctrl Pts',(15.497457172884,36.4854094299241,0.));
#9456=CARTESIAN_POINT('Ctrl Pts',(15.895326445159,37.1006171480393,0.));
#9457=CARTESIAN_POINT('Ctrl Pts',(16.0738999196133,37.3767374402819,0.));
#9458=CARTESIAN_POINT('',(15.4599839993557,35.3439949399767,1.));
#9459=CARTESIAN_POINT('',(15.4599839993557,35.3439949399767,0.));
#9460=CARTESIAN_POINT('Ctrl Pts',(15.4599839993557,35.3439949399767,1.));
#9461=CARTESIAN_POINT('Ctrl Pts',(15.47329925306,35.7495710384074,1.));
#9462=CARTESIAN_POINT('Ctrl Pts',(15.497457172884,36.4854094299241,1.));
#9463=CARTESIAN_POINT('Ctrl Pts',(15.895326445159,37.1006171480393,1.));
#9464=CARTESIAN_POINT('Ctrl Pts',(16.0738999196133,37.3767374402819,1.));
#9465=CARTESIAN_POINT('Ctrl Pts',(16.0670787640652,33.2225750333605,0.));
#9466=CARTESIAN_POINT('Ctrl Pts',(16.0670787640652,33.2225750333605,1.));
#9467=CARTESIAN_POINT('Ctrl Pts',(15.8906328712178,33.5076923397606,0.));
#9468=CARTESIAN_POINT('Ctrl Pts',(15.8906328712178,33.5076923397606,1.));
#9469=CARTESIAN_POINT('Ctrl Pts',(15.4908034223364,34.1537730937237,0.));
#9470=CARTESIAN_POINT('Ctrl Pts',(15.4908034223364,34.1537730937237,1.));
#9471=CARTESIAN_POINT('Ctrl Pts',(15.4710308681566,34.9173735659226,0.));
#9472=CARTESIAN_POINT('Ctrl Pts',(15.4710308681566,34.9173735659226,1.));
#9473=CARTESIAN_POINT('Ctrl Pts',(15.4599839993557,35.3439949399767,0.));
#9474=CARTESIAN_POINT('Ctrl Pts',(15.4599839993557,35.3439949399767,1.));
#9475=CARTESIAN_POINT('',(16.0670787640652,33.2225750333605,0.));
#9476=CARTESIAN_POINT('Ctrl Pts',(16.0670787640652,33.2225750333605,0.));
#9477=CARTESIAN_POINT('Ctrl Pts',(15.8906328712178,33.5076923397606,0.));
#9478=CARTESIAN_POINT('Ctrl Pts',(15.4908034223364,34.1537730937237,0.));
#9479=CARTESIAN_POINT('Ctrl Pts',(15.4710308681566,34.9173735659226,0.));
#9480=CARTESIAN_POINT('Ctrl Pts',(15.4599839993557,35.3439949399767,0.));
#9481=CARTESIAN_POINT('',(16.0670787640652,33.2225750333605,1.));
#9482=CARTESIAN_POINT('',(16.0670787640652,33.2225750333605,0.));
#9483=CARTESIAN_POINT('Ctrl Pts',(16.0670787640652,33.2225750333605,1.));
#9484=CARTESIAN_POINT('Ctrl Pts',(15.8906328712178,33.5076923397606,1.));
#9485=CARTESIAN_POINT('Ctrl Pts',(15.4908034223364,34.1537730937237,1.));
#9486=CARTESIAN_POINT('Ctrl Pts',(15.4710308681566,34.9173735659226,1.));
#9487=CARTESIAN_POINT('Ctrl Pts',(15.4599839993557,35.3439949399767,1.));
#9488=CARTESIAN_POINT('Ctrl Pts',(17.58822506152,32.5268052465258,0.));
#9489=CARTESIAN_POINT('Ctrl Pts',(17.58822506152,32.5268052465258,1.));
#9490=CARTESIAN_POINT('Ctrl Pts',(17.2960380855853,32.5561328271862,0.));
#9491=CARTESIAN_POINT('Ctrl Pts',(17.2960380855853,32.5561328271862,1.));
#9492=CARTESIAN_POINT('Ctrl Pts',(16.7099540621181,32.6149596329226,0.));
#9493=CARTESIAN_POINT('Ctrl Pts',(16.7099540621181,32.6149596329226,1.));
#9494=CARTESIAN_POINT('Ctrl Pts',(16.2817869643389,33.0196429725367,0.));
#9495=CARTESIAN_POINT('Ctrl Pts',(16.2817869643389,33.0196429725367,1.));
#9496=CARTESIAN_POINT('Ctrl Pts',(16.0670787640652,33.2225750333605,0.));
#9497=CARTESIAN_POINT('Ctrl Pts',(16.0670787640652,33.2225750333605,1.));
#9498=CARTESIAN_POINT('',(17.58822506152,32.5268052465258,0.));
#9499=CARTESIAN_POINT('Ctrl Pts',(17.58822506152,32.5268052465258,0.));
#9500=CARTESIAN_POINT('Ctrl Pts',(17.2960380855853,32.5561328271862,0.));
#9501=CARTESIAN_POINT('Ctrl Pts',(16.7099540621181,32.6149596329226,0.));
#9502=CARTESIAN_POINT('Ctrl Pts',(16.2817869643389,33.0196429725367,0.));
#9503=CARTESIAN_POINT('Ctrl Pts',(16.0670787640652,33.2225750333605,0.));
#9504=CARTESIAN_POINT('',(17.58822506152,32.5268052465258,1.));
#9505=CARTESIAN_POINT('',(17.58822506152,32.5268052465258,0.));
#9506=CARTESIAN_POINT('Ctrl Pts',(17.58822506152,32.5268052465258,1.));
#9507=CARTESIAN_POINT('Ctrl Pts',(17.2960380855853,32.5561328271862,1.));
#9508=CARTESIAN_POINT('Ctrl Pts',(16.7099540621181,32.6149596329226,1.));
#9509=CARTESIAN_POINT('Ctrl Pts',(16.2817869643389,33.0196429725367,1.));
#9510=CARTESIAN_POINT('Ctrl Pts',(16.0670787640652,33.2225750333605,1.));
#9511=CARTESIAN_POINT('Ctrl Pts',(19.1161925145229,33.2157538778124,0.));
#9512=CARTESIAN_POINT('Ctrl Pts',(19.1161925145229,33.2157538778124,1.));
#9513=CARTESIAN_POINT('Ctrl Pts',(18.9006292307807,33.0148099690239,0.));
#9514=CARTESIAN_POINT('Ctrl Pts',(18.9006292307807,33.0148099690239,1.));
#9515=CARTESIAN_POINT('Ctrl Pts',(18.4691527491898,32.6125959683091,0.));
#9516=CARTESIAN_POINT('Ctrl Pts',(18.4691527491898,32.6125959683091,1.));
#9517=CARTESIAN_POINT('Ctrl Pts',(17.8820263378747,32.5554176104146,0.));
#9518=CARTESIAN_POINT('Ctrl Pts',(17.8820263378747,32.5554176104146,1.));
#9519=CARTESIAN_POINT('Ctrl Pts',(17.58822506152,32.5268052465258,0.));
#9520=CARTESIAN_POINT('Ctrl Pts',(17.58822506152,32.5268052465258,1.));
#9521=CARTESIAN_POINT('',(19.1161925145229,33.2157538778124,0.));
#9522=CARTESIAN_POINT('Ctrl Pts',(19.1161925145229,33.2157538778124,0.));
#9523=CARTESIAN_POINT('Ctrl Pts',(18.9006292307807,33.0148099690239,0.));
#9524=CARTESIAN_POINT('Ctrl Pts',(18.4691527491898,32.6125959683091,0.));
#9525=CARTESIAN_POINT('Ctrl Pts',(17.8820263378747,32.5554176104146,0.));
#9526=CARTESIAN_POINT('Ctrl Pts',(17.58822506152,32.5268052465258,0.));
#9527=CARTESIAN_POINT('',(19.1161925145229,33.2157538778124,1.));
#9528=CARTESIAN_POINT('',(19.1161925145229,33.2157538778124,0.));
#9529=CARTESIAN_POINT('Ctrl Pts',(19.1161925145229,33.2157538778124,1.));
#9530=CARTESIAN_POINT('Ctrl Pts',(18.9006292307807,33.0148099690239,1.));
#9531=CARTESIAN_POINT('Ctrl Pts',(18.4691527491898,32.6125959683091,1.));
#9532=CARTESIAN_POINT('Ctrl Pts',(17.8820263378747,32.5554176104146,1.));
#9533=CARTESIAN_POINT('Ctrl Pts',(17.58822506152,32.5268052465258,1.));
#9534=CARTESIAN_POINT('Ctrl Pts',(19.7232848950466,35.3030656225024,0.));
#9535=CARTESIAN_POINT('Ctrl Pts',(19.7232848950466,35.3030656225024,1.));
#9536=CARTESIAN_POINT('Ctrl Pts',(19.7113348885142,34.8851127592801,0.));
#9537=CARTESIAN_POINT('Ctrl Pts',(19.7113348885142,34.8851127592801,1.));
#9538=CARTESIAN_POINT('Ctrl Pts',(19.6898241618735,34.1327726023888,0.));
#9539=CARTESIAN_POINT('Ctrl Pts',(19.6898241618735,34.1327726023888,1.));
#9540=CARTESIAN_POINT('Ctrl Pts',(19.2926996359926,33.4979216001763,0.));
#9541=CARTESIAN_POINT('Ctrl Pts',(19.2926996359926,33.4979216001763,1.));
#9542=CARTESIAN_POINT('Ctrl Pts',(19.1161925145229,33.2157538778124,0.));
#9543=CARTESIAN_POINT('Ctrl Pts',(19.1161925145229,33.2157538778124,1.));
#9544=CARTESIAN_POINT('',(19.7232848950466,35.3030656225024,0.));
#9545=CARTESIAN_POINT('Ctrl Pts',(19.7232848950466,35.3030656225024,0.));
#9546=CARTESIAN_POINT('Ctrl Pts',(19.7113348885142,34.8851127592801,0.));
#9547=CARTESIAN_POINT('Ctrl Pts',(19.6898241618735,34.1327726023888,0.));
#9548=CARTESIAN_POINT('Ctrl Pts',(19.2926996359926,33.4979216001763,0.));
#9549=CARTESIAN_POINT('Ctrl Pts',(19.1161925145229,33.2157538778124,0.));
#9550=CARTESIAN_POINT('',(19.7232848950466,35.3030656225024,1.));
#9551=CARTESIAN_POINT('',(19.7232848950466,35.3030656225024,0.));
#9552=CARTESIAN_POINT('Ctrl Pts',(19.7232848950466,35.3030656225024,1.));
#9553=CARTESIAN_POINT('Ctrl Pts',(19.7113348885142,34.8851127592801,1.));
#9554=CARTESIAN_POINT('Ctrl Pts',(19.6898241618735,34.1327726023888,1.));
#9555=CARTESIAN_POINT('Ctrl Pts',(19.2926996359926,33.4979216001763,1.));
#9556=CARTESIAN_POINT('Ctrl Pts',(19.1161925145229,33.2157538778124,1.));
#9557=CARTESIAN_POINT('Ctrl Pts',(19.1161925145229,37.3835562116442,0.));
#9558=CARTESIAN_POINT('Ctrl Pts',(19.1161925145229,37.3835562116442,1.));
#9559=CARTESIAN_POINT('Ctrl Pts',(19.292684142063,37.1031244311241,0.));
#9560=CARTESIAN_POINT('Ctrl Pts',(19.292684142063,37.1031244311241,1.));
#9561=CARTESIAN_POINT('Ctrl Pts',(19.6904909377916,36.4710396711612,0.));
#9562=CARTESIAN_POINT('Ctrl Pts',(19.6904909377916,36.4710396711612,1.));
#9563=CARTESIAN_POINT('Ctrl Pts',(19.7115621641657,35.7205768530575,0.));
#9564=CARTESIAN_POINT('Ctrl Pts',(19.7115621641657,35.7205768530575,1.));
#9565=CARTESIAN_POINT('Ctrl Pts',(19.7232848950466,35.3030656225024,0.));
#9566=CARTESIAN_POINT('Ctrl Pts',(19.7232848950466,35.3030656225024,1.));
#9567=CARTESIAN_POINT('Ctrl Pts',(19.1161925145229,37.3835562116442,0.));
#9568=CARTESIAN_POINT('Ctrl Pts',(19.292684142063,37.1031244311241,0.));
#9569=CARTESIAN_POINT('Ctrl Pts',(19.6904909377916,36.4710396711612,0.));
#9570=CARTESIAN_POINT('Ctrl Pts',(19.7115621641657,35.7205768530575,0.));
#9571=CARTESIAN_POINT('Ctrl Pts',(19.7232848950466,35.3030656225024,0.));
#9572=CARTESIAN_POINT('Ctrl Pts',(19.1161925145229,37.3835562116442,1.));
#9573=CARTESIAN_POINT('Ctrl Pts',(19.292684142063,37.1031244311241,1.));
#9574=CARTESIAN_POINT('Ctrl Pts',(19.6904909377916,36.4710396711612,1.));
#9575=CARTESIAN_POINT('Ctrl Pts',(19.7115621641657,35.7205768530575,1.));
#9576=CARTESIAN_POINT('Ctrl Pts',(19.7232848950466,35.3030656225024,1.));
#9577=CARTESIAN_POINT('Ctrl Pts',(17.58822506152,31.5172551519213,0.));
#9578=CARTESIAN_POINT('Ctrl Pts',(17.58822506152,31.5172551519213,1.));
#9579=CARTESIAN_POINT('Ctrl Pts',(18.0656228867171,31.5523507044092,0.));
#9580=CARTESIAN_POINT('Ctrl Pts',(18.0656228867171,31.5523507044092,1.));
#9581=CARTESIAN_POINT('Ctrl Pts',(18.9903714484959,31.6203329196079,0.));
#9582=CARTESIAN_POINT('Ctrl Pts',(18.9903714484959,31.6203329196079,1.));
#9583=CARTESIAN_POINT('Ctrl Pts',(19.705002126223,32.2082768883042,0.));
#9584=CARTESIAN_POINT('Ctrl Pts',(19.705002126223,32.2082768883042,1.));
#9585=CARTESIAN_POINT('Ctrl Pts',(20.0507075139126,32.4926970845995,0.));
#9586=CARTESIAN_POINT('Ctrl Pts',(20.0507075139126,32.4926970845995,1.));
#9587=CARTESIAN_POINT('',(17.58822506152,31.5172551519213,0.));
#9588=CARTESIAN_POINT('',(20.0507075139126,32.4926970845995,0.));
#9589=CARTESIAN_POINT('Ctrl Pts',(17.58822506152,31.5172551519213,0.));
#9590=CARTESIAN_POINT('Ctrl Pts',(18.0656228867171,31.5523507044092,0.));
#9591=CARTESIAN_POINT('Ctrl Pts',(18.9903714484959,31.6203329196079,0.));
#9592=CARTESIAN_POINT('Ctrl Pts',(19.705002126223,32.2082768883042,0.));
#9593=CARTESIAN_POINT('Ctrl Pts',(20.0507075139126,32.4926970845995,0.));
#9594=CARTESIAN_POINT('',(17.58822506152,31.5172551519213,1.));
#9595=CARTESIAN_POINT('',(17.58822506152,31.5172551519213,0.));
#9596=CARTESIAN_POINT('',(20.0507075139126,32.4926970845995,1.));
#9597=CARTESIAN_POINT('Ctrl Pts',(17.58822506152,31.5172551519213,1.));
#9598=CARTESIAN_POINT('Ctrl Pts',(18.0656228867171,31.5523507044092,1.));
#9599=CARTESIAN_POINT('Ctrl Pts',(18.9903714484959,31.6203329196079,1.));
#9600=CARTESIAN_POINT('Ctrl Pts',(19.705002126223,32.2082768883042,1.));
#9601=CARTESIAN_POINT('Ctrl Pts',(20.0507075139126,32.4926970845995,1.));
#9602=CARTESIAN_POINT('',(20.0507075139126,32.4926970845995,0.));
#9603=CARTESIAN_POINT('Ctrl Pts',(15.8419758626064,31.9606374151049,0.));
#9604=CARTESIAN_POINT('Ctrl Pts',(15.8419758626064,31.9606374151049,1.));
#9605=CARTESIAN_POINT('Ctrl Pts',(16.1157964760934,31.8313211876864,0.));
#9606=CARTESIAN_POINT('Ctrl Pts',(16.1157964760934,31.8313211876864,1.));
#9607=CARTESIAN_POINT('Ctrl Pts',(16.6689240290611,31.5700977263839,0.));
#9608=CARTESIAN_POINT('Ctrl Pts',(16.6689240290611,31.5700977263839,1.));
#9609=CARTESIAN_POINT('Ctrl Pts',(17.2797717716013,31.5349854332603,0.));
#9610=CARTESIAN_POINT('Ctrl Pts',(17.2797717716013,31.5349854332603,1.));
#9611=CARTESIAN_POINT('Ctrl Pts',(17.58822506152,31.5172551519213,0.));
#9612=CARTESIAN_POINT('Ctrl Pts',(17.58822506152,31.5172551519213,1.));
#9613=CARTESIAN_POINT('',(15.8419758626064,31.9606374151049,0.));
#9614=CARTESIAN_POINT('Ctrl Pts',(15.8419758626064,31.9606374151049,0.));
#9615=CARTESIAN_POINT('Ctrl Pts',(16.1157964760934,31.8313211876864,0.));
#9616=CARTESIAN_POINT('Ctrl Pts',(16.6689240290611,31.5700977263839,0.));
#9617=CARTESIAN_POINT('Ctrl Pts',(17.2797717716013,31.5349854332603,0.));
#9618=CARTESIAN_POINT('Ctrl Pts',(17.58822506152,31.5172551519213,0.));
#9619=CARTESIAN_POINT('',(15.8419758626064,31.9606374151049,1.));
#9620=CARTESIAN_POINT('',(15.8419758626064,31.9606374151049,0.));
#9621=CARTESIAN_POINT('Ctrl Pts',(15.8419758626064,31.9606374151049,1.));
#9622=CARTESIAN_POINT('Ctrl Pts',(16.1157964760934,31.8313211876864,1.));
#9623=CARTESIAN_POINT('Ctrl Pts',(16.6689240290611,31.5700977263839,1.));
#9624=CARTESIAN_POINT('Ctrl Pts',(17.2797717716013,31.5349854332603,1.));
#9625=CARTESIAN_POINT('Ctrl Pts',(17.58822506152,31.5172551519213,1.));
#9626=CARTESIAN_POINT('Ctrl Pts',(14.6209675618252,33.2021115667162,0.));
#9627=CARTESIAN_POINT('Ctrl Pts',(14.6209675618252,33.2021115667162,1.));
#9628=CARTESIAN_POINT('Ctrl Pts',(14.7766037212577,32.9504563083091,0.));
#9629=CARTESIAN_POINT('Ctrl Pts',(14.7766037212577,32.9504563083091,1.));
#9630=CARTESIAN_POINT('Ctrl Pts',(15.0896110591495,32.4443403594981,0.));
#9631=CARTESIAN_POINT('Ctrl Pts',(15.0896110591495,32.4443403594981,1.));
#9632=CARTESIAN_POINT('Ctrl Pts',(15.5902625474027,32.1224664522257,0.));
#9633=CARTESIAN_POINT('Ctrl Pts',(15.5902625474027,32.1224664522257,1.));
#9634=CARTESIAN_POINT('Ctrl Pts',(15.8419758626064,31.9606374151049,0.));
#9635=CARTESIAN_POINT('Ctrl Pts',(15.8419758626064,31.9606374151049,1.));
#9636=CARTESIAN_POINT('',(14.6209675618252,33.2021115667162,0.));
#9637=CARTESIAN_POINT('Ctrl Pts',(14.6209675618252,33.2021115667162,0.));
#9638=CARTESIAN_POINT('Ctrl Pts',(14.7766037212577,32.9504563083091,0.));
#9639=CARTESIAN_POINT('Ctrl Pts',(15.0896110591495,32.4443403594981,0.));
#9640=CARTESIAN_POINT('Ctrl Pts',(15.5902625474027,32.1224664522257,0.));
#9641=CARTESIAN_POINT('Ctrl Pts',(15.8419758626064,31.9606374151049,0.));
#9642=CARTESIAN_POINT('',(14.6209675618252,33.2021115667162,1.));
#9643=CARTESIAN_POINT('',(14.6209675618252,33.2021115667162,0.));
#9644=CARTESIAN_POINT('Ctrl Pts',(14.6209675618252,33.2021115667162,1.));
#9645=CARTESIAN_POINT('Ctrl Pts',(14.7766037212577,32.9504563083091,1.));
#9646=CARTESIAN_POINT('Ctrl Pts',(15.0896110591495,32.4443403594981,1.));
#9647=CARTESIAN_POINT('Ctrl Pts',(15.5902625474027,32.1224664522257,1.));
#9648=CARTESIAN_POINT('Ctrl Pts',(15.8419758626064,31.9606374151049,1.));
#9649=CARTESIAN_POINT('Ctrl Pts',(14.1980463811001,35.4053853399096,0.));
#9650=CARTESIAN_POINT('Ctrl Pts',(14.1980463811001,35.4053853399096,1.));
#9651=CARTESIAN_POINT('Ctrl Pts',(14.2064198635646,34.9831935931648,0.));
#9652=CARTESIAN_POINT('Ctrl Pts',(14.2064198635646,34.9831935931648,1.));
#9653=CARTESIAN_POINT('Ctrl Pts',(14.2214994023713,34.2228818762833,0.));
#9654=CARTESIAN_POINT('Ctrl Pts',(14.2214994023713,34.2228818762833,1.));
#9655=CARTESIAN_POINT('Ctrl Pts',(14.4980030081425,33.5163257601579,0.));
#9656=CARTESIAN_POINT('Ctrl Pts',(14.4980030081425,33.5163257601579,1.));
#9657=CARTESIAN_POINT('Ctrl Pts',(14.6209675618252,33.2021115667162,0.));
#9658=CARTESIAN_POINT('Ctrl Pts',(14.6209675618252,33.2021115667162,1.));
#9659=CARTESIAN_POINT('',(14.1980463811001,35.4053853399096,0.));
#9660=CARTESIAN_POINT('Ctrl Pts',(14.1980463811001,35.4053853399096,0.));
#9661=CARTESIAN_POINT('Ctrl Pts',(14.2064198635646,34.9831935931648,0.));
#9662=CARTESIAN_POINT('Ctrl Pts',(14.2214994023713,34.2228818762833,0.));
#9663=CARTESIAN_POINT('Ctrl Pts',(14.4980030081425,33.5163257601579,0.));
#9664=CARTESIAN_POINT('Ctrl Pts',(14.6209675618252,33.2021115667162,0.));
#9665=CARTESIAN_POINT('',(14.1980463811001,35.4053853399096,1.));
#9666=CARTESIAN_POINT('',(14.1980463811001,35.4053853399096,0.));
#9667=CARTESIAN_POINT('Ctrl Pts',(14.1980463811001,35.4053853399096,1.));
#9668=CARTESIAN_POINT('Ctrl Pts',(14.2064198635646,34.9831935931648,1.));
#9669=CARTESIAN_POINT('Ctrl Pts',(14.2214994023713,34.2228818762833,1.));
#9670=CARTESIAN_POINT('Ctrl Pts',(14.4980030081425,33.5163257601579,1.));
#9671=CARTESIAN_POINT('Ctrl Pts',(14.6209675618252,33.2021115667162,1.));
#9672=CARTESIAN_POINT('Ctrl Pts',(15.1462060757717,38.1066130048571,0.));
#9673=CARTESIAN_POINT('Ctrl Pts',(15.1462060757717,38.1066130048571,1.));
#9674=CARTESIAN_POINT('Ctrl Pts',(14.8699841623747,37.733277327195,0.));
#9675=CARTESIAN_POINT('Ctrl Pts',(14.8699841623747,37.733277327195,1.));
#9676=CARTESIAN_POINT('Ctrl Pts',(14.2784020420083,36.9337074846591,0.));
#9677=CARTESIAN_POINT('Ctrl Pts',(14.2784020420083,36.9337074846591,1.));
#9678=CARTESIAN_POINT('Ctrl Pts',(14.2259874938824,35.9368105180684,0.));
#9679=CARTESIAN_POINT('Ctrl Pts',(14.2259874938824,35.9368105180684,1.));
#9680=CARTESIAN_POINT('Ctrl Pts',(14.1980463811001,35.4053853399096,0.));
#9681=CARTESIAN_POINT('Ctrl Pts',(14.1980463811001,35.4053853399096,1.));
#9682=CARTESIAN_POINT('',(15.1462060757717,38.1066130048571,0.));
#9683=CARTESIAN_POINT('Ctrl Pts',(15.1462060757717,38.1066130048571,0.));
#9684=CARTESIAN_POINT('Ctrl Pts',(14.8699841623747,37.733277327195,0.));
#9685=CARTESIAN_POINT('Ctrl Pts',(14.2784020420083,36.9337074846591,0.));
#9686=CARTESIAN_POINT('Ctrl Pts',(14.2259874938824,35.9368105180684,0.));
#9687=CARTESIAN_POINT('Ctrl Pts',(14.1980463811001,35.4053853399096,0.));
#9688=CARTESIAN_POINT('',(15.1462060757717,38.1066130048571,1.));
#9689=CARTESIAN_POINT('',(15.1462060757717,38.1066130048571,0.));
#9690=CARTESIAN_POINT('Ctrl Pts',(15.1462060757717,38.1066130048571,1.));
#9691=CARTESIAN_POINT('Ctrl Pts',(14.8699841623747,37.733277327195,1.));
#9692=CARTESIAN_POINT('Ctrl Pts',(14.2784020420083,36.9337074846591,1.));
#9693=CARTESIAN_POINT('Ctrl Pts',(14.2259874938824,35.9368105180684,1.));
#9694=CARTESIAN_POINT('Ctrl Pts',(14.1980463811001,35.4053853399096,1.));
#9695=CARTESIAN_POINT('Ctrl Pts',(17.58822506152,39.0888784772692,0.));
#9696=CARTESIAN_POINT('Ctrl Pts',(17.58822506152,39.0888784772692,1.));
#9697=CARTESIAN_POINT('Ctrl Pts',(17.117262968743,39.0522715844603,0.));
#9698=CARTESIAN_POINT('Ctrl Pts',(17.117262968743,39.0522715844603,1.));
#9699=CARTESIAN_POINT('Ctrl Pts',(16.1986711173685,38.9808713720989,0.));
#9700=CARTESIAN_POINT('Ctrl Pts',(16.1986711173685,38.9808713720989,1.));
#9701=CARTESIAN_POINT('Ctrl Pts',(15.4910364232524,38.393055598814,0.));
#9702=CARTESIAN_POINT('Ctrl Pts',(15.4910364232524,38.393055598814,1.));
#9703=CARTESIAN_POINT('Ctrl Pts',(15.1462060757717,38.1066130048571,0.));
#9704=CARTESIAN_POINT('Ctrl Pts',(15.1462060757717,38.1066130048571,1.));
#9705=CARTESIAN_POINT('',(17.58822506152,39.0888784772692,0.));
#9706=CARTESIAN_POINT('Ctrl Pts',(17.58822506152,39.0888784772692,0.));
#9707=CARTESIAN_POINT('Ctrl Pts',(17.117262968743,39.0522715844603,0.));
#9708=CARTESIAN_POINT('Ctrl Pts',(16.1986711173685,38.9808713720989,0.));
#9709=CARTESIAN_POINT('Ctrl Pts',(15.4910364232524,38.393055598814,0.));
#9710=CARTESIAN_POINT('Ctrl Pts',(15.1462060757717,38.1066130048571,0.));
#9711=CARTESIAN_POINT('',(17.58822506152,39.0888784772692,1.));
#9712=CARTESIAN_POINT('',(17.58822506152,39.0888784772692,0.));
#9713=CARTESIAN_POINT('Ctrl Pts',(17.58822506152,39.0888784772692,1.));
#9714=CARTESIAN_POINT('Ctrl Pts',(17.117262968743,39.0522715844603,1.));
#9715=CARTESIAN_POINT('Ctrl Pts',(16.1986711173685,38.9808713720989,1.));
#9716=CARTESIAN_POINT('Ctrl Pts',(15.4910364232524,38.393055598814,1.));
#9717=CARTESIAN_POINT('Ctrl Pts',(15.1462060757717,38.1066130048571,1.));
#9718=CARTESIAN_POINT('Ctrl Pts',(19.8665339299282,38.2839678174792,0.));
#9719=CARTESIAN_POINT('Ctrl Pts',(19.8665339299282,38.2839678174792,1.));
#9720=CARTESIAN_POINT('Ctrl Pts',(19.5329230615217,38.5186970460544,0.));
#9721=CARTESIAN_POINT('Ctrl Pts',(19.5329230615217,38.5186970460544,1.));
#9722=CARTESIAN_POINT('Ctrl Pts',(18.8496010328,38.999483698589,0.));
#9723=CARTESIAN_POINT('Ctrl Pts',(18.8496010328,38.999483698589,1.));
#9724=CARTESIAN_POINT('Ctrl Pts',(18.0152367579412,39.0586157982864,0.));
#9725=CARTESIAN_POINT('Ctrl Pts',(18.0152367579412,39.0586157982864,1.));
#9726=CARTESIAN_POINT('Ctrl Pts',(17.58822506152,39.0888784772692,0.));
#9727=CARTESIAN_POINT('Ctrl Pts',(17.58822506152,39.0888784772692,1.));
#9728=CARTESIAN_POINT('',(19.8665339299282,38.2839678174792,0.));
#9729=CARTESIAN_POINT('Ctrl Pts',(19.8665339299282,38.2839678174792,0.));
#9730=CARTESIAN_POINT('Ctrl Pts',(19.5329230615217,38.5186970460544,0.));
#9731=CARTESIAN_POINT('Ctrl Pts',(18.8496010328,38.999483698589,0.));
#9732=CARTESIAN_POINT('Ctrl Pts',(18.0152367579412,39.0586157982864,0.));
#9733=CARTESIAN_POINT('Ctrl Pts',(17.58822506152,39.0888784772692,0.));
#9734=CARTESIAN_POINT('',(19.8665339299282,38.2839678174792,1.));
#9735=CARTESIAN_POINT('',(19.8665339299282,38.2839678174792,0.));
#9736=CARTESIAN_POINT('Ctrl Pts',(19.8665339299282,38.2839678174792,1.));
#9737=CARTESIAN_POINT('Ctrl Pts',(19.5329230615217,38.5186970460544,1.));
#9738=CARTESIAN_POINT('Ctrl Pts',(18.8496010328,38.999483698589,1.));
#9739=CARTESIAN_POINT('Ctrl Pts',(18.0152367579412,39.0586157982864,1.));
#9740=CARTESIAN_POINT('Ctrl Pts',(17.58822506152,39.0888784772692,1.));
#9741=CARTESIAN_POINT('Ctrl Pts',(20.9852225133022,35.3030656225024,0.));
#9742=CARTESIAN_POINT('Ctrl Pts',(20.9852225133022,35.3030656225024,1.));
#9743=CARTESIAN_POINT('Ctrl Pts',(20.9572410070125,35.9128045551135,0.));
#9744=CARTESIAN_POINT('Ctrl Pts',(20.9572410070125,35.9128045551135,1.));
#9745=CARTESIAN_POINT('Ctrl Pts',(20.9057748638519,37.0342921144852,0.));
#9746=CARTESIAN_POINT('Ctrl Pts',(20.9057748638519,37.0342921144852,1.));
#9747=CARTESIAN_POINT('Ctrl Pts',(20.1921635757348,37.8924017780213,0.));
#9748=CARTESIAN_POINT('Ctrl Pts',(20.1921635757348,37.8924017780213,1.));
#9749=CARTESIAN_POINT('Ctrl Pts',(19.8665339299282,38.2839678174792,0.));
#9750=CARTESIAN_POINT('Ctrl Pts',(19.8665339299282,38.2839678174792,1.));
#9751=CARTESIAN_POINT('',(20.9852225133022,35.3030656225024,0.));
#9752=CARTESIAN_POINT('Ctrl Pts',(20.9852225133022,35.3030656225024,0.));
#9753=CARTESIAN_POINT('Ctrl Pts',(20.9572410070125,35.9128045551135,0.));
#9754=CARTESIAN_POINT('Ctrl Pts',(20.9057748638519,37.0342921144852,0.));
#9755=CARTESIAN_POINT('Ctrl Pts',(20.1921635757348,37.8924017780213,0.));
#9756=CARTESIAN_POINT('Ctrl Pts',(19.8665339299282,38.2839678174792,0.));
#9757=CARTESIAN_POINT('',(20.9852225133022,35.3030656225024,1.));
#9758=CARTESIAN_POINT('',(20.9852225133022,35.3030656225024,0.));
#9759=CARTESIAN_POINT('Ctrl Pts',(20.9852225133022,35.3030656225024,1.));
#9760=CARTESIAN_POINT('Ctrl Pts',(20.9572410070125,35.9128045551135,1.));
#9761=CARTESIAN_POINT('Ctrl Pts',(20.9057748638519,37.0342921144852,1.));
#9762=CARTESIAN_POINT('Ctrl Pts',(20.1921635757348,37.8924017780213,1.));
#9763=CARTESIAN_POINT('Ctrl Pts',(19.8665339299282,38.2839678174792,1.));
#9764=CARTESIAN_POINT('Ctrl Pts',(20.0507075139126,32.4926970845995,0.));
#9765=CARTESIAN_POINT('Ctrl Pts',(20.0507075139126,32.4926970845995,1.));
#9766=CARTESIAN_POINT('Ctrl Pts',(20.3227599430897,32.8759763242686,0.));
#9767=CARTESIAN_POINT('Ctrl Pts',(20.3227599430897,32.8759763242686,1.));
#9768=CARTESIAN_POINT('Ctrl Pts',(20.9171807215588,33.7134220500955,0.));
#9769=CARTESIAN_POINT('Ctrl Pts',(20.9171807215588,33.7134220500955,1.));
#9770=CARTESIAN_POINT('Ctrl Pts',(20.9612971422185,34.7441030880633,0.));
#9771=CARTESIAN_POINT('Ctrl Pts',(20.9612971422185,34.7441030880633,1.));
#9772=CARTESIAN_POINT('Ctrl Pts',(20.9852225133022,35.3030656225024,0.));
#9773=CARTESIAN_POINT('Ctrl Pts',(20.9852225133022,35.3030656225024,1.));
#9774=CARTESIAN_POINT('Ctrl Pts',(20.0507075139126,32.4926970845995,0.));
#9775=CARTESIAN_POINT('Ctrl Pts',(20.3227599430897,32.8759763242686,0.));
#9776=CARTESIAN_POINT('Ctrl Pts',(20.9171807215588,33.7134220500955,0.));
#9777=CARTESIAN_POINT('Ctrl Pts',(20.9612971422185,34.7441030880633,0.));
#9778=CARTESIAN_POINT('Ctrl Pts',(20.9852225133022,35.3030656225024,0.));
#9779=CARTESIAN_POINT('Ctrl Pts',(20.0507075139126,32.4926970845995,1.));
#9780=CARTESIAN_POINT('Ctrl Pts',(20.3227599430897,32.8759763242686,1.));
#9781=CARTESIAN_POINT('Ctrl Pts',(20.9171807215588,33.7134220500955,1.));
#9782=CARTESIAN_POINT('Ctrl Pts',(20.9612971422185,34.7441030880633,1.));
#9783=CARTESIAN_POINT('Ctrl Pts',(20.9852225133022,35.3030656225024,1.));
#9784=CARTESIAN_POINT('Origin',(32.833790274783,36.599108422452,1.));
#9785=CARTESIAN_POINT('Ctrl Pts',(37.826969081982,18.0315779096423,0.));
#9786=CARTESIAN_POINT('Ctrl Pts',(37.826969081982,18.0315779096423,1.));
#9787=CARTESIAN_POINT('Ctrl Pts',(37.7695670394065,18.2018429678495,0.));
#9788=CARTESIAN_POINT('Ctrl Pts',(37.7695670394065,18.2018429678495,1.));
#9789=CARTESIAN_POINT('Ctrl Pts',(37.6356359215767,18.5991073952097,0.));
#9790=CARTESIAN_POINT('Ctrl Pts',(37.6356359215767,18.5991073952097,1.));
#9791=CARTESIAN_POINT('Ctrl Pts',(37.6315097277,19.0193057767082,0.));
#9792=CARTESIAN_POINT('Ctrl Pts',(37.6315097277,19.0193057767082,1.));
#9793=CARTESIAN_POINT('Ctrl Pts',(37.6291519948086,19.2594097501574,0.));
#9794=CARTESIAN_POINT('Ctrl Pts',(37.6291519948086,19.2594097501574,1.));
#9795=CARTESIAN_POINT('',(37.826969081982,18.0315779096423,0.));
#9796=CARTESIAN_POINT('',(37.6291519948086,19.2594097501574,0.));
#9797=CARTESIAN_POINT('Ctrl Pts',(37.826969081982,18.0315779096423,0.));
#9798=CARTESIAN_POINT('Ctrl Pts',(37.7695670394065,18.2018429678495,0.));
#9799=CARTESIAN_POINT('Ctrl Pts',(37.6356359215767,18.5991073952097,0.));
#9800=CARTESIAN_POINT('Ctrl Pts',(37.6315097277,19.0193057767082,0.));
#9801=CARTESIAN_POINT('Ctrl Pts',(37.6291519948086,19.2594097501574,0.));
#9802=CARTESIAN_POINT('',(37.826969081982,18.0315779096423,1.));
#9803=CARTESIAN_POINT('',(37.826969081982,18.0315779096423,0.));
#9804=CARTESIAN_POINT('',(37.6291519948086,19.2594097501574,1.));
#9805=CARTESIAN_POINT('Ctrl Pts',(37.826969081982,18.0315779096423,1.));
#9806=CARTESIAN_POINT('Ctrl Pts',(37.7695670394065,18.2018429678495,1.));
#9807=CARTESIAN_POINT('Ctrl Pts',(37.6356359215767,18.5991073952097,1.));
#9808=CARTESIAN_POINT('Ctrl Pts',(37.6315097277,19.0193057767082,1.));
#9809=CARTESIAN_POINT('Ctrl Pts',(37.6291519948086,19.2594097501574,1.));
#9810=CARTESIAN_POINT('',(37.6291519948086,19.2594097501574,0.));
#9811=CARTESIAN_POINT('Ctrl Pts',(38.6387020894131,17.1789167768298,0.));
#9812=CARTESIAN_POINT('Ctrl Pts',(38.6387020894131,17.1789167768298,1.));
#9813=CARTESIAN_POINT('Ctrl Pts',(38.4674812088293,17.2913875801901,0.));
#9814=CARTESIAN_POINT('Ctrl Pts',(38.4674812088293,17.2913875801901,1.));
#9815=CARTESIAN_POINT('Ctrl Pts',(38.1305185557835,17.5127300949655,0.));
#9816=CARTESIAN_POINT('Ctrl Pts',(38.1305185557835,17.5127300949655,1.));
#9817=CARTESIAN_POINT('Ctrl Pts',(37.9270494179905,17.8605136578094,0.));
#9818=CARTESIAN_POINT('Ctrl Pts',(37.9270494179905,17.8605136578094,1.));
#9819=CARTESIAN_POINT('Ctrl Pts',(37.826969081982,18.0315779096423,0.));
#9820=CARTESIAN_POINT('Ctrl Pts',(37.826969081982,18.0315779096423,1.));
#9821=CARTESIAN_POINT('',(38.6387020894131,17.1789167768298,0.));
#9822=CARTESIAN_POINT('Ctrl Pts',(38.6387020894131,17.1789167768298,0.));
#9823=CARTESIAN_POINT('Ctrl Pts',(38.4674812088293,17.2913875801901,0.));
#9824=CARTESIAN_POINT('Ctrl Pts',(38.1305185557835,17.5127300949655,0.));
#9825=CARTESIAN_POINT('Ctrl Pts',(37.9270494179905,17.8605136578094,0.));
#9826=CARTESIAN_POINT('Ctrl Pts',(37.826969081982,18.0315779096423,0.));
#9827=CARTESIAN_POINT('',(38.6387020894131,17.1789167768298,1.));
#9828=CARTESIAN_POINT('',(38.6387020894131,17.1789167768298,0.));
#9829=CARTESIAN_POINT('Ctrl Pts',(38.6387020894131,17.1789167768298,1.));
#9830=CARTESIAN_POINT('Ctrl Pts',(38.4674812088293,17.2913875801901,1.));
#9831=CARTESIAN_POINT('Ctrl Pts',(38.1305185557835,17.5127300949655,1.));
#9832=CARTESIAN_POINT('Ctrl Pts',(37.9270494179905,17.8605136578094,1.));
#9833=CARTESIAN_POINT('Ctrl Pts',(37.826969081982,18.0315779096423,1.));
#9834=CARTESIAN_POINT('Ctrl Pts',(39.9006397076687,16.8719623929797,0.));
#9835=CARTESIAN_POINT('Ctrl Pts',(39.9006397076687,16.8719623929797,1.));
#9836=CARTESIAN_POINT('Ctrl Pts',(39.673677827088,16.8831313596776,0.));
#9837=CARTESIAN_POINT('Ctrl Pts',(39.673677827088,16.8831313596776,1.));
#9838=CARTESIAN_POINT('Ctrl Pts',(39.2330837521593,16.9048133290797,0.));
#9839=CARTESIAN_POINT('Ctrl Pts',(39.2330837521593,16.9048133290797,1.));
#9840=CARTESIAN_POINT('Ctrl Pts',(38.832792520898,17.0894105558614,0.));
#9841=CARTESIAN_POINT('Ctrl Pts',(38.832792520898,17.0894105558614,1.));
#9842=CARTESIAN_POINT('Ctrl Pts',(38.6387020894131,17.1789167768298,0.));
#9843=CARTESIAN_POINT('Ctrl Pts',(38.6387020894131,17.1789167768298,1.));
#9844=CARTESIAN_POINT('',(39.9006397076687,16.8719623929797,0.));
#9845=CARTESIAN_POINT('Ctrl Pts',(39.9006397076687,16.8719623929797,0.));
#9846=CARTESIAN_POINT('Ctrl Pts',(39.673677827088,16.8831313596776,0.));
#9847=CARTESIAN_POINT('Ctrl Pts',(39.2330837521593,16.9048133290797,0.));
#9848=CARTESIAN_POINT('Ctrl Pts',(38.832792520898,17.0894105558614,0.));
#9849=CARTESIAN_POINT('Ctrl Pts',(38.6387020894131,17.1789167768298,0.));
#9850=CARTESIAN_POINT('',(39.9006397076687,16.8719623929797,1.));
#9851=CARTESIAN_POINT('',(39.9006397076687,16.8719623929797,0.));
#9852=CARTESIAN_POINT('Ctrl Pts',(39.9006397076687,16.8719623929797,1.));
#9853=CARTESIAN_POINT('Ctrl Pts',(39.673677827088,16.8831313596776,1.));
#9854=CARTESIAN_POINT('Ctrl Pts',(39.2330837521593,16.9048133290797,1.));
#9855=CARTESIAN_POINT('Ctrl Pts',(38.832792520898,17.0894105558614,1.));
#9856=CARTESIAN_POINT('Ctrl Pts',(38.6387020894131,17.1789167768298,1.));
#9857=CARTESIAN_POINT('Ctrl Pts',(40.9920448609432,17.1993826276599,0.));
#9858=CARTESIAN_POINT('Ctrl Pts',(40.9920448609432,17.1993826276599,1.));
#9859=CARTESIAN_POINT('Ctrl Pts',(40.8428508984327,17.1041269291785,0.));
#9860=CARTESIAN_POINT('Ctrl Pts',(40.8428508984327,17.1041269291785,1.));
#9861=CARTESIAN_POINT('Ctrl Pts',(40.5117472794829,16.8927275805586,0.));
#9862=CARTESIAN_POINT('Ctrl Pts',(40.5117472794829,16.8927275805586,1.));
#9863=CARTESIAN_POINT('Ctrl Pts',(40.1173326740482,16.8793255321411,0.));
#9864=CARTESIAN_POINT('Ctrl Pts',(40.1173326740482,16.8793255321411,1.));
#9865=CARTESIAN_POINT('Ctrl Pts',(39.9006397076687,16.8719623929797,0.));
#9866=CARTESIAN_POINT('Ctrl Pts',(39.9006397076687,16.8719623929797,1.));
#9867=CARTESIAN_POINT('',(40.9920448609432,17.1993826276599,0.));
#9868=CARTESIAN_POINT('Ctrl Pts',(40.9920448609432,17.1993826276599,0.));
#9869=CARTESIAN_POINT('Ctrl Pts',(40.8428508984327,17.1041269291785,0.));
#9870=CARTESIAN_POINT('Ctrl Pts',(40.5117472794829,16.8927275805586,0.));
#9871=CARTESIAN_POINT('Ctrl Pts',(40.1173326740482,16.8793255321411,0.));
#9872=CARTESIAN_POINT('Ctrl Pts',(39.9006397076687,16.8719623929797,0.));
#9873=CARTESIAN_POINT('',(40.9920448609432,17.1993826276599,1.));
#9874=CARTESIAN_POINT('',(40.9920448609432,17.1993826276599,0.));
#9875=CARTESIAN_POINT('Ctrl Pts',(40.9920448609432,17.1993826276599,1.));
#9876=CARTESIAN_POINT('Ctrl Pts',(40.8428508984327,17.1041269291785,1.));
#9877=CARTESIAN_POINT('Ctrl Pts',(40.5117472794829,16.8927275805586,1.));
#9878=CARTESIAN_POINT('Ctrl Pts',(40.1173326740482,16.8793255321411,1.));
#9879=CARTESIAN_POINT('Ctrl Pts',(39.9006397076687,16.8719623929797,1.));
#9880=CARTESIAN_POINT('Ctrl Pts',(41.3603932210049,18.0179355985461,0.));
#9881=CARTESIAN_POINT('Ctrl Pts',(41.3603932210049,18.0179355985461,1.));
#9882=CARTESIAN_POINT('Ctrl Pts',(41.3449850525876,17.8609917347074,0.));
#9883=CARTESIAN_POINT('Ctrl Pts',(41.3449850525876,17.8609917347074,1.));
#9884=CARTESIAN_POINT('Ctrl Pts',(41.3141382874781,17.546794072006,0.));
#9885=CARTESIAN_POINT('Ctrl Pts',(41.3141382874781,17.546794072006,1.));
#9886=CARTESIAN_POINT('Ctrl Pts',(41.0994799185063,17.3152625725657,0.));
#9887=CARTESIAN_POINT('Ctrl Pts',(41.0994799185063,17.3152625725657,1.));
#9888=CARTESIAN_POINT('Ctrl Pts',(40.9920448609432,17.1993826276599,0.));
#9889=CARTESIAN_POINT('Ctrl Pts',(40.9920448609432,17.1993826276599,1.));
#9890=CARTESIAN_POINT('',(41.3603932210049,18.0179355985461,0.));
#9891=CARTESIAN_POINT('Ctrl Pts',(41.3603932210049,18.0179355985461,0.));
#9892=CARTESIAN_POINT('Ctrl Pts',(41.3449850525876,17.8609917347074,0.));
#9893=CARTESIAN_POINT('Ctrl Pts',(41.3141382874781,17.546794072006,0.));
#9894=CARTESIAN_POINT('Ctrl Pts',(41.0994799185063,17.3152625725657,0.));
#9895=CARTESIAN_POINT('Ctrl Pts',(40.9920448609432,17.1993826276599,0.));
#9896=CARTESIAN_POINT('',(41.3603932210049,18.0179355985461,1.));
#9897=CARTESIAN_POINT('',(41.3603932210049,18.0179355985461,0.));
#9898=CARTESIAN_POINT('Ctrl Pts',(41.3603932210049,18.0179355985461,1.));
#9899=CARTESIAN_POINT('Ctrl Pts',(41.3449850525876,17.8609917347074,1.));
#9900=CARTESIAN_POINT('Ctrl Pts',(41.3141382874781,17.546794072006,1.));
#9901=CARTESIAN_POINT('Ctrl Pts',(41.0994799185063,17.3152625725657,1.));
#9902=CARTESIAN_POINT('Ctrl Pts',(40.9920448609432,17.1993826276599,1.));
#9903=CARTESIAN_POINT('Ctrl Pts',(41.1898619481167,18.5977457410632,0.));
#9904=CARTESIAN_POINT('Ctrl Pts',(41.1898619481167,18.5977457410632,1.));
#9905=CARTESIAN_POINT('Ctrl Pts',(41.2395991649362,18.5083259794286,0.));
#9906=CARTESIAN_POINT('Ctrl Pts',(41.2395991649362,18.5083259794286,1.));
#9907=CARTESIAN_POINT('Ctrl Pts',(41.3399485923775,18.3279133537174,0.));
#9908=CARTESIAN_POINT('Ctrl Pts',(41.3399485923775,18.3279133537174,1.));
#9909=CARTESIAN_POINT('Ctrl Pts',(41.3535388448637,18.1218604077499,0.));
#9910=CARTESIAN_POINT('Ctrl Pts',(41.3535388448637,18.1218604077499,1.));
#9911=CARTESIAN_POINT('Ctrl Pts',(41.3603932210049,18.0179355985461,0.));
#9912=CARTESIAN_POINT('Ctrl Pts',(41.3603932210049,18.0179355985461,1.));
#9913=CARTESIAN_POINT('',(41.1898619481167,18.5977457410632,0.));
#9914=CARTESIAN_POINT('Ctrl Pts',(41.1898619481167,18.5977457410632,0.));
#9915=CARTESIAN_POINT('Ctrl Pts',(41.2395991649362,18.5083259794286,0.));
#9916=CARTESIAN_POINT('Ctrl Pts',(41.3399485923775,18.3279133537174,0.));
#9917=CARTESIAN_POINT('Ctrl Pts',(41.3535388448637,18.1218604077499,0.));
#9918=CARTESIAN_POINT('Ctrl Pts',(41.3603932210049,18.0179355985461,0.));
#9919=CARTESIAN_POINT('',(41.1898619481167,18.5977457410632,1.));
#9920=CARTESIAN_POINT('',(41.1898619481167,18.5977457410632,0.));
#9921=CARTESIAN_POINT('Ctrl Pts',(41.1898619481167,18.5977457410632,1.));
#9922=CARTESIAN_POINT('Ctrl Pts',(41.2395991649362,18.5083259794286,1.));
#9923=CARTESIAN_POINT('Ctrl Pts',(41.3399485923775,18.3279133537174,1.));
#9924=CARTESIAN_POINT('Ctrl Pts',(41.3535388448637,18.1218604077499,1.));
#9925=CARTESIAN_POINT('Ctrl Pts',(41.3603932210049,18.0179355985461,1.));
#9926=CARTESIAN_POINT('Ctrl Pts',(40.7055503674587,19.0002010709582,0.));
#9927=CARTESIAN_POINT('Ctrl Pts',(40.7055503674587,19.0002010709582,1.));
#9928=CARTESIAN_POINT('Ctrl Pts',(40.803539916297,18.9503013837189,0.));
#9929=CARTESIAN_POINT('Ctrl Pts',(40.803539916297,18.9503013837189,1.));
#9930=CARTESIAN_POINT('Ctrl Pts',(40.9954460343934,18.8525761121381,0.));
#9931=CARTESIAN_POINT('Ctrl Pts',(40.9954460343934,18.8525761121381,1.));
#9932=CARTESIAN_POINT('Ctrl Pts',(41.1259801205575,18.6814787519576,0.));
#9933=CARTESIAN_POINT('Ctrl Pts',(41.1259801205575,18.6814787519576,1.));
#9934=CARTESIAN_POINT('Ctrl Pts',(41.1898619481167,18.5977457410632,0.));
#9935=CARTESIAN_POINT('Ctrl Pts',(41.1898619481167,18.5977457410632,1.));
#9936=CARTESIAN_POINT('',(40.7055503674587,19.0002010709582,0.));
#9937=CARTESIAN_POINT('Ctrl Pts',(40.7055503674587,19.0002010709582,0.));
#9938=CARTESIAN_POINT('Ctrl Pts',(40.803539916297,18.9503013837189,0.));
#9939=CARTESIAN_POINT('Ctrl Pts',(40.9954460343934,18.8525761121381,0.));
#9940=CARTESIAN_POINT('Ctrl Pts',(41.1259801205575,18.6814787519576,0.));
#9941=CARTESIAN_POINT('Ctrl Pts',(41.1898619481167,18.5977457410632,0.));
#9942=CARTESIAN_POINT('',(40.7055503674587,19.0002010709582,1.));
#9943=CARTESIAN_POINT('',(40.7055503674587,19.0002010709582,0.));
#9944=CARTESIAN_POINT('Ctrl Pts',(40.7055503674587,19.0002010709582,1.));
#9945=CARTESIAN_POINT('Ctrl Pts',(40.803539916297,18.9503013837189,1.));
#9946=CARTESIAN_POINT('Ctrl Pts',(40.9954460343934,18.8525761121381,1.));
#9947=CARTESIAN_POINT('Ctrl Pts',(41.1259801205575,18.6814787519576,1.));
#9948=CARTESIAN_POINT('Ctrl Pts',(41.1898619481167,18.5977457410632,1.));
#9949=CARTESIAN_POINT('Ctrl Pts',(39.6346086808285,19.2457674390612,0.));
#9950=CARTESIAN_POINT('Ctrl Pts',(39.6346086808285,19.2457674390612,1.));
#9951=CARTESIAN_POINT('Ctrl Pts',(39.8518655713183,19.2146434774234,0.));
#9952=CARTESIAN_POINT('Ctrl Pts',(39.8518655713183,19.2146434774234,1.));
#9953=CARTESIAN_POINT('Ctrl Pts',(40.2160133689451,19.1624761005531,0.));
#9954=CARTESIAN_POINT('Ctrl Pts',(40.2160133689451,19.1624761005531,1.));
#9955=CARTESIAN_POINT('Ctrl Pts',(40.5648398241702,19.0468447519175,0.));
#9956=CARTESIAN_POINT('Ctrl Pts',(40.5648398241702,19.0468447519175,1.));
#9957=CARTESIAN_POINT('Ctrl Pts',(40.7055503674587,19.0002010709582,0.));
#9958=CARTESIAN_POINT('Ctrl Pts',(40.7055503674587,19.0002010709582,1.));
#9959=CARTESIAN_POINT('',(39.6346086808285,19.2457674390612,0.));
#9960=CARTESIAN_POINT('Ctrl Pts',(39.6346086808285,19.2457674390612,0.));
#9961=CARTESIAN_POINT('Ctrl Pts',(39.8518655713183,19.2146434774234,0.));
#9962=CARTESIAN_POINT('Ctrl Pts',(40.2160133689451,19.1624761005531,0.));
#9963=CARTESIAN_POINT('Ctrl Pts',(40.5648398241702,19.0468447519175,0.));
#9964=CARTESIAN_POINT('Ctrl Pts',(40.7055503674587,19.0002010709582,0.));
#9965=CARTESIAN_POINT('',(39.6346086808285,19.2457674390612,1.));
#9966=CARTESIAN_POINT('',(39.6346086808285,19.2457674390612,0.));
#9967=CARTESIAN_POINT('Ctrl Pts',(39.6346086808285,19.2457674390612,1.));
#9968=CARTESIAN_POINT('Ctrl Pts',(39.8518655713183,19.2146434774234,1.));
#9969=CARTESIAN_POINT('Ctrl Pts',(40.2160133689451,19.1624761005531,1.));
#9970=CARTESIAN_POINT('Ctrl Pts',(40.5648398241702,19.0468447519175,1.));
#9971=CARTESIAN_POINT('Ctrl Pts',(40.7055503674587,19.0002010709582,1.));
#9972=CARTESIAN_POINT('Ctrl Pts',(37.6291519948086,19.7096155530749,0.));
#9973=CARTESIAN_POINT('Ctrl Pts',(37.6291519948086,19.7096155530749,1.));
#9974=CARTESIAN_POINT('Ctrl Pts',(37.9060389640114,19.618632047883,0.));
#9975=CARTESIAN_POINT('Ctrl Pts',(37.9060389640114,19.618632047883,1.));
#9976=CARTESIAN_POINT('Ctrl Pts',(38.5600234210507,19.4037364230952,0.));
#9977=CARTESIAN_POINT('Ctrl Pts',(38.5600234210507,19.4037364230952,1.));
#9978=CARTESIAN_POINT('Ctrl Pts',(39.2416007303526,19.3035414184538,0.));
#9979=CARTESIAN_POINT('Ctrl Pts',(39.2416007303526,19.3035414184538,1.));
#9980=CARTESIAN_POINT('Ctrl Pts',(39.6346086808285,19.2457674390612,0.));
#9981=CARTESIAN_POINT('Ctrl Pts',(39.6346086808285,19.2457674390612,1.));
#9982=CARTESIAN_POINT('',(37.6291519948086,19.7096155530749,0.));
#9983=CARTESIAN_POINT('Ctrl Pts',(37.6291519948086,19.7096155530749,0.));
#9984=CARTESIAN_POINT('Ctrl Pts',(37.9060389640114,19.618632047883,0.));
#9985=CARTESIAN_POINT('Ctrl Pts',(38.5600234210507,19.4037364230952,0.));
#9986=CARTESIAN_POINT('Ctrl Pts',(39.2416007303526,19.3035414184538,0.));
#9987=CARTESIAN_POINT('Ctrl Pts',(39.6346086808285,19.2457674390612,0.));
#9988=CARTESIAN_POINT('',(37.6291519948086,19.7096155530749,1.));
#9989=CARTESIAN_POINT('',(37.6291519948086,19.7096155530749,0.));
#9990=CARTESIAN_POINT('Ctrl Pts',(37.6291519948086,19.7096155530749,1.));
#9991=CARTESIAN_POINT('Ctrl Pts',(37.9060389640114,19.618632047883,1.));
#9992=CARTESIAN_POINT('Ctrl Pts',(38.5600234210507,19.4037364230952,1.));
#9993=CARTESIAN_POINT('Ctrl Pts',(39.2416007303526,19.3035414184538,1.));
#9994=CARTESIAN_POINT('Ctrl Pts',(39.6346086808285,19.2457674390612,1.));
#9995=CARTESIAN_POINT('Origin',(37.6291519948086,19.2594097501574,0.));
#9996=CARTESIAN_POINT('',(37.6291519948086,28.0773148992773,0.));
#9997=CARTESIAN_POINT('',(37.6291519948086,19.2594097501574,1.));
#9998=CARTESIAN_POINT('Origin',(35.9988660164913,16.0738705045519,0.));
#9999=CARTESIAN_POINT('',(35.9988660164913,16.0738705045519,0.));
#10000=CARTESIAN_POINT('',(37.2812671013912,16.0738705045519,0.));
#10001=CARTESIAN_POINT('',(26.2612159856928,16.0738705045519,0.));
#10002=CARTESIAN_POINT('',(35.9988660164913,16.0738705045519,1.));
#10003=CARTESIAN_POINT('',(35.9988660164913,16.0738705045519,0.));
#10004=CARTESIAN_POINT('',(37.2812671013912,16.0738705045519,1.));
#10005=CARTESIAN_POINT('',(35.9988660164913,16.0738705045519,1.));
#10006=CARTESIAN_POINT('',(37.2812671013912,16.0738705045519,0.));
#10007=CARTESIAN_POINT('Ctrl Pts',(36.3126451321682,16.9401739484606,0.));
#10008=CARTESIAN_POINT('Ctrl Pts',(36.3126451321682,16.9401739484606,1.));
#10009=CARTESIAN_POINT('Ctrl Pts',(36.2787173367541,16.7908293015274,0.));
#10010=CARTESIAN_POINT('Ctrl Pts',(36.2787173367541,16.7908293015274,1.));
#10011=CARTESIAN_POINT('Ctrl Pts',(36.2101584880251,16.4890443805614,0.));
#10012=CARTESIAN_POINT('Ctrl Pts',(36.2101584880251,16.4890443805614,1.));
#10013=CARTESIAN_POINT('Ctrl Pts',(36.0697768391765,16.2132049583141,0.));
#10014=CARTESIAN_POINT('Ctrl Pts',(36.0697768391765,16.2132049583141,1.));
#10015=CARTESIAN_POINT('Ctrl Pts',(35.9988660164913,16.0738705045519,0.));
#10016=CARTESIAN_POINT('Ctrl Pts',(35.9988660164913,16.0738705045519,1.));
#10017=CARTESIAN_POINT('',(36.3126451321682,16.9401739484606,0.));
#10018=CARTESIAN_POINT('Ctrl Pts',(36.3126451321682,16.9401739484606,0.));
#10019=CARTESIAN_POINT('Ctrl Pts',(36.2787173367541,16.7908293015274,0.));
#10020=CARTESIAN_POINT('Ctrl Pts',(36.2101584880251,16.4890443805614,0.));
#10021=CARTESIAN_POINT('Ctrl Pts',(36.0697768391765,16.2132049583141,0.));
#10022=CARTESIAN_POINT('Ctrl Pts',(35.9988660164913,16.0738705045519,0.));
#10023=CARTESIAN_POINT('',(36.3126451321682,16.9401739484606,1.));
#10024=CARTESIAN_POINT('',(36.3126451321682,16.9401739484606,0.));
#10025=CARTESIAN_POINT('Ctrl Pts',(36.3126451321682,16.9401739484606,1.));
#10026=CARTESIAN_POINT('Ctrl Pts',(36.2787173367541,16.7908293015274,1.));
#10027=CARTESIAN_POINT('Ctrl Pts',(36.2101584880251,16.4890443805614,1.));
#10028=CARTESIAN_POINT('Ctrl Pts',(36.0697768391765,16.2132049583141,1.));
#10029=CARTESIAN_POINT('Ctrl Pts',(35.9988660164913,16.0738705045519,1.));
#10030=CARTESIAN_POINT('Ctrl Pts',(36.3876790352901,19.1093395597277,0.));
#10031=CARTESIAN_POINT('Ctrl Pts',(36.3876790352901,19.1093395597277,1.));
#10032=CARTESIAN_POINT('Ctrl Pts',(36.3903433988258,18.6428335323587,0.));
#10033=CARTESIAN_POINT('Ctrl Pts',(36.3903433988258,18.6428335323587,1.));
#10034=CARTESIAN_POINT('Ctrl Pts',(36.3944801831305,17.9185199069157,0.));
#10035=CARTESIAN_POINT('Ctrl Pts',(36.3944801831305,17.9185199069157,1.));
#10036=CARTESIAN_POINT('Ctrl Pts',(36.3341268977809,17.1969905364694,0.));
#10037=CARTESIAN_POINT('Ctrl Pts',(36.3341268977809,17.1969905364694,1.));
#10038=CARTESIAN_POINT('Ctrl Pts',(36.3126451321682,16.9401739484606,0.));
#10039=CARTESIAN_POINT('Ctrl Pts',(36.3126451321682,16.9401739484606,1.));
#10040=CARTESIAN_POINT('',(36.3876790352901,19.1093395597277,0.));
#10041=CARTESIAN_POINT('Ctrl Pts',(36.3876790352901,19.1093395597277,0.));
#10042=CARTESIAN_POINT('Ctrl Pts',(36.3903433988258,18.6428335323587,0.));
#10043=CARTESIAN_POINT('Ctrl Pts',(36.3944801831305,17.9185199069157,0.));
#10044=CARTESIAN_POINT('Ctrl Pts',(36.3341268977809,17.1969905364694,0.));
#10045=CARTESIAN_POINT('Ctrl Pts',(36.3126451321682,16.9401739484606,0.));
#10046=CARTESIAN_POINT('',(36.3876790352901,19.1093395597277,1.));
#10047=CARTESIAN_POINT('',(36.3876790352901,19.1093395597277,0.));
#10048=CARTESIAN_POINT('Ctrl Pts',(36.3876790352901,19.1093395597277,1.));
#10049=CARTESIAN_POINT('Ctrl Pts',(36.3903433988258,18.6428335323587,1.));
#10050=CARTESIAN_POINT('Ctrl Pts',(36.3944801831305,17.9185199069157,1.));
#10051=CARTESIAN_POINT('Ctrl Pts',(36.3341268977809,17.1969905364694,1.));
#10052=CARTESIAN_POINT('Ctrl Pts',(36.3126451321682,16.9401739484606,1.));
#10053=CARTESIAN_POINT('Origin',(36.3876790352901,20.7464502698718,0.));
#10054=CARTESIAN_POINT('',(36.3876790352901,20.7464502698718,0.));
#10055=CARTESIAN_POINT('',(36.3876790352901,28.8208351591344,0.));
#10056=CARTESIAN_POINT('',(36.3876790352901,20.7464502698718,1.));
#10057=CARTESIAN_POINT('',(36.3876790352901,20.7464502698718,0.));
#10058=CARTESIAN_POINT('',(36.3876790352901,20.7464502698718,1.));
#10059=CARTESIAN_POINT('Ctrl Pts',(36.4490706273159,21.878781164342,0.));
#10060=CARTESIAN_POINT('Ctrl Pts',(36.4490706273159,21.878781164342,1.));
#10061=CARTESIAN_POINT('Ctrl Pts',(36.4313685399239,21.7322725697695,0.));
#10062=CARTESIAN_POINT('Ctrl Pts',(36.4313685399239,21.7322725697695,1.));
#10063=CARTESIAN_POINT('Ctrl Pts',(36.3859542672139,21.3564083498636,0.));
#10064=CARTESIAN_POINT('Ctrl Pts',(36.3859542672139,21.3564083498636,1.));
#10065=CARTESIAN_POINT('Ctrl Pts',(36.3870254128688,20.9776015084905,0.));
#10066=CARTESIAN_POINT('Ctrl Pts',(36.3870254128688,20.9776015084905,1.));
#10067=CARTESIAN_POINT('Ctrl Pts',(36.3876790352901,20.7464502698718,0.));
#10068=CARTESIAN_POINT('Ctrl Pts',(36.3876790352901,20.7464502698718,1.));
#10069=CARTESIAN_POINT('',(36.4490706273159,21.878781164342,0.));
#10070=CARTESIAN_POINT('Ctrl Pts',(36.4490706273159,21.878781164342,0.));
#10071=CARTESIAN_POINT('Ctrl Pts',(36.4313685399239,21.7322725697695,0.));
#10072=CARTESIAN_POINT('Ctrl Pts',(36.3859542672139,21.3564083498636,0.));
#10073=CARTESIAN_POINT('Ctrl Pts',(36.3870254128688,20.9776015084905,0.));
#10074=CARTESIAN_POINT('Ctrl Pts',(36.3876790352901,20.7464502698718,0.));
#10075=CARTESIAN_POINT('',(36.4490706273159,21.878781164342,1.));
#10076=CARTESIAN_POINT('',(36.4490706273159,21.878781164342,0.));
#10077=CARTESIAN_POINT('Ctrl Pts',(36.4490706273159,21.878781164342,1.));
#10078=CARTESIAN_POINT('Ctrl Pts',(36.4313685399239,21.7322725697695,1.));
#10079=CARTESIAN_POINT('Ctrl Pts',(36.3859542672139,21.3564083498636,1.));
#10080=CARTESIAN_POINT('Ctrl Pts',(36.3870254128688,20.9776015084905,1.));
#10081=CARTESIAN_POINT('Ctrl Pts',(36.3876790352901,20.7464502698718,1.));
#10082=CARTESIAN_POINT('Ctrl Pts',(36.8310624905666,22.7109788305102,0.));
#10083=CARTESIAN_POINT('Ctrl Pts',(36.8310624905666,22.7109788305102,1.));
#10084=CARTESIAN_POINT('Ctrl Pts',(36.7461430194324,22.5906084894894,0.));
#10085=CARTESIAN_POINT('Ctrl Pts',(36.7461430194324,22.5906084894894,1.));
#10086=CARTESIAN_POINT('Ctrl Pts',(36.5673693271467,22.3372031159213,0.));
#10087=CARTESIAN_POINT('Ctrl Pts',(36.5673693271467,22.3372031159213,1.));
#10088=CARTESIAN_POINT('Ctrl Pts',(36.4897958494543,22.0365963883291,0.));
#10089=CARTESIAN_POINT('Ctrl Pts',(36.4897958494543,22.0365963883291,1.));
#10090=CARTESIAN_POINT('Ctrl Pts',(36.4490706273159,21.878781164342,0.));
#10091=CARTESIAN_POINT('Ctrl Pts',(36.4490706273159,21.878781164342,1.));
#10092=CARTESIAN_POINT('',(36.8310624905666,22.7109788305102,0.));
#10093=CARTESIAN_POINT('Ctrl Pts',(36.8310624905666,22.7109788305102,0.));
#10094=CARTESIAN_POINT('Ctrl Pts',(36.7461430194324,22.5906084894894,0.));
#10095=CARTESIAN_POINT('Ctrl Pts',(36.5673693271467,22.3372031159213,0.));
#10096=CARTESIAN_POINT('Ctrl Pts',(36.4897958494543,22.0365963883291,0.));
#10097=CARTESIAN_POINT('Ctrl Pts',(36.4490706273159,21.878781164342,0.));
#10098=CARTESIAN_POINT('',(36.8310624905666,22.7109788305102,1.));
#10099=CARTESIAN_POINT('',(36.8310624905666,22.7109788305102,0.));
#10100=CARTESIAN_POINT('Ctrl Pts',(36.8310624905666,22.7109788305102,1.));
#10101=CARTESIAN_POINT('Ctrl Pts',(36.7461430194324,22.5906084894894,1.));
#10102=CARTESIAN_POINT('Ctrl Pts',(36.5673693271467,22.3372031159213,1.));
#10103=CARTESIAN_POINT('Ctrl Pts',(36.4897958494543,22.0365963883291,1.));
#10104=CARTESIAN_POINT('Ctrl Pts',(36.4490706273159,21.878781164342,1.));
#10105=CARTESIAN_POINT('Ctrl Pts',(37.6837224312862,23.2635019666491,0.));
#10106=CARTESIAN_POINT('Ctrl Pts',(37.6837224312862,23.2635019666491,1.));
#10107=CARTESIAN_POINT('Ctrl Pts',(37.5086633858295,23.1921478731001,0.));
#10108=CARTESIAN_POINT('Ctrl Pts',(37.5086633858295,23.1921478731001,1.));
#10109=CARTESIAN_POINT('Ctrl Pts',(37.1886672246918,23.0617173891593,0.));
#10110=CARTESIAN_POINT('Ctrl Pts',(37.1886672246918,23.0617173891593,1.));
#10111=CARTESIAN_POINT('Ctrl Pts',(36.9425412796794,22.820317175566,0.));
#10112=CARTESIAN_POINT('Ctrl Pts',(36.9425412796794,22.820317175566,1.));
#10113=CARTESIAN_POINT('Ctrl Pts',(36.8310624905666,22.7109788305102,0.));
#10114=CARTESIAN_POINT('Ctrl Pts',(36.8310624905666,22.7109788305102,1.));
#10115=CARTESIAN_POINT('',(37.6837224312862,23.2635019666491,0.));
#10116=CARTESIAN_POINT('Ctrl Pts',(37.6837224312862,23.2635019666491,0.));
#10117=CARTESIAN_POINT('Ctrl Pts',(37.5086633858295,23.1921478731001,0.));
#10118=CARTESIAN_POINT('Ctrl Pts',(37.1886672246918,23.0617173891593,0.));
#10119=CARTESIAN_POINT('Ctrl Pts',(36.9425412796794,22.820317175566,0.));
#10120=CARTESIAN_POINT('Ctrl Pts',(36.8310624905666,22.7109788305102,0.));
#10121=CARTESIAN_POINT('',(37.6837224312862,23.2635019666491,1.));
#10122=CARTESIAN_POINT('',(37.6837224312862,23.2635019666491,0.));
#10123=CARTESIAN_POINT('Ctrl Pts',(37.6837224312862,23.2635019666491,1.));
#10124=CARTESIAN_POINT('Ctrl Pts',(37.5086633858295,23.1921478731001,1.));
#10125=CARTESIAN_POINT('Ctrl Pts',(37.1886672246918,23.0617173891593,1.));
#10126=CARTESIAN_POINT('Ctrl Pts',(36.9425412796794,22.820317175566,1.));
#10127=CARTESIAN_POINT('Ctrl Pts',(36.8310624905666,22.7109788305102,1.));
#10128=CARTESIAN_POINT('Ctrl Pts',(39.1912264176449,23.4817837125597,0.));
#10129=CARTESIAN_POINT('Ctrl Pts',(39.1912264176449,23.4817837125597,1.));
#10130=CARTESIAN_POINT('Ctrl Pts',(38.9089161543673,23.4770304492347,0.));
#10131=CARTESIAN_POINT('Ctrl Pts',(38.9089161543673,23.4770304492347,1.));
#10132=CARTESIAN_POINT('Ctrl Pts',(38.3965388452846,23.4684035426407,0.));
#10133=CARTESIAN_POINT('Ctrl Pts',(38.3965388452846,23.4684035426407,1.));
#10134=CARTESIAN_POINT('Ctrl Pts',(37.9046084350525,23.3269964224408,0.));
#10135=CARTESIAN_POINT('Ctrl Pts',(37.9046084350525,23.3269964224408,1.));
#10136=CARTESIAN_POINT('Ctrl Pts',(37.6837224312862,23.2635019666491,0.));
#10137=CARTESIAN_POINT('Ctrl Pts',(37.6837224312862,23.2635019666491,1.));
#10138=CARTESIAN_POINT('',(39.1912264176449,23.4817837125597,0.));
#10139=CARTESIAN_POINT('Ctrl Pts',(39.1912264176449,23.4817837125597,0.));
#10140=CARTESIAN_POINT('Ctrl Pts',(38.9089161543673,23.4770304492347,0.));
#10141=CARTESIAN_POINT('Ctrl Pts',(38.3965388452846,23.4684035426407,0.));
#10142=CARTESIAN_POINT('Ctrl Pts',(37.9046084350525,23.3269964224408,0.));
#10143=CARTESIAN_POINT('Ctrl Pts',(37.6837224312862,23.2635019666491,0.));
#10144=CARTESIAN_POINT('',(39.1912264176449,23.4817837125597,1.));
#10145=CARTESIAN_POINT('',(39.1912264176449,23.4817837125597,0.));
#10146=CARTESIAN_POINT('Ctrl Pts',(39.1912264176449,23.4817837125597,1.));
#10147=CARTESIAN_POINT('Ctrl Pts',(38.9089161543673,23.4770304492347,1.));
#10148=CARTESIAN_POINT('Ctrl Pts',(38.3965388452846,23.4684035426407,1.));
#10149=CARTESIAN_POINT('Ctrl Pts',(37.9046084350525,23.3269964224408,1.));
#10150=CARTESIAN_POINT('Ctrl Pts',(37.6837224312862,23.2635019666491,1.));
#10151=CARTESIAN_POINT('Ctrl Pts',(40.8351547070583,23.2225750333605,0.));
#10152=CARTESIAN_POINT('Ctrl Pts',(40.8351547070583,23.2225750333605,1.));
#10153=CARTESIAN_POINT('Ctrl Pts',(40.5816711126656,23.2981172455592,0.));
#10154=CARTESIAN_POINT('Ctrl Pts',(40.5816711126656,23.2981172455592,1.));
#10155=CARTESIAN_POINT('Ctrl Pts',(40.0456185476635,23.4578695826367,0.));
#10156=CARTESIAN_POINT('Ctrl Pts',(40.0456185476635,23.4578695826367,1.));
#10157=CARTESIAN_POINT('Ctrl Pts',(39.4861425591996,23.4735291153113,0.));
#10158=CARTESIAN_POINT('Ctrl Pts',(39.4861425591996,23.4735291153113,1.));
#10159=CARTESIAN_POINT('Ctrl Pts',(39.1912264176449,23.4817837125597,0.));
#10160=CARTESIAN_POINT('Ctrl Pts',(39.1912264176449,23.4817837125597,1.));
#10161=CARTESIAN_POINT('',(40.8351547070583,23.2225750333605,0.));
#10162=CARTESIAN_POINT('Ctrl Pts',(40.8351547070583,23.2225750333605,0.));
#10163=CARTESIAN_POINT('Ctrl Pts',(40.5816711126656,23.2981172455592,0.));
#10164=CARTESIAN_POINT('Ctrl Pts',(40.0456185476635,23.4578695826367,0.));
#10165=CARTESIAN_POINT('Ctrl Pts',(39.4861425591996,23.4735291153113,0.));
#10166=CARTESIAN_POINT('Ctrl Pts',(39.1912264176449,23.4817837125597,0.));
#10167=CARTESIAN_POINT('',(40.8351547070583,23.2225750333605,1.));
#10168=CARTESIAN_POINT('',(40.8351547070583,23.2225750333605,0.));
#10169=CARTESIAN_POINT('Ctrl Pts',(40.8351547070583,23.2225750333605,1.));
#10170=CARTESIAN_POINT('Ctrl Pts',(40.5816711126656,23.2981172455592,1.));
#10171=CARTESIAN_POINT('Ctrl Pts',(40.0456185476635,23.4578695826367,1.));
#10172=CARTESIAN_POINT('Ctrl Pts',(39.4861425591996,23.4735291153113,1.));
#10173=CARTESIAN_POINT('Ctrl Pts',(39.1912264176449,23.4817837125597,1.));
#10174=CARTESIAN_POINT('Ctrl Pts',(41.9197387047848,22.4926970845995,0.));
#10175=CARTESIAN_POINT('Ctrl Pts',(41.9197387047848,22.4926970845995,1.));
#10176=CARTESIAN_POINT('Ctrl Pts',(41.774673285045,22.6445570288023,0.));
#10177=CARTESIAN_POINT('Ctrl Pts',(41.774673285045,22.6445570288023,1.));
#10178=CARTESIAN_POINT('Ctrl Pts',(41.4670614941859,22.966576635403,0.));
#10179=CARTESIAN_POINT('Ctrl Pts',(41.4670614941859,22.966576635403,1.));
#10180=CARTESIAN_POINT('Ctrl Pts',(41.0536219451916,23.1340694750921,0.));
#10181=CARTESIAN_POINT('Ctrl Pts',(41.0536219451916,23.1340694750921,1.));
#10182=CARTESIAN_POINT('Ctrl Pts',(40.8351547070583,23.2225750333605,0.));
#10183=CARTESIAN_POINT('Ctrl Pts',(40.8351547070583,23.2225750333605,1.));
#10184=CARTESIAN_POINT('',(41.9197387047848,22.4926970845995,0.));
#10185=CARTESIAN_POINT('Ctrl Pts',(41.9197387047848,22.4926970845995,0.));
#10186=CARTESIAN_POINT('Ctrl Pts',(41.774673285045,22.6445570288023,0.));
#10187=CARTESIAN_POINT('Ctrl Pts',(41.4670614941859,22.966576635403,0.));
#10188=CARTESIAN_POINT('Ctrl Pts',(41.0536219451916,23.1340694750921,0.));
#10189=CARTESIAN_POINT('Ctrl Pts',(40.8351547070583,23.2225750333605,0.));
#10190=CARTESIAN_POINT('',(41.9197387047848,22.4926970845995,1.));
#10191=CARTESIAN_POINT('',(41.9197387047848,22.4926970845995,0.));
#10192=CARTESIAN_POINT('Ctrl Pts',(41.9197387047848,22.4926970845995,1.));
#10193=CARTESIAN_POINT('Ctrl Pts',(41.774673285045,22.6445570288023,1.));
#10194=CARTESIAN_POINT('Ctrl Pts',(41.4670614941859,22.966576635403,1.));
#10195=CARTESIAN_POINT('Ctrl Pts',(41.0536219451916,23.1340694750921,1.));
#10196=CARTESIAN_POINT('Ctrl Pts',(40.8351547070583,23.2225750333605,1.));
#10197=CARTESIAN_POINT('Ctrl Pts',(42.4586207219204,21.251225317174,0.));
#10198=CARTESIAN_POINT('Ctrl Pts',(42.4586207219204,21.251225317174,1.));
#10199=CARTESIAN_POINT('Ctrl Pts',(42.4001564358893,21.4892400587059,0.));
#10200=CARTESIAN_POINT('Ctrl Pts',(42.4001564358893,21.4892400587059,1.));
#10201=CARTESIAN_POINT('Ctrl Pts',(42.2908435692664,21.9342651408827,0.));
#10202=CARTESIAN_POINT('Ctrl Pts',(42.2908435692664,21.9342651408827,1.));
#10203=CARTESIAN_POINT('Ctrl Pts',(42.0375582920686,22.3154042829362,0.));
#10204=CARTESIAN_POINT('Ctrl Pts',(42.0375582920686,22.3154042829362,1.));
#10205=CARTESIAN_POINT('Ctrl Pts',(41.9197387047848,22.4926970845995,0.));
#10206=CARTESIAN_POINT('Ctrl Pts',(41.9197387047848,22.4926970845995,1.));
#10207=CARTESIAN_POINT('',(42.4586207219204,21.251225317174,0.));
#10208=CARTESIAN_POINT('Ctrl Pts',(42.4586207219204,21.251225317174,0.));
#10209=CARTESIAN_POINT('Ctrl Pts',(42.4001564358893,21.4892400587059,0.));
#10210=CARTESIAN_POINT('Ctrl Pts',(42.2908435692664,21.9342651408827,0.));
#10211=CARTESIAN_POINT('Ctrl Pts',(42.0375582920686,22.3154042829362,0.));
#10212=CARTESIAN_POINT('Ctrl Pts',(41.9197387047848,22.4926970845995,0.));
#10213=CARTESIAN_POINT('',(42.4586207219204,21.251225317174,1.));
#10214=CARTESIAN_POINT('',(42.4586207219204,21.251225317174,0.));
#10215=CARTESIAN_POINT('Ctrl Pts',(42.4586207219204,21.251225317174,1.));
#10216=CARTESIAN_POINT('Ctrl Pts',(42.4001564358893,21.4892400587059,1.));
#10217=CARTESIAN_POINT('Ctrl Pts',(42.2908435692664,21.9342651408827,1.));
#10218=CARTESIAN_POINT('Ctrl Pts',(42.0375582920686,22.3154042829362,1.));
#10219=CARTESIAN_POINT('Ctrl Pts',(41.9197387047848,22.4926970845995,1.));
#10220=CARTESIAN_POINT('Origin',(41.2580746956905,21.0875128156481,0.));
#10221=CARTESIAN_POINT('',(41.2580746956905,21.0875128156481,0.));
#10222=CARTESIAN_POINT('',(30.1747291031538,19.5761320000969,0.));
#10223=CARTESIAN_POINT('',(41.2580746956905,21.0875128156481,1.));
#10224=CARTESIAN_POINT('',(41.2580746956905,21.0875128156481,0.));
#10225=CARTESIAN_POINT('',(41.2580746956905,21.0875128156481,1.));
#10226=CARTESIAN_POINT('Ctrl Pts',(40.6509799309811,22.1584556943713,0.));
#10227=CARTESIAN_POINT('Ctrl Pts',(40.6509799309811,22.1584556943713,1.));
#10228=CARTESIAN_POINT('Ctrl Pts',(40.7814845097687,22.0261433096659,0.));
#10229=CARTESIAN_POINT('Ctrl Pts',(40.7814845097687,22.0261433096659,1.));
#10230=CARTESIAN_POINT('Ctrl Pts',(41.0782392636557,21.7252777804698,0.));
#10231=CARTESIAN_POINT('Ctrl Pts',(41.0782392636557,21.7252777804698,1.));
#10232=CARTESIAN_POINT('Ctrl Pts',(41.1935015773647,21.3165136975739,0.));
#10233=CARTESIAN_POINT('Ctrl Pts',(41.1935015773647,21.3165136975739,1.));
#10234=CARTESIAN_POINT('Ctrl Pts',(41.2580746956905,21.0875128156481,0.));
#10235=CARTESIAN_POINT('Ctrl Pts',(41.2580746956905,21.0875128156481,1.));
#10236=CARTESIAN_POINT('',(40.6509799309811,22.1584556943713,0.));
#10237=CARTESIAN_POINT('Ctrl Pts',(40.6509799309811,22.1584556943713,0.));
#10238=CARTESIAN_POINT('Ctrl Pts',(40.7814845097687,22.0261433096659,0.));
#10239=CARTESIAN_POINT('Ctrl Pts',(41.0782392636557,21.7252777804698,0.));
#10240=CARTESIAN_POINT('Ctrl Pts',(41.1935015773647,21.3165136975739,0.));
#10241=CARTESIAN_POINT('Ctrl Pts',(41.2580746956905,21.0875128156481,0.));
#10242=CARTESIAN_POINT('',(40.6509799309811,22.1584556943713,1.));
#10243=CARTESIAN_POINT('',(40.6509799309811,22.1584556943713,0.));
#10244=CARTESIAN_POINT('Ctrl Pts',(40.6509799309811,22.1584556943713,1.));
#10245=CARTESIAN_POINT('Ctrl Pts',(40.7814845097687,22.0261433096659,1.));
#10246=CARTESIAN_POINT('Ctrl Pts',(41.0782392636557,21.7252777804698,1.));
#10247=CARTESIAN_POINT('Ctrl Pts',(41.1935015773647,21.3165136975739,1.));
#10248=CARTESIAN_POINT('Ctrl Pts',(41.2580746956905,21.0875128156481,1.));
#10249=CARTESIAN_POINT('Ctrl Pts',(39.3685788460811,22.4654124624072,0.));
#10250=CARTESIAN_POINT('Ctrl Pts',(39.3685788460811,22.4654124624072,1.));
#10251=CARTESIAN_POINT('Ctrl Pts',(39.6254240248048,22.4611989358093,0.));
#10252=CARTESIAN_POINT('Ctrl Pts',(39.6254240248048,22.4611989358093,1.));
#10253=CARTESIAN_POINT('Ctrl Pts',(40.077739049112,22.453778740519,0.));
#10254=CARTESIAN_POINT('Ctrl Pts',(40.077739049112,22.453778740519,1.));
#10255=CARTESIAN_POINT('Ctrl Pts',(40.4780038213661,22.2475697705267,0.));
#10256=CARTESIAN_POINT('Ctrl Pts',(40.4780038213661,22.2475697705267,1.));
#10257=CARTESIAN_POINT('Ctrl Pts',(40.6509799309811,22.1584556943713,0.));
#10258=CARTESIAN_POINT('Ctrl Pts',(40.6509799309811,22.1584556943713,1.));
#10259=CARTESIAN_POINT('',(39.3685788460811,22.4654124624072,0.));
#10260=CARTESIAN_POINT('Ctrl Pts',(39.3685788460811,22.4654124624072,0.));
#10261=CARTESIAN_POINT('Ctrl Pts',(39.6254240248048,22.4611989358093,0.));
#10262=CARTESIAN_POINT('Ctrl Pts',(40.077739049112,22.453778740519,0.));
#10263=CARTESIAN_POINT('Ctrl Pts',(40.4780038213661,22.2475697705267,0.));
#10264=CARTESIAN_POINT('Ctrl Pts',(40.6509799309811,22.1584556943713,0.));
#10265=CARTESIAN_POINT('',(39.3685788460811,22.4654124624072,1.));
#10266=CARTESIAN_POINT('',(39.3685788460811,22.4654124624072,0.));
#10267=CARTESIAN_POINT('Ctrl Pts',(39.3685788460811,22.4654124624072,1.));
#10268=CARTESIAN_POINT('Ctrl Pts',(39.6254240248048,22.4611989358093,1.));
#10269=CARTESIAN_POINT('Ctrl Pts',(40.077739049112,22.453778740519,1.));
#10270=CARTESIAN_POINT('Ctrl Pts',(40.4780038213661,22.2475697705267,1.));
#10271=CARTESIAN_POINT('Ctrl Pts',(40.6509799309811,22.1584556943713,1.));
#10272=CARTESIAN_POINT('Ctrl Pts',(37.9702157326778,22.0493124372302,0.));
#10273=CARTESIAN_POINT('Ctrl Pts',(37.9702157326778,22.0493124372302,1.));
#10274=CARTESIAN_POINT('Ctrl Pts',(38.1597751031601,22.1703234205703,0.));
#10275=CARTESIAN_POINT('Ctrl Pts',(38.1597751031601,22.1703234205703,1.));
#10276=CARTESIAN_POINT('Ctrl Pts',(38.5838104247391,22.4410192511414,0.));
#10277=CARTESIAN_POINT('Ctrl Pts',(38.5838104247391,22.4410192511414,1.));
#10278=CARTESIAN_POINT('Ctrl Pts',(39.0891465423072,22.4567267775158,0.));
#10279=CARTESIAN_POINT('Ctrl Pts',(39.0891465423072,22.4567267775158,1.));
#10280=CARTESIAN_POINT('Ctrl Pts',(39.3685788460811,22.4654124624072,0.));
#10281=CARTESIAN_POINT('Ctrl Pts',(39.3685788460811,22.4654124624072,1.));
#10282=CARTESIAN_POINT('',(37.9702157326778,22.0493124372302,0.));
#10283=CARTESIAN_POINT('Ctrl Pts',(37.9702157326778,22.0493124372302,0.));
#10284=CARTESIAN_POINT('Ctrl Pts',(38.1597751031601,22.1703234205703,0.));
#10285=CARTESIAN_POINT('Ctrl Pts',(38.5838104247391,22.4410192511414,0.));
#10286=CARTESIAN_POINT('Ctrl Pts',(39.0891465423072,22.4567267775158,0.));
#10287=CARTESIAN_POINT('Ctrl Pts',(39.3685788460811,22.4654124624072,0.));
#10288=CARTESIAN_POINT('',(37.9702157326778,22.0493124372302,1.));
#10289=CARTESIAN_POINT('',(37.9702157326778,22.0493124372302,0.));
#10290=CARTESIAN_POINT('Ctrl Pts',(37.9702157326778,22.0493124372302,1.));
#10291=CARTESIAN_POINT('Ctrl Pts',(38.1597751031601,22.1703234205703,1.));
#10292=CARTESIAN_POINT('Ctrl Pts',(38.5838104247391,22.4410192511414,1.));
#10293=CARTESIAN_POINT('Ctrl Pts',(39.0891465423072,22.4567267775158,1.));
#10294=CARTESIAN_POINT('Ctrl Pts',(39.3685788460811,22.4654124624072,1.));
#10295=CARTESIAN_POINT('Ctrl Pts',(37.6223308392605,20.992014253789,0.));
#10296=CARTESIAN_POINT('Ctrl Pts',(37.6223308392605,20.992014253789,1.));
#10297=CARTESIAN_POINT('Ctrl Pts',(37.6272296227684,21.2138829367645,0.));
#10298=CARTESIAN_POINT('Ctrl Pts',(37.6272296227684,21.2138829367645,1.));
#10299=CARTESIAN_POINT('Ctrl Pts',(37.6358673640814,21.6050911389471,0.));
#10300=CARTESIAN_POINT('Ctrl Pts',(37.6358673640814,21.6050911389471,1.));
#10301=CARTESIAN_POINT('Ctrl Pts',(37.8692102521,21.9151147263086,0.));
#10302=CARTESIAN_POINT('Ctrl Pts',(37.8692102521,21.9151147263086,1.));
#10303=CARTESIAN_POINT('Ctrl Pts',(37.9702157326778,22.0493124372302,0.));
#10304=CARTESIAN_POINT('Ctrl Pts',(37.9702157326778,22.0493124372302,1.));
#10305=CARTESIAN_POINT('',(37.6223308392605,20.992014253789,0.));
#10306=CARTESIAN_POINT('Ctrl Pts',(37.6223308392605,20.992014253789,0.));
#10307=CARTESIAN_POINT('Ctrl Pts',(37.6272296227684,21.2138829367645,0.));
#10308=CARTESIAN_POINT('Ctrl Pts',(37.6358673640814,21.6050911389471,0.));
#10309=CARTESIAN_POINT('Ctrl Pts',(37.8692102521,21.9151147263086,0.));
#10310=CARTESIAN_POINT('Ctrl Pts',(37.9702157326778,22.0493124372302,0.));
#10311=CARTESIAN_POINT('',(37.6223308392605,20.992014253789,1.));
#10312=CARTESIAN_POINT('',(37.6223308392605,20.992014253789,0.));
#10313=CARTESIAN_POINT('Ctrl Pts',(37.6223308392605,20.992014253789,1.));
#10314=CARTESIAN_POINT('Ctrl Pts',(37.6272296227684,21.2138829367645,1.));
#10315=CARTESIAN_POINT('Ctrl Pts',(37.6358673640814,21.6050911389471,1.));
#10316=CARTESIAN_POINT('Ctrl Pts',(37.8692102521,21.9151147263086,1.));
#10317=CARTESIAN_POINT('Ctrl Pts',(37.9702157326778,22.0493124372302,1.));
#10318=CARTESIAN_POINT('Ctrl Pts',(37.6291519948086,20.6714151746569,0.));
#10319=CARTESIAN_POINT('Ctrl Pts',(37.6291519948086,20.6714151746569,1.));
#10320=CARTESIAN_POINT('Ctrl Pts',(37.6272279625987,20.7401922108042,0.));
#10321=CARTESIAN_POINT('Ctrl Pts',(37.6272279625987,20.7401922108042,1.));
#10322=CARTESIAN_POINT('Ctrl Pts',(37.6242387819862,20.847044363267,0.));
#10323=CARTESIAN_POINT('Ctrl Pts',(37.6242387819862,20.847044363267,1.));
#10324=CARTESIAN_POINT('Ctrl Pts',(37.6228320916598,20.9539279399406,0.));
#10325=CARTESIAN_POINT('Ctrl Pts',(37.6228320916598,20.9539279399406,1.));
#10326=CARTESIAN_POINT('Ctrl Pts',(37.6223308392605,20.992014253789,0.));
#10327=CARTESIAN_POINT('Ctrl Pts',(37.6223308392605,20.992014253789,1.));
#10328=CARTESIAN_POINT('',(37.6291519948086,20.6714151746569,0.));
#10329=CARTESIAN_POINT('Ctrl Pts',(37.6291519948086,20.6714151746569,0.));
#10330=CARTESIAN_POINT('Ctrl Pts',(37.6272279625987,20.7401922108042,0.));
#10331=CARTESIAN_POINT('Ctrl Pts',(37.6242387819862,20.847044363267,0.));
#10332=CARTESIAN_POINT('Ctrl Pts',(37.6228320916598,20.9539279399406,0.));
#10333=CARTESIAN_POINT('Ctrl Pts',(37.6223308392605,20.992014253789,0.));
#10334=CARTESIAN_POINT('',(37.6291519948086,20.6714151746569,1.));
#10335=CARTESIAN_POINT('',(37.6291519948086,20.6714151746569,0.));
#10336=CARTESIAN_POINT('Ctrl Pts',(37.6291519948086,20.6714151746569,1.));
#10337=CARTESIAN_POINT('Ctrl Pts',(37.6272279625987,20.7401922108042,1.));
#10338=CARTESIAN_POINT('Ctrl Pts',(37.6242387819862,20.847044363267,1.));
#10339=CARTESIAN_POINT('Ctrl Pts',(37.6228320916598,20.9539279399406,1.));
#10340=CARTESIAN_POINT('Ctrl Pts',(37.6223308392605,20.992014253789,1.));
#10341=CARTESIAN_POINT('Ctrl Pts',(39.8187834569057,20.2484963781176,0.));
#10342=CARTESIAN_POINT('Ctrl Pts',(39.8187834569057,20.2484963781176,1.));
#10343=CARTESIAN_POINT('Ctrl Pts',(39.3859696417914,20.3008920801759,0.));
#10344=CARTESIAN_POINT('Ctrl Pts',(39.3859696417914,20.3008920801759,1.));
#10345=CARTESIAN_POINT('Ctrl Pts',(38.6457223852217,20.3905051501617,0.));
#10346=CARTESIAN_POINT('Ctrl Pts',(38.6457223852217,20.3905051501617,1.));
#10347=CARTESIAN_POINT('Ctrl Pts',(37.9274563676919,20.5889843961452,0.));
#10348=CARTESIAN_POINT('Ctrl Pts',(37.9274563676919,20.5889843961452,1.));
#10349=CARTESIAN_POINT('Ctrl Pts',(37.6291519948086,20.6714151746569,0.));
#10350=CARTESIAN_POINT('Ctrl Pts',(37.6291519948086,20.6714151746569,1.));
#10351=CARTESIAN_POINT('',(39.8187834569057,20.2484963781176,0.));
#10352=CARTESIAN_POINT('Ctrl Pts',(39.8187834569057,20.2484963781176,0.));
#10353=CARTESIAN_POINT('Ctrl Pts',(39.3859696417914,20.3008920801759,0.));
#10354=CARTESIAN_POINT('Ctrl Pts',(38.6457223852217,20.3905051501617,0.));
#10355=CARTESIAN_POINT('Ctrl Pts',(37.9274563676919,20.5889843961452,0.));
#10356=CARTESIAN_POINT('Ctrl Pts',(37.6291519948086,20.6714151746569,0.));
#10357=CARTESIAN_POINT('',(39.8187834569057,20.2484963781176,1.));
#10358=CARTESIAN_POINT('',(39.8187834569057,20.2484963781176,0.));
#10359=CARTESIAN_POINT('Ctrl Pts',(39.8187834569057,20.2484963781176,1.));
#10360=CARTESIAN_POINT('Ctrl Pts',(39.3859696417914,20.3008920801759,1.));
#10361=CARTESIAN_POINT('Ctrl Pts',(38.6457223852217,20.3905051501617,1.));
#10362=CARTESIAN_POINT('Ctrl Pts',(37.9274563676919,20.5889843961452,1.));
#10363=CARTESIAN_POINT('Ctrl Pts',(37.6291519948086,20.6714151746569,1.));
#10364=CARTESIAN_POINT('Ctrl Pts',(40.9101886101803,20.0643204099474,0.));
#10365=CARTESIAN_POINT('Ctrl Pts',(40.9101886101803,20.0643204099474,1.));
#10366=CARTESIAN_POINT('Ctrl Pts',(40.7593334453418,20.097592943058,0.));
#10367=CARTESIAN_POINT('Ctrl Pts',(40.7593334453418,20.097592943058,1.));
#10368=CARTESIAN_POINT('Ctrl Pts',(40.3986911394501,20.1771360139016,0.));
#10369=CARTESIAN_POINT('Ctrl Pts',(40.3986911394501,20.1771360139016,1.));
#10370=CARTESIAN_POINT('Ctrl Pts',(40.0320564137059,20.2222521390209,0.));
#10371=CARTESIAN_POINT('Ctrl Pts',(40.0320564137059,20.2222521390209,1.));
#10372=CARTESIAN_POINT('Ctrl Pts',(39.8187834569057,20.2484963781176,0.));
#10373=CARTESIAN_POINT('Ctrl Pts',(39.8187834569057,20.2484963781176,1.));
#10374=CARTESIAN_POINT('',(40.9101886101803,20.0643204099474,0.));
#10375=CARTESIAN_POINT('Ctrl Pts',(40.9101886101803,20.0643204099474,0.));
#10376=CARTESIAN_POINT('Ctrl Pts',(40.7593334453418,20.097592943058,0.));
#10377=CARTESIAN_POINT('Ctrl Pts',(40.3986911394501,20.1771360139016,0.));
#10378=CARTESIAN_POINT('Ctrl Pts',(40.0320564137059,20.2222521390209,0.));
#10379=CARTESIAN_POINT('Ctrl Pts',(39.8187834569057,20.2484963781176,0.));
#10380=CARTESIAN_POINT('',(40.9101886101803,20.0643204099474,1.));
#10381=CARTESIAN_POINT('',(40.9101886101803,20.0643204099474,0.));
#10382=CARTESIAN_POINT('Ctrl Pts',(40.9101886101803,20.0643204099474,1.));
#10383=CARTESIAN_POINT('Ctrl Pts',(40.7593334453418,20.097592943058,1.));
#10384=CARTESIAN_POINT('Ctrl Pts',(40.3986911394501,20.1771360139016,1.));
#10385=CARTESIAN_POINT('Ctrl Pts',(40.0320564137059,20.2222521390209,1.));
#10386=CARTESIAN_POINT('Ctrl Pts',(39.8187834569057,20.2484963781176,1.));
#10387=CARTESIAN_POINT('Ctrl Pts',(41.7969555207332,19.6618650800524,0.));
#10388=CARTESIAN_POINT('Ctrl Pts',(41.7969555207332,19.6618650800524,1.));
#10389=CARTESIAN_POINT('Ctrl Pts',(41.6597485840562,19.7455139943547,0.));
#10390=CARTESIAN_POINT('Ctrl Pts',(41.6597485840562,19.7455139943547,1.));
#10391=CARTESIAN_POINT('Ctrl Pts',(41.3805786880684,19.9157113566076,0.));
#10392=CARTESIAN_POINT('Ctrl Pts',(41.3805786880684,19.9157113566076,1.));
#10393=CARTESIAN_POINT('Ctrl Pts',(41.068756070893,20.014224624907,0.));
#10394=CARTESIAN_POINT('Ctrl Pts',(41.068756070893,20.014224624907,1.));
#10395=CARTESIAN_POINT('Ctrl Pts',(40.9101886101803,20.0643204099474,0.));
#10396=CARTESIAN_POINT('Ctrl Pts',(40.9101886101803,20.0643204099474,1.));
#10397=CARTESIAN_POINT('',(41.7969555207332,19.6618650800524,0.));
#10398=CARTESIAN_POINT('Ctrl Pts',(41.7969555207332,19.6618650800524,0.));
#10399=CARTESIAN_POINT('Ctrl Pts',(41.6597485840562,19.7455139943547,0.));
#10400=CARTESIAN_POINT('Ctrl Pts',(41.3805786880684,19.9157113566076,0.));
#10401=CARTESIAN_POINT('Ctrl Pts',(41.068756070893,20.014224624907,0.));
#10402=CARTESIAN_POINT('Ctrl Pts',(40.9101886101803,20.0643204099474,0.));
#10403=CARTESIAN_POINT('',(41.7969555207332,19.6618650800524,1.));
#10404=CARTESIAN_POINT('',(41.7969555207332,19.6618650800524,0.));
#10405=CARTESIAN_POINT('Ctrl Pts',(41.7969555207332,19.6618650800524,1.));
#10406=CARTESIAN_POINT('Ctrl Pts',(41.6597485840562,19.7455139943547,1.));
#10407=CARTESIAN_POINT('Ctrl Pts',(41.3805786880684,19.9157113566076,1.));
#10408=CARTESIAN_POINT('Ctrl Pts',(41.068756070893,20.014224624907,1.));
#10409=CARTESIAN_POINT('Ctrl Pts',(40.9101886101803,20.0643204099474,1.));
#10410=CARTESIAN_POINT('Ctrl Pts',(42.4313349076351,18.9524505979357,0.));
#10411=CARTESIAN_POINT('Ctrl Pts',(42.4313349076351,18.9524505979357,1.));
#10412=CARTESIAN_POINT('Ctrl Pts',(42.3447871738711,19.0919739491321,0.));
#10413=CARTESIAN_POINT('Ctrl Pts',(42.3447871738711,19.0919739491321,1.));
#10414=CARTESIAN_POINT('Ctrl Pts',(42.1749234992238,19.3658106875723,0.));
#10415=CARTESIAN_POINT('Ctrl Pts',(42.1749234992238,19.3658106875723,1.));
#10416=CARTESIAN_POINT('Ctrl Pts',(41.9213366154976,19.5644399764933,0.));
#10417=CARTESIAN_POINT('Ctrl Pts',(41.9213366154976,19.5644399764933,1.));
#10418=CARTESIAN_POINT('Ctrl Pts',(41.7969555207332,19.6618650800524,0.));
#10419=CARTESIAN_POINT('Ctrl Pts',(41.7969555207332,19.6618650800524,1.));
#10420=CARTESIAN_POINT('',(42.4313349076351,18.9524505979357,0.));
#10421=CARTESIAN_POINT('Ctrl Pts',(42.4313349076351,18.9524505979357,0.));
#10422=CARTESIAN_POINT('Ctrl Pts',(42.3447871738711,19.0919739491321,0.));
#10423=CARTESIAN_POINT('Ctrl Pts',(42.1749234992238,19.3658106875723,0.));
#10424=CARTESIAN_POINT('Ctrl Pts',(41.9213366154976,19.5644399764933,0.));
#10425=CARTESIAN_POINT('Ctrl Pts',(41.7969555207332,19.6618650800524,0.));
#10426=CARTESIAN_POINT('',(42.4313349076351,18.9524505979357,1.));
#10427=CARTESIAN_POINT('',(42.4313349076351,18.9524505979357,0.));
#10428=CARTESIAN_POINT('Ctrl Pts',(42.4313349076351,18.9524505979357,1.));
#10429=CARTESIAN_POINT('Ctrl Pts',(42.3447871738711,19.0919739491321,1.));
#10430=CARTESIAN_POINT('Ctrl Pts',(42.1749234992238,19.3658106875723,1.));
#10431=CARTESIAN_POINT('Ctrl Pts',(41.9213366154976,19.5644399764933,1.));
#10432=CARTESIAN_POINT('Ctrl Pts',(41.7969555207332,19.6618650800524,1.));
#10433=CARTESIAN_POINT('Ctrl Pts',(42.67008012019,17.9838274366198,0.));
#10434=CARTESIAN_POINT('Ctrl Pts',(42.67008012019,17.9838274366198,1.));
#10435=CARTESIAN_POINT('Ctrl Pts',(42.6608494150886,18.1558778894754,0.));
#10436=CARTESIAN_POINT('Ctrl Pts',(42.6608494150886,18.1558778894754,1.));
#10437=CARTESIAN_POINT('Ctrl Pts',(42.6427065301692,18.4940418251876,0.));
#10438=CARTESIAN_POINT('Ctrl Pts',(42.6427065301692,18.4940418251876,1.));
#10439=CARTESIAN_POINT('Ctrl Pts',(42.5009626068008,18.801446656436,0.));
#10440=CARTESIAN_POINT('Ctrl Pts',(42.5009626068008,18.801446656436,1.));
#10441=CARTESIAN_POINT('Ctrl Pts',(42.4313349076351,18.9524505979357,0.));
#10442=CARTESIAN_POINT('Ctrl Pts',(42.4313349076351,18.9524505979357,1.));
#10443=CARTESIAN_POINT('',(42.67008012019,17.9838274366198,0.));
#10444=CARTESIAN_POINT('Ctrl Pts',(42.67008012019,17.9838274366198,0.));
#10445=CARTESIAN_POINT('Ctrl Pts',(42.6608494150886,18.1558778894754,0.));
#10446=CARTESIAN_POINT('Ctrl Pts',(42.6427065301692,18.4940418251876,0.));
#10447=CARTESIAN_POINT('Ctrl Pts',(42.5009626068008,18.801446656436,0.));
#10448=CARTESIAN_POINT('Ctrl Pts',(42.4313349076351,18.9524505979357,0.));
#10449=CARTESIAN_POINT('',(42.67008012019,17.9838274366198,1.));
#10450=CARTESIAN_POINT('',(42.67008012019,17.9838274366198,0.));
#10451=CARTESIAN_POINT('Ctrl Pts',(42.67008012019,17.9838274366198,1.));
#10452=CARTESIAN_POINT('Ctrl Pts',(42.6608494150886,18.1558778894754,1.));
#10453=CARTESIAN_POINT('Ctrl Pts',(42.6427065301692,18.4940418251876,1.));
#10454=CARTESIAN_POINT('Ctrl Pts',(42.5009626068008,18.801446656436,1.));
#10455=CARTESIAN_POINT('Ctrl Pts',(42.4313349076351,18.9524505979357,1.));
#10456=CARTESIAN_POINT('Ctrl Pts',(42.0288795777401,16.4899681455432,0.));
#10457=CARTESIAN_POINT('Ctrl Pts',(42.0288795777401,16.4899681455432,1.));
#10458=CARTESIAN_POINT('Ctrl Pts',(42.2158887997427,16.7006789265868,0.));
#10459=CARTESIAN_POINT('Ctrl Pts',(42.2158887997427,16.7006789265868,1.));
#10460=CARTESIAN_POINT('Ctrl Pts',(42.5945389848477,17.1273192568947,0.));
#10461=CARTESIAN_POINT('Ctrl Pts',(42.5945389848477,17.1273192568947,1.));
#10462=CARTESIAN_POINT('Ctrl Pts',(42.6446952339326,17.6960059388049,0.));
#10463=CARTESIAN_POINT('Ctrl Pts',(42.6446952339326,17.6960059388049,1.));
#10464=CARTESIAN_POINT('Ctrl Pts',(42.67008012019,17.9838274366198,0.));
#10465=CARTESIAN_POINT('Ctrl Pts',(42.67008012019,17.9838274366198,1.));
#10466=CARTESIAN_POINT('',(42.0288795777401,16.4899681455432,0.));
#10467=CARTESIAN_POINT('Ctrl Pts',(42.0288795777401,16.4899681455432,0.));
#10468=CARTESIAN_POINT('Ctrl Pts',(42.2158887997427,16.7006789265868,0.));
#10469=CARTESIAN_POINT('Ctrl Pts',(42.5945389848477,17.1273192568947,0.));
#10470=CARTESIAN_POINT('Ctrl Pts',(42.6446952339326,17.6960059388049,0.));
#10471=CARTESIAN_POINT('Ctrl Pts',(42.67008012019,17.9838274366198,0.));
#10472=CARTESIAN_POINT('',(42.0288795777401,16.4899681455432,1.));
#10473=CARTESIAN_POINT('',(42.0288795777401,16.4899681455432,0.));
#10474=CARTESIAN_POINT('Ctrl Pts',(42.0288795777401,16.4899681455432,1.));
#10475=CARTESIAN_POINT('Ctrl Pts',(42.2158887997427,16.7006789265868,1.));
#10476=CARTESIAN_POINT('Ctrl Pts',(42.5945389848477,17.1273192568947,1.));
#10477=CARTESIAN_POINT('Ctrl Pts',(42.6446952339326,17.6960059388049,1.));
#10478=CARTESIAN_POINT('Ctrl Pts',(42.67008012019,17.9838274366198,1.));
#10479=CARTESIAN_POINT('Ctrl Pts',(40.1939541646084,15.9101580030261,0.));
#10480=CARTESIAN_POINT('Ctrl Pts',(40.1939541646084,15.9101580030261,1.));
#10481=CARTESIAN_POINT('Ctrl Pts',(40.5571688047074,15.9245340729308,0.));
#10482=CARTESIAN_POINT('Ctrl Pts',(40.5571688047074,15.9245340729308,1.));
#10483=CARTESIAN_POINT('Ctrl Pts',(41.224606151542,15.9509513064226,0.));
#10484=CARTESIAN_POINT('Ctrl Pts',(41.224606151542,15.9509513064226,1.));
#10485=CARTESIAN_POINT('Ctrl Pts',(41.7770649253064,16.3212042232529,0.));
#10486=CARTESIAN_POINT('Ctrl Pts',(41.7770649253064,16.3212042232529,1.));
#10487=CARTESIAN_POINT('Ctrl Pts',(42.0288795777401,16.4899681455432,0.));
#10488=CARTESIAN_POINT('Ctrl Pts',(42.0288795777401,16.4899681455432,1.));
#10489=CARTESIAN_POINT('',(40.1939541646084,15.9101580030261,0.));
#10490=CARTESIAN_POINT('Ctrl Pts',(40.1939541646084,15.9101580030261,0.));
#10491=CARTESIAN_POINT('Ctrl Pts',(40.5571688047074,15.9245340729308,0.));
#10492=CARTESIAN_POINT('Ctrl Pts',(41.224606151542,15.9509513064226,0.));
#10493=CARTESIAN_POINT('Ctrl Pts',(41.7770649253064,16.3212042232529,0.));
#10494=CARTESIAN_POINT('Ctrl Pts',(42.0288795777401,16.4899681455432,0.));
#10495=CARTESIAN_POINT('',(40.1939541646084,15.9101580030261,1.));
#10496=CARTESIAN_POINT('',(40.1939541646084,15.9101580030261,0.));
#10497=CARTESIAN_POINT('Ctrl Pts',(40.1939541646084,15.9101580030261,1.));
#10498=CARTESIAN_POINT('Ctrl Pts',(40.5571688047074,15.9245340729308,1.));
#10499=CARTESIAN_POINT('Ctrl Pts',(41.224606151542,15.9509513064226,1.));
#10500=CARTESIAN_POINT('Ctrl Pts',(41.7770649253064,16.3212042232529,1.));
#10501=CARTESIAN_POINT('Ctrl Pts',(42.0288795777401,16.4899681455432,1.));
#10502=CARTESIAN_POINT('Ctrl Pts',(38.8433403321346,16.1489055997668,0.));
#10503=CARTESIAN_POINT('Ctrl Pts',(38.8433403321346,16.1489055997668,1.));
#10504=CARTESIAN_POINT('Ctrl Pts',(39.0587092996501,16.0792773232658,0.));
#10505=CARTESIAN_POINT('Ctrl Pts',(39.0587092996501,16.0792773232658,1.));
#10506=CARTESIAN_POINT('Ctrl Pts',(39.4977772467625,15.9373276971106,0.));
#10507=CARTESIAN_POINT('Ctrl Pts',(39.4977772467625,15.9373276971106,1.));
#10508=CARTESIAN_POINT('Ctrl Pts',(39.9589785497051,15.9193283955091,0.));
#10509=CARTESIAN_POINT('Ctrl Pts',(39.9589785497051,15.9193283955091,1.));
#10510=CARTESIAN_POINT('Ctrl Pts',(40.1939541646084,15.9101580030261,0.));
#10511=CARTESIAN_POINT('Ctrl Pts',(40.1939541646084,15.9101580030261,1.));
#10512=CARTESIAN_POINT('',(38.8433403321346,16.1489055997668,0.));
#10513=CARTESIAN_POINT('Ctrl Pts',(38.8433403321346,16.1489055997668,0.));
#10514=CARTESIAN_POINT('Ctrl Pts',(39.0587092996501,16.0792773232658,0.));
#10515=CARTESIAN_POINT('Ctrl Pts',(39.4977772467625,15.9373276971106,0.));
#10516=CARTESIAN_POINT('Ctrl Pts',(39.9589785497051,15.9193283955091,0.));
#10517=CARTESIAN_POINT('Ctrl Pts',(40.1939541646084,15.9101580030261,0.));
#10518=CARTESIAN_POINT('',(38.8433403321346,16.1489055997668,1.));
#10519=CARTESIAN_POINT('',(38.8433403321346,16.1489055997668,0.));
#10520=CARTESIAN_POINT('Ctrl Pts',(38.8433403321346,16.1489055997668,1.));
#10521=CARTESIAN_POINT('Ctrl Pts',(39.0587092996501,16.0792773232658,1.));
#10522=CARTESIAN_POINT('Ctrl Pts',(39.4977772467625,15.9373276971106,1.));
#10523=CARTESIAN_POINT('Ctrl Pts',(39.9589785497051,15.9193283955091,1.));
#10524=CARTESIAN_POINT('Ctrl Pts',(40.1939541646084,15.9101580030261,1.));
#10525=CARTESIAN_POINT('Ctrl Pts',(37.5268334694942,16.967458570653,0.));
#10526=CARTESIAN_POINT('Ctrl Pts',(37.5268334694942,16.967458570653,1.));
#10527=CARTESIAN_POINT('Ctrl Pts',(37.7435932037997,16.7917912965511,0.));
#10528=CARTESIAN_POINT('Ctrl Pts',(37.7435932037997,16.7917912965511,1.));
#10529=CARTESIAN_POINT('Ctrl Pts',(38.1485073376957,16.4636391959095,0.));
#10530=CARTESIAN_POINT('Ctrl Pts',(38.1485073376957,16.4636391959095,1.));
#10531=CARTESIAN_POINT('Ctrl Pts',(38.6229005726421,16.2487566413742,0.));
#10532=CARTESIAN_POINT('Ctrl Pts',(38.6229005726421,16.2487566413742,1.));
#10533=CARTESIAN_POINT('Ctrl Pts',(38.8433403321346,16.1489055997668,0.));
#10534=CARTESIAN_POINT('Ctrl Pts',(38.8433403321346,16.1489055997668,1.));
#10535=CARTESIAN_POINT('',(37.5268334694942,16.967458570653,0.));
#10536=CARTESIAN_POINT('Ctrl Pts',(37.5268334694942,16.967458570653,0.));
#10537=CARTESIAN_POINT('Ctrl Pts',(37.7435932037997,16.7917912965511,0.));
#10538=CARTESIAN_POINT('Ctrl Pts',(38.1485073376957,16.4636391959095,0.));
#10539=CARTESIAN_POINT('Ctrl Pts',(38.6229005726421,16.2487566413742,0.));
#10540=CARTESIAN_POINT('Ctrl Pts',(38.8433403321346,16.1489055997668,0.));
#10541=CARTESIAN_POINT('',(37.5268334694942,16.967458570653,1.));
#10542=CARTESIAN_POINT('',(37.5268334694942,16.967458570653,0.));
#10543=CARTESIAN_POINT('Ctrl Pts',(37.5268334694942,16.967458570653,1.));
#10544=CARTESIAN_POINT('Ctrl Pts',(37.7435932037997,16.7917912965511,1.));
#10545=CARTESIAN_POINT('Ctrl Pts',(38.1485073376957,16.4636391959095,1.));
#10546=CARTESIAN_POINT('Ctrl Pts',(38.6229005726421,16.2487566413742,1.));
#10547=CARTESIAN_POINT('Ctrl Pts',(38.8433403321346,16.1489055997668,1.));
#10548=CARTESIAN_POINT('Ctrl Pts',(37.2812671013912,16.0738705045519,0.));
#10549=CARTESIAN_POINT('Ctrl Pts',(37.2812671013912,16.0738705045519,1.));
#10550=CARTESIAN_POINT('Ctrl Pts',(37.3396169445968,16.2103094357799,0.));
#10551=CARTESIAN_POINT('Ctrl Pts',(37.3396169445968,16.2103094357799,1.));
#10552=CARTESIAN_POINT('Ctrl Pts',(37.4621420914328,16.4968089217158,0.));
#10553=CARTESIAN_POINT('Ctrl Pts',(37.4621420914328,16.4968089217158,1.));
#10554=CARTESIAN_POINT('Ctrl Pts',(37.5045968395397,16.8056802565214,0.));
#10555=CARTESIAN_POINT('Ctrl Pts',(37.5045968395397,16.8056802565214,1.));
#10556=CARTESIAN_POINT('Ctrl Pts',(37.5268334694942,16.967458570653,0.));
#10557=CARTESIAN_POINT('Ctrl Pts',(37.5268334694942,16.967458570653,1.));
#10558=CARTESIAN_POINT('Ctrl Pts',(37.2812671013912,16.0738705045519,0.));
#10559=CARTESIAN_POINT('Ctrl Pts',(37.3396169445968,16.2103094357799,0.));
#10560=CARTESIAN_POINT('Ctrl Pts',(37.4621420914328,16.4968089217158,0.));
#10561=CARTESIAN_POINT('Ctrl Pts',(37.5045968395397,16.8056802565214,0.));
#10562=CARTESIAN_POINT('Ctrl Pts',(37.5268334694942,16.967458570653,0.));
#10563=CARTESIAN_POINT('Ctrl Pts',(37.2812671013912,16.0738705045519,1.));
#10564=CARTESIAN_POINT('Ctrl Pts',(37.3396169445968,16.2103094357799,1.));
#10565=CARTESIAN_POINT('Ctrl Pts',(37.4621420914328,16.4968089217158,1.));
#10566=CARTESIAN_POINT('Ctrl Pts',(37.5045968395397,16.8056802565214,1.));
#10567=CARTESIAN_POINT('Ctrl Pts',(37.5268334694942,16.967458570653,1.));
#10568=CARTESIAN_POINT('Origin',(32.833790274783,36.599108422452,1.));
#10569=CARTESIAN_POINT('Origin',(47.5336540289959,24.8937891370593,0.));
#10570=CARTESIAN_POINT('',(47.5336540289959,24.8937891370593,0.));
#10571=CARTESIAN_POINT('',(50.0916350432476,24.8937891370593,0.));
#10572=CARTESIAN_POINT('',(32.0286099919451,24.8937891370593,0.));
#10573=CARTESIAN_POINT('',(47.5336540289959,24.8937891370593,1.));
#10574=CARTESIAN_POINT('',(47.5336540289959,24.8937891370593,0.));
#10575=CARTESIAN_POINT('',(50.0916350432476,24.8937891370593,1.));
#10576=CARTESIAN_POINT('',(47.5336540289959,24.8937891370593,1.));
#10577=CARTESIAN_POINT('',(50.0916350432476,24.8937891370593,0.));
#10578=CARTESIAN_POINT('Ctrl Pts',(46.2990022250255,24.8051117307482,0.));
#10579=CARTESIAN_POINT('Ctrl Pts',(46.2990022250255,24.8051117307482,1.));
#10580=CARTESIAN_POINT('Ctrl Pts',(46.4573112934816,24.830671359465,0.));
#10581=CARTESIAN_POINT('Ctrl Pts',(46.4573112934816,24.830671359465,1.));
#10582=CARTESIAN_POINT('Ctrl Pts',(46.8657960302441,24.8966228448092,0.));
#10583=CARTESIAN_POINT('Ctrl Pts',(46.8657960302441,24.8966228448092,1.));
#10584=CARTESIAN_POINT('Ctrl Pts',(47.2799848849488,24.8948654500191,0.));
#10585=CARTESIAN_POINT('Ctrl Pts',(47.2799848849488,24.8948654500191,1.));
#10586=CARTESIAN_POINT('Ctrl Pts',(47.5336540289959,24.8937891370593,0.));
#10587=CARTESIAN_POINT('Ctrl Pts',(47.5336540289959,24.8937891370593,1.));
#10588=CARTESIAN_POINT('',(46.2990022250255,24.8051117307482,0.));
#10589=CARTESIAN_POINT('Ctrl Pts',(46.2990022250255,24.8051117307482,0.));
#10590=CARTESIAN_POINT('Ctrl Pts',(46.4573112934816,24.830671359465,0.));
#10591=CARTESIAN_POINT('Ctrl Pts',(46.8657960302441,24.8966228448092,0.));
#10592=CARTESIAN_POINT('Ctrl Pts',(47.2799848849488,24.8948654500191,0.));
#10593=CARTESIAN_POINT('Ctrl Pts',(47.5336540289959,24.8937891370593,0.));
#10594=CARTESIAN_POINT('',(46.2990022250255,24.8051117307482,1.));
#10595=CARTESIAN_POINT('',(46.2990022250255,24.8051117307482,0.));
#10596=CARTESIAN_POINT('Ctrl Pts',(46.2990022250255,24.8051117307482,1.));
#10597=CARTESIAN_POINT('Ctrl Pts',(46.4573112934816,24.830671359465,1.));
#10598=CARTESIAN_POINT('Ctrl Pts',(46.8657960302441,24.8966228448092,1.));
#10599=CARTESIAN_POINT('Ctrl Pts',(47.2799848849488,24.8948654500191,1.));
#10600=CARTESIAN_POINT('Ctrl Pts',(47.5336540289959,24.8937891370593,1.));
#10601=CARTESIAN_POINT('Ctrl Pts',(45.4668057509502,24.2116592771349,0.));
#10602=CARTESIAN_POINT('Ctrl Pts',(45.4668057509502,24.2116592771349,1.));
#10603=CARTESIAN_POINT('Ctrl Pts',(45.5794455214855,24.3488043574171,0.));
#10604=CARTESIAN_POINT('Ctrl Pts',(45.5794455214855,24.3488043574171,1.));
#10605=CARTESIAN_POINT('Ctrl Pts',(45.8034926570141,24.6215939968405,0.));
#10606=CARTESIAN_POINT('Ctrl Pts',(45.8034926570141,24.6215939968405,1.));
#10607=CARTESIAN_POINT('Ctrl Pts',(46.1344391763402,24.7441638909297,0.));
#10608=CARTESIAN_POINT('Ctrl Pts',(46.1344391763402,24.7441638909297,1.));
#10609=CARTESIAN_POINT('Ctrl Pts',(46.2990022250255,24.8051117307482,0.));
#10610=CARTESIAN_POINT('Ctrl Pts',(46.2990022250255,24.8051117307482,1.));
#10611=CARTESIAN_POINT('',(45.4668057509502,24.2116592771349,0.));
#10612=CARTESIAN_POINT('Ctrl Pts',(45.4668057509502,24.2116592771349,0.));
#10613=CARTESIAN_POINT('Ctrl Pts',(45.5794455214855,24.3488043574171,0.));
#10614=CARTESIAN_POINT('Ctrl Pts',(45.8034926570141,24.6215939968405,0.));
#10615=CARTESIAN_POINT('Ctrl Pts',(46.1344391763402,24.7441638909297,0.));
#10616=CARTESIAN_POINT('Ctrl Pts',(46.2990022250255,24.8051117307482,0.));
#10617=CARTESIAN_POINT('',(45.4668057509502,24.2116592771349,1.));
#10618=CARTESIAN_POINT('',(45.4668057509502,24.2116592771349,0.));
#10619=CARTESIAN_POINT('Ctrl Pts',(45.4668057509502,24.2116592771349,1.));
#10620=CARTESIAN_POINT('Ctrl Pts',(45.5794455214855,24.3488043574171,1.));
#10621=CARTESIAN_POINT('Ctrl Pts',(45.8034926570141,24.6215939968405,1.));
#10622=CARTESIAN_POINT('Ctrl Pts',(46.1344391763402,24.7441638909297,1.));
#10623=CARTESIAN_POINT('Ctrl Pts',(46.2990022250255,24.8051117307482,1.));
#10624=CARTESIAN_POINT('Ctrl Pts',(45.1462054797253,23.1407187825976,0.));
#10625=CARTESIAN_POINT('Ctrl Pts',(45.1462054797253,23.1407187825976,1.));
#10626=CARTESIAN_POINT('Ctrl Pts',(45.1574824461454,23.3392792060636,0.));
#10627=CARTESIAN_POINT('Ctrl Pts',(45.1574824461454,23.3392792060636,1.));
#10628=CARTESIAN_POINT('Ctrl Pts',(45.1792350844877,23.722291172213,0.));
#10629=CARTESIAN_POINT('Ctrl Pts',(45.1792350844877,23.722291172213,1.));
#10630=CARTESIAN_POINT('Ctrl Pts',(45.3733321579634,24.052592305448,0.));
#10631=CARTESIAN_POINT('Ctrl Pts',(45.3733321579634,24.052592305448,1.));
#10632=CARTESIAN_POINT('Ctrl Pts',(45.4668057509502,24.2116592771349,0.));
#10633=CARTESIAN_POINT('Ctrl Pts',(45.4668057509502,24.2116592771349,1.));
#10634=CARTESIAN_POINT('',(45.1462054797253,23.1407187825976,0.));
#10635=CARTESIAN_POINT('Ctrl Pts',(45.1462054797253,23.1407187825976,0.));
#10636=CARTESIAN_POINT('Ctrl Pts',(45.1574824461454,23.3392792060636,0.));
#10637=CARTESIAN_POINT('Ctrl Pts',(45.1792350844877,23.722291172213,0.));
#10638=CARTESIAN_POINT('Ctrl Pts',(45.3733321579634,24.052592305448,0.));
#10639=CARTESIAN_POINT('Ctrl Pts',(45.4668057509502,24.2116592771349,0.));
#10640=CARTESIAN_POINT('',(45.1462054797253,23.1407187825976,1.));
#10641=CARTESIAN_POINT('',(45.1462054797253,23.1407187825976,0.));
#10642=CARTESIAN_POINT('Ctrl Pts',(45.1462054797253,23.1407187825976,1.));
#10643=CARTESIAN_POINT('Ctrl Pts',(45.1574824461454,23.3392792060636,1.));
#10644=CARTESIAN_POINT('Ctrl Pts',(45.1792350844877,23.722291172213,1.));
#10645=CARTESIAN_POINT('Ctrl Pts',(45.3733321579634,24.052592305448,1.));
#10646=CARTESIAN_POINT('Ctrl Pts',(45.4668057509502,24.2116592771349,1.));
#10647=CARTESIAN_POINT('Ctrl Pts',(45.6850869008144,21.7969272977648,0.));
#10648=CARTESIAN_POINT('Ctrl Pts',(45.6850869008144,21.7969272977648,1.));
#10649=CARTESIAN_POINT('Ctrl Pts',(45.5280317131883,21.979228421031,0.));
#10650=CARTESIAN_POINT('Ctrl Pts',(45.5280317131883,21.979228421031,1.));
#10651=CARTESIAN_POINT('Ctrl Pts',(45.1964343046251,22.3641286651233,0.));
#10652=CARTESIAN_POINT('Ctrl Pts',(45.1964343046251,22.3641286651233,1.));
#10653=CARTESIAN_POINT('Ctrl Pts',(45.1635268869854,22.872911727071,0.));
#10654=CARTESIAN_POINT('Ctrl Pts',(45.1635268869854,22.872911727071,1.));
#10655=CARTESIAN_POINT('Ctrl Pts',(45.1462054797253,23.1407187825976,0.));
#10656=CARTESIAN_POINT('Ctrl Pts',(45.1462054797253,23.1407187825976,1.));
#10657=CARTESIAN_POINT('',(45.6850869008144,21.7969272977648,0.));
#10658=CARTESIAN_POINT('Ctrl Pts',(45.6850869008144,21.7969272977648,0.));
#10659=CARTESIAN_POINT('Ctrl Pts',(45.5280317131883,21.979228421031,0.));
#10660=CARTESIAN_POINT('Ctrl Pts',(45.1964343046251,22.3641286651233,0.));
#10661=CARTESIAN_POINT('Ctrl Pts',(45.1635268869854,22.872911727071,0.));
#10662=CARTESIAN_POINT('Ctrl Pts',(45.1462054797253,23.1407187825976,0.));
#10663=CARTESIAN_POINT('',(45.6850869008144,21.7969272977648,1.));
#10664=CARTESIAN_POINT('',(45.6850869008144,21.7969272977648,0.));
#10665=CARTESIAN_POINT('Ctrl Pts',(45.6850869008144,21.7969272977648,1.));
#10666=CARTESIAN_POINT('Ctrl Pts',(45.5280317131883,21.979228421031,1.));
#10667=CARTESIAN_POINT('Ctrl Pts',(45.1964343046251,22.3641286651233,1.));
#10668=CARTESIAN_POINT('Ctrl Pts',(45.1635268869854,22.872911727071,1.));
#10669=CARTESIAN_POINT('Ctrl Pts',(45.1462054797253,23.1407187825976,1.));
#10670=CARTESIAN_POINT('Ctrl Pts',(47.5063691087803,21.319436872655,0.));
#10671=CARTESIAN_POINT('Ctrl Pts',(47.5063691087803,21.319436872655,1.));
#10672=CARTESIAN_POINT('Ctrl Pts',(47.1305083701878,21.3237154860218,0.));
#10673=CARTESIAN_POINT('Ctrl Pts',(47.1305083701878,21.3237154860218,1.));
#10674=CARTESIAN_POINT('Ctrl Pts',(46.4791722315639,21.3311299755463,0.));
#10675=CARTESIAN_POINT('Ctrl Pts',(46.4791722315639,21.3311299755463,1.));
#10676=CARTESIAN_POINT('Ctrl Pts',(45.9211122037198,21.6584787585312,0.));
#10677=CARTESIAN_POINT('Ctrl Pts',(45.9211122037198,21.6584787585312,1.));
#10678=CARTESIAN_POINT('Ctrl Pts',(45.6850869008144,21.7969272977648,0.));
#10679=CARTESIAN_POINT('Ctrl Pts',(45.6850869008144,21.7969272977648,1.));
#10680=CARTESIAN_POINT('',(47.5063691087803,21.319436872655,0.));
#10681=CARTESIAN_POINT('Ctrl Pts',(47.5063691087803,21.319436872655,0.));
#10682=CARTESIAN_POINT('Ctrl Pts',(47.1305083701878,21.3237154860218,0.));
#10683=CARTESIAN_POINT('Ctrl Pts',(46.4791722315639,21.3311299755463,0.));
#10684=CARTESIAN_POINT('Ctrl Pts',(45.9211122037198,21.6584787585312,0.));
#10685=CARTESIAN_POINT('Ctrl Pts',(45.6850869008144,21.7969272977648,0.));
#10686=CARTESIAN_POINT('',(47.5063691087803,21.319436872655,1.));
#10687=CARTESIAN_POINT('',(47.5063691087803,21.319436872655,0.));
#10688=CARTESIAN_POINT('Ctrl Pts',(47.5063691087803,21.319436872655,1.));
#10689=CARTESIAN_POINT('Ctrl Pts',(47.1305083701878,21.3237154860218,1.));
#10690=CARTESIAN_POINT('Ctrl Pts',(46.4791722315639,21.3311299755463,1.));
#10691=CARTESIAN_POINT('Ctrl Pts',(45.9211122037198,21.6584787585312,1.));
#10692=CARTESIAN_POINT('Ctrl Pts',(45.6850869008144,21.7969272977648,1.));
#10693=CARTESIAN_POINT('Origin',(50.0916350432476,21.319436872655,0.));
#10694=CARTESIAN_POINT('',(50.0916350432476,21.319436872655,0.));
#10695=CARTESIAN_POINT('',(33.3076004990709,21.319436872655,0.));
#10696=CARTESIAN_POINT('',(50.0916350432476,21.319436872655,1.));
#10697=CARTESIAN_POINT('',(50.0916350432476,21.319436872655,0.));
#10698=CARTESIAN_POINT('',(50.0916350432476,21.319436872655,1.));
#10699=CARTESIAN_POINT('Origin',(50.0916350432476,24.8937891370593,0.));
#10700=CARTESIAN_POINT('',(50.0916350432476,30.8945045927282,0.));
#10701=CARTESIAN_POINT('',(50.0916350432476,24.8937891370593,1.));
#10702=CARTESIAN_POINT('Origin',(50.0916350432476,20.1393555051623,0.));
#10703=CARTESIAN_POINT('',(50.0916350432476,20.1393555051623,0.));
#10704=CARTESIAN_POINT('',(50.0916350432476,16.0738705045519,0.));
#10705=CARTESIAN_POINT('',(50.0916350432476,28.5172877767797,0.));
#10706=CARTESIAN_POINT('',(50.0916350432476,20.1393555051623,1.));
#10707=CARTESIAN_POINT('',(50.0916350432476,20.1393555051623,0.));
#10708=CARTESIAN_POINT('',(50.0916350432476,16.0738705045519,1.));
#10709=CARTESIAN_POINT('',(50.0916350432476,20.1393555051623,1.));
#10710=CARTESIAN_POINT('',(50.0916350432476,16.0738705045519,0.));
#10711=CARTESIAN_POINT('Origin',(47.5268328734478,20.1393555051623,0.));
#10712=CARTESIAN_POINT('',(47.5268328734478,20.1393555051623,0.));
#10713=CARTESIAN_POINT('',(32.025199414171,20.1393555051623,0.));
#10714=CARTESIAN_POINT('',(47.5268328734478,20.1393555051623,1.));
#10715=CARTESIAN_POINT('',(47.5268328734478,20.1393555051623,0.));
#10716=CARTESIAN_POINT('',(47.5268328734478,20.1393555051623,1.));
#10717=CARTESIAN_POINT('Ctrl Pts',(44.5936811514934,21.0193012601672,0.));
#10718=CARTESIAN_POINT('Ctrl Pts',(44.5936811514934,21.0193012601672,1.));
#10719=CARTESIAN_POINT('Ctrl Pts',(44.9616291457333,20.7642153403012,0.));
#10720=CARTESIAN_POINT('Ctrl Pts',(44.9616291457333,20.7642153403012,1.));
#10721=CARTESIAN_POINT('Ctrl Pts',(45.8347294305445,20.1589243949152,0.));
#10722=CARTESIAN_POINT('Ctrl Pts',(45.8347294305445,20.1589243949152,1.));
#10723=CARTESIAN_POINT('Ctrl Pts',(46.9066490658253,20.1465278258669,0.));
#10724=CARTESIAN_POINT('Ctrl Pts',(46.9066490658253,20.1465278258669,1.));
#10725=CARTESIAN_POINT('Ctrl Pts',(47.5268328734478,20.1393555051623,0.));
#10726=CARTESIAN_POINT('Ctrl Pts',(47.5268328734478,20.1393555051623,1.));
#10727=CARTESIAN_POINT('',(44.5936811514934,21.0193012601672,0.));
#10728=CARTESIAN_POINT('Ctrl Pts',(44.5936811514934,21.0193012601672,0.));
#10729=CARTESIAN_POINT('Ctrl Pts',(44.9616291457333,20.7642153403012,0.));
#10730=CARTESIAN_POINT('Ctrl Pts',(45.8347294305445,20.1589243949152,0.));
#10731=CARTESIAN_POINT('Ctrl Pts',(46.9066490658253,20.1465278258669,0.));
#10732=CARTESIAN_POINT('Ctrl Pts',(47.5268328734478,20.1393555051623,0.));
#10733=CARTESIAN_POINT('',(44.5936811514934,21.0193012601672,1.));
#10734=CARTESIAN_POINT('',(44.5936811514934,21.0193012601672,0.));
#10735=CARTESIAN_POINT('Ctrl Pts',(44.5936811514934,21.0193012601672,1.));
#10736=CARTESIAN_POINT('Ctrl Pts',(44.9616291457333,20.7642153403012,1.));
#10737=CARTESIAN_POINT('Ctrl Pts',(45.8347294305445,20.1589243949152,1.));
#10738=CARTESIAN_POINT('Ctrl Pts',(46.9066490658253,20.1465278258669,1.));
#10739=CARTESIAN_POINT('Ctrl Pts',(47.5268328734478,20.1393555051623,1.));
#10740=CARTESIAN_POINT('Ctrl Pts',(43.7819487401089,23.181648100072,0.));
#10741=CARTESIAN_POINT('Ctrl Pts',(43.7819487401089,23.181648100072,1.));
#10742=CARTESIAN_POINT('Ctrl Pts',(43.8134931789344,22.7751726977897,0.));
#10743=CARTESIAN_POINT('Ctrl Pts',(43.8134931789344,22.7751726977897,1.));
#10744=CARTESIAN_POINT('Ctrl Pts',(43.8755626139337,21.9753582296875,0.));
#10745=CARTESIAN_POINT('Ctrl Pts',(43.8755626139337,21.9753582296875,1.));
#10746=CARTESIAN_POINT('Ctrl Pts',(44.3569437437072,21.3344782634365,0.));
#10747=CARTESIAN_POINT('Ctrl Pts',(44.3569437437072,21.3344782634365,1.));
#10748=CARTESIAN_POINT('Ctrl Pts',(44.5936811514934,21.0193012601672,0.));
#10749=CARTESIAN_POINT('Ctrl Pts',(44.5936811514934,21.0193012601672,1.));
#10750=CARTESIAN_POINT('',(43.7819487401089,23.181648100072,0.));
#10751=CARTESIAN_POINT('Ctrl Pts',(43.7819487401089,23.181648100072,0.));
#10752=CARTESIAN_POINT('Ctrl Pts',(43.8134931789344,22.7751726977897,0.));
#10753=CARTESIAN_POINT('Ctrl Pts',(43.8755626139337,21.9753582296875,0.));
#10754=CARTESIAN_POINT('Ctrl Pts',(44.3569437437072,21.3344782634365,0.));
#10755=CARTESIAN_POINT('Ctrl Pts',(44.5936811514934,21.0193012601672,0.));
#10756=CARTESIAN_POINT('',(43.7819487401089,23.181648100072,1.));
#10757=CARTESIAN_POINT('',(43.7819487401089,23.181648100072,0.));
#10758=CARTESIAN_POINT('Ctrl Pts',(43.7819487401089,23.181648100072,1.));
#10759=CARTESIAN_POINT('Ctrl Pts',(43.8134931789344,22.7751726977897,1.));
#10760=CARTESIAN_POINT('Ctrl Pts',(43.8755626139337,21.9753582296875,1.));
#10761=CARTESIAN_POINT('Ctrl Pts',(44.3569437437072,21.3344782634365,1.));
#10762=CARTESIAN_POINT('Ctrl Pts',(44.5936811514934,21.0193012601672,1.));
#10763=CARTESIAN_POINT('Ctrl Pts',(44.0889067002376,24.545903051549,0.));
#10764=CARTESIAN_POINT('Ctrl Pts',(44.0889067002376,24.545903051549,1.));
#10765=CARTESIAN_POINT('Ctrl Pts',(43.99938573228,24.3316641730584,0.));
#10766=CARTESIAN_POINT('Ctrl Pts',(43.99938573228,24.3316641730584,1.));
#10767=CARTESIAN_POINT('Ctrl Pts',(43.8169713877769,23.8951156696345,0.));
#10768=CARTESIAN_POINT('Ctrl Pts',(43.8169713877769,23.8951156696345,1.));
#10769=CARTESIAN_POINT('Ctrl Pts',(43.7937659604362,23.4223838532864,0.));
#10770=CARTESIAN_POINT('Ctrl Pts',(43.7937659604362,23.4223838532864,1.));
#10771=CARTESIAN_POINT('Ctrl Pts',(43.7819487401089,23.181648100072,0.));
#10772=CARTESIAN_POINT('Ctrl Pts',(43.7819487401089,23.181648100072,1.));
#10773=CARTESIAN_POINT('',(44.0889067002376,24.545903051549,0.));
#10774=CARTESIAN_POINT('Ctrl Pts',(44.0889067002376,24.545903051549,0.));
#10775=CARTESIAN_POINT('Ctrl Pts',(43.99938573228,24.3316641730584,0.));
#10776=CARTESIAN_POINT('Ctrl Pts',(43.8169713877769,23.8951156696345,0.));
#10777=CARTESIAN_POINT('Ctrl Pts',(43.7937659604362,23.4223838532864,0.));
#10778=CARTESIAN_POINT('Ctrl Pts',(43.7819487401089,23.181648100072,0.));
#10779=CARTESIAN_POINT('',(44.0889067002376,24.545903051549,1.));
#10780=CARTESIAN_POINT('',(44.0889067002376,24.545903051549,0.));
#10781=CARTESIAN_POINT('Ctrl Pts',(44.0889067002376,24.545903051549,1.));
#10782=CARTESIAN_POINT('Ctrl Pts',(43.99938573228,24.3316641730584,1.));
#10783=CARTESIAN_POINT('Ctrl Pts',(43.8169713877769,23.8951156696345,1.));
#10784=CARTESIAN_POINT('Ctrl Pts',(43.7937659604362,23.4223838532864,1.));
#10785=CARTESIAN_POINT('Ctrl Pts',(43.7819487401089,23.181648100072,1.));
#10786=CARTESIAN_POINT('Ctrl Pts',(44.886996800526,25.507702673131,0.));
#10787=CARTESIAN_POINT('Ctrl Pts',(44.886996800526,25.507702673131,1.));
#10788=CARTESIAN_POINT('Ctrl Pts',(44.7276436774549,25.3789625063958,0.));
#10789=CARTESIAN_POINT('Ctrl Pts',(44.7276436774549,25.3789625063958,1.));
#10790=CARTESIAN_POINT('Ctrl Pts',(44.3973935454847,25.1121559560454,0.));
#10791=CARTESIAN_POINT('Ctrl Pts',(44.3973935454847,25.1121559560454,1.));
#10792=CARTESIAN_POINT('Ctrl Pts',(44.1941043055676,24.7390018837422,0.));
#10793=CARTESIAN_POINT('Ctrl Pts',(44.1941043055676,24.7390018837422,1.));
#10794=CARTESIAN_POINT('Ctrl Pts',(44.0889067002376,24.545903051549,0.));
#10795=CARTESIAN_POINT('Ctrl Pts',(44.0889067002376,24.545903051549,1.));
#10796=CARTESIAN_POINT('',(44.886996800526,25.507702673131,0.));
#10797=CARTESIAN_POINT('Ctrl Pts',(44.886996800526,25.507702673131,0.));
#10798=CARTESIAN_POINT('Ctrl Pts',(44.7276436774549,25.3789625063958,0.));
#10799=CARTESIAN_POINT('Ctrl Pts',(44.3973935454847,25.1121559560454,0.));
#10800=CARTESIAN_POINT('Ctrl Pts',(44.1941043055676,24.7390018837422,0.));
#10801=CARTESIAN_POINT('Ctrl Pts',(44.0889067002376,24.545903051549,0.));
#10802=CARTESIAN_POINT('',(44.886996800526,25.507702673131,1.));
#10803=CARTESIAN_POINT('',(44.886996800526,25.507702673131,0.));
#10804=CARTESIAN_POINT('Ctrl Pts',(44.886996800526,25.507702673131,1.));
#10805=CARTESIAN_POINT('Ctrl Pts',(44.7276436774549,25.3789625063958,1.));
#10806=CARTESIAN_POINT('Ctrl Pts',(44.3973935454847,25.1121559560454,1.));
#10807=CARTESIAN_POINT('Ctrl Pts',(44.1941043055676,24.7390018837422,1.));
#10808=CARTESIAN_POINT('Ctrl Pts',(44.0889067002376,24.545903051549,1.));
#10809=CARTESIAN_POINT('Ctrl Pts',(46.1216486044964,25.9783719426928,0.));
#10810=CARTESIAN_POINT('Ctrl Pts',(46.1216486044964,25.9783719426928,1.));
#10811=CARTESIAN_POINT('Ctrl Pts',(45.891022520648,25.9314540427486,0.));
#10812=CARTESIAN_POINT('Ctrl Pts',(45.891022520648,25.9314540427486,1.));
#10813=CARTESIAN_POINT('Ctrl Pts',(45.453155131599,25.8423755742361,0.));
#10814=CARTESIAN_POINT('Ctrl Pts',(45.453155131599,25.8423755742361,1.));
#10815=CARTESIAN_POINT('Ctrl Pts',(45.0688752847685,25.6152164137743,0.));
#10816=CARTESIAN_POINT('Ctrl Pts',(45.0688752847685,25.6152164137743,1.));
#10817=CARTESIAN_POINT('Ctrl Pts',(44.886996800526,25.507702673131,0.));
#10818=CARTESIAN_POINT('Ctrl Pts',(44.886996800526,25.507702673131,1.));
#10819=CARTESIAN_POINT('',(46.1216486044964,25.9783719426928,0.));
#10820=CARTESIAN_POINT('Ctrl Pts',(46.1216486044964,25.9783719426928,0.));
#10821=CARTESIAN_POINT('Ctrl Pts',(45.891022520648,25.9314540427486,0.));
#10822=CARTESIAN_POINT('Ctrl Pts',(45.453155131599,25.8423755742361,0.));
#10823=CARTESIAN_POINT('Ctrl Pts',(45.0688752847685,25.6152164137743,0.));
#10824=CARTESIAN_POINT('Ctrl Pts',(44.886996800526,25.507702673131,0.));
#10825=CARTESIAN_POINT('',(46.1216486044964,25.9783719426928,1.));
#10826=CARTESIAN_POINT('',(46.1216486044964,25.9783719426928,0.));
#10827=CARTESIAN_POINT('Ctrl Pts',(46.1216486044964,25.9783719426928,1.));
#10828=CARTESIAN_POINT('Ctrl Pts',(45.891022520648,25.9314540427486,1.));
#10829=CARTESIAN_POINT('Ctrl Pts',(45.453155131599,25.8423755742361,1.));
#10830=CARTESIAN_POINT('Ctrl Pts',(45.0688752847685,25.6152164137743,1.));
#10831=CARTESIAN_POINT('Ctrl Pts',(44.886996800526,25.507702673131,1.));
#10832=CARTESIAN_POINT('Ctrl Pts',(47.642794603928,26.0738705045519,0.));
#10833=CARTESIAN_POINT('Ctrl Pts',(47.642794603928,26.0738705045519,1.));
#10834=CARTESIAN_POINT('Ctrl Pts',(47.3495605094908,26.0729577456566,0.));
#10835=CARTESIAN_POINT('Ctrl Pts',(47.3495605094908,26.0729577456566,1.));
#10836=CARTESIAN_POINT('Ctrl Pts',(46.8404194838296,26.0713729265344,0.));
#10837=CARTESIAN_POINT('Ctrl Pts',(46.8404194838296,26.0713729265344,1.));
#10838=CARTESIAN_POINT('Ctrl Pts',(46.335686328948,26.0060660515188,0.));
#10839=CARTESIAN_POINT('Ctrl Pts',(46.335686328948,26.0060660515188,1.));
#10840=CARTESIAN_POINT('Ctrl Pts',(46.1216486044964,25.9783719426928,0.));
#10841=CARTESIAN_POINT('Ctrl Pts',(46.1216486044964,25.9783719426928,1.));
#10842=CARTESIAN_POINT('',(47.642794603928,26.0738705045519,0.));
#10843=CARTESIAN_POINT('Ctrl Pts',(47.642794603928,26.0738705045519,0.));
#10844=CARTESIAN_POINT('Ctrl Pts',(47.3495605094908,26.0729577456566,0.));
#10845=CARTESIAN_POINT('Ctrl Pts',(46.8404194838296,26.0713729265344,0.));
#10846=CARTESIAN_POINT('Ctrl Pts',(46.335686328948,26.0060660515188,0.));
#10847=CARTESIAN_POINT('Ctrl Pts',(46.1216486044964,25.9783719426928,0.));
#10848=CARTESIAN_POINT('',(47.642794603928,26.0738705045519,1.));
#10849=CARTESIAN_POINT('',(47.642794603928,26.0738705045519,0.));
#10850=CARTESIAN_POINT('Ctrl Pts',(47.642794603928,26.0738705045519,1.));
#10851=CARTESIAN_POINT('Ctrl Pts',(47.3495605094908,26.0729577456566,1.));
#10852=CARTESIAN_POINT('Ctrl Pts',(46.8404194838296,26.0713729265344,1.));
#10853=CARTESIAN_POINT('Ctrl Pts',(46.335686328948,26.0060660515188,1.));
#10854=CARTESIAN_POINT('Ctrl Pts',(46.1216486044964,25.9783719426928,1.));
#10855=CARTESIAN_POINT('Origin',(51.4149638809999,26.0738705045519,0.));
#10856=CARTESIAN_POINT('',(51.4149638809999,26.0738705045519,0.));
#10857=CARTESIAN_POINT('',(33.9692649179471,26.0738705045519,0.));
#10858=CARTESIAN_POINT('',(51.4149638809999,26.0738705045519,1.));
#10859=CARTESIAN_POINT('',(51.4149638809999,26.0738705045519,0.));
#10860=CARTESIAN_POINT('',(51.4149638809999,26.0738705045519,1.));
#10861=CARTESIAN_POINT('Origin',(51.4149638809999,16.0738705045519,0.));
#10862=CARTESIAN_POINT('',(51.4149638809999,16.0738705045519,0.));
#10863=CARTESIAN_POINT('',(51.4149638809999,26.4845452764745,0.));
#10864=CARTESIAN_POINT('',(51.4149638809999,16.0738705045519,1.));
#10865=CARTESIAN_POINT('',(51.4149638809999,16.0738705045519,0.));
#10866=CARTESIAN_POINT('',(51.4149638809999,16.0738705045519,1.));
#10867=CARTESIAN_POINT('Origin',(50.0916350432476,16.0738705045519,0.));
#10868=CARTESIAN_POINT('',(33.3076004990709,16.0738705045519,0.));
#10869=CARTESIAN_POINT('',(50.0916350432476,16.0738705045519,1.));
#10870=CARTESIAN_POINT('Origin',(32.833790274783,36.599108422452,1.));
#10871=CARTESIAN_POINT('Origin',(23.9661223240932,35.4735992795763,0.));
#10872=CARTESIAN_POINT('',(23.9661223240932,35.4735992795763,0.));
#10873=CARTESIAN_POINT('',(23.9661223240932,31.6809652692614,0.));
#10874=CARTESIAN_POINT('',(23.9661223240932,36.1844096639867,0.));
#10875=CARTESIAN_POINT('',(23.9661223240932,35.4735992795763,1.));
#10876=CARTESIAN_POINT('',(23.9661223240932,35.4735992795763,0.));
#10877=CARTESIAN_POINT('',(23.9661223240932,31.6809652692614,1.));
#10878=CARTESIAN_POINT('',(23.9661223240932,35.4735992795763,1.));
#10879=CARTESIAN_POINT('',(23.9661223240932,31.6809652692614,0.));
#10880=CARTESIAN_POINT('Ctrl Pts',(23.7614828892788,36.9060681707201,0.));
#10881=CARTESIAN_POINT('Ctrl Pts',(23.7614828892788,36.9060681707201,1.));
#10882=CARTESIAN_POINT('Ctrl Pts',(23.8211526619172,36.6787918221571,0.));
#10883=CARTESIAN_POINT('Ctrl Pts',(23.8211526619172,36.6787918221571,1.));
#10884=CARTESIAN_POINT('Ctrl Pts',(23.9444137808772,36.2093022330678,0.));
#10885=CARTESIAN_POINT('Ctrl Pts',(23.9444137808772,36.2093022330678,1.));
#10886=CARTESIAN_POINT('Ctrl Pts',(23.9587342733779,35.7239804625852,0.));
#10887=CARTESIAN_POINT('Ctrl Pts',(23.9587342733779,35.7239804625852,1.));
#10888=CARTESIAN_POINT('Ctrl Pts',(23.9661223240932,35.4735992795763,0.));
#10889=CARTESIAN_POINT('Ctrl Pts',(23.9661223240932,35.4735992795763,1.));
#10890=CARTESIAN_POINT('',(23.7614828892788,36.9060681707201,0.));
#10891=CARTESIAN_POINT('Ctrl Pts',(23.7614828892788,36.9060681707201,0.));
#10892=CARTESIAN_POINT('Ctrl Pts',(23.8211526619172,36.6787918221571,0.));
#10893=CARTESIAN_POINT('Ctrl Pts',(23.9444137808772,36.2093022330678,0.));
#10894=CARTESIAN_POINT('Ctrl Pts',(23.9587342733779,35.7239804625852,0.));
#10895=CARTESIAN_POINT('Ctrl Pts',(23.9661223240932,35.4735992795763,0.));
#10896=CARTESIAN_POINT('',(23.7614828892788,36.9060681707201,1.));
#10897=CARTESIAN_POINT('',(23.7614828892788,36.9060681707201,0.));
#10898=CARTESIAN_POINT('Ctrl Pts',(23.7614828892788,36.9060681707201,1.));
#10899=CARTESIAN_POINT('Ctrl Pts',(23.8211526619172,36.6787918221571,1.));
#10900=CARTESIAN_POINT('Ctrl Pts',(23.9444137808772,36.2093022330678,1.));
#10901=CARTESIAN_POINT('Ctrl Pts',(23.9587342733779,35.7239804625852,1.));
#10902=CARTESIAN_POINT('Ctrl Pts',(23.9661223240932,35.4735992795763,1.));
#10903=CARTESIAN_POINT('Ctrl Pts',(23.304458314999,37.5745533353625,0.));
#10904=CARTESIAN_POINT('Ctrl Pts',(23.304458314999,37.5745533353625,1.));
#10905=CARTESIAN_POINT('Ctrl Pts',(23.4043244956064,37.484826452698,0.));
#10906=CARTESIAN_POINT('Ctrl Pts',(23.4043244956064,37.484826452698,1.));
#10907=CARTESIAN_POINT('Ctrl Pts',(23.6107321595879,37.2993751203802,0.));
#10908=CARTESIAN_POINT('Ctrl Pts',(23.6107321595879,37.2993751203802,1.));
#10909=CARTESIAN_POINT('Ctrl Pts',(23.7101607927123,37.0399669405114,0.));
#10910=CARTESIAN_POINT('Ctrl Pts',(23.7101607927123,37.0399669405114,1.));
#10911=CARTESIAN_POINT('Ctrl Pts',(23.7614828892788,36.9060681707201,0.));
#10912=CARTESIAN_POINT('Ctrl Pts',(23.7614828892788,36.9060681707201,1.));
#10913=CARTESIAN_POINT('',(23.304458314999,37.5745533353625,0.));
#10914=CARTESIAN_POINT('Ctrl Pts',(23.304458314999,37.5745533353625,0.));
#10915=CARTESIAN_POINT('Ctrl Pts',(23.4043244956064,37.484826452698,0.));
#10916=CARTESIAN_POINT('Ctrl Pts',(23.6107321595879,37.2993751203802,0.));
#10917=CARTESIAN_POINT('Ctrl Pts',(23.7101607927123,37.0399669405114,0.));
#10918=CARTESIAN_POINT('Ctrl Pts',(23.7614828892788,36.9060681707201,0.));
#10919=CARTESIAN_POINT('',(23.304458314999,37.5745533353625,1.));
#10920=CARTESIAN_POINT('',(23.304458314999,37.5745533353625,0.));
#10921=CARTESIAN_POINT('Ctrl Pts',(23.304458314999,37.5745533353625,1.));
#10922=CARTESIAN_POINT('Ctrl Pts',(23.4043244956064,37.484826452698,1.));
#10923=CARTESIAN_POINT('Ctrl Pts',(23.6107321595879,37.2993751203802,1.));
#10924=CARTESIAN_POINT('Ctrl Pts',(23.7101607927123,37.0399669405114,1.));
#10925=CARTESIAN_POINT('Ctrl Pts',(23.7614828892788,36.9060681707201,1.));
#10926=CARTESIAN_POINT('Ctrl Pts',(22.5814015217861,37.8201197034655,0.));
#10927=CARTESIAN_POINT('Ctrl Pts',(22.5814015217861,37.8201197034655,1.));
#10928=CARTESIAN_POINT('Ctrl Pts',(22.7121923568737,37.8098491344199,0.));
#10929=CARTESIAN_POINT('Ctrl Pts',(22.7121923568737,37.8098491344199,1.));
#10930=CARTESIAN_POINT('Ctrl Pts',(22.9740177275261,37.7892888593412,0.));
#10931=CARTESIAN_POINT('Ctrl Pts',(22.9740177275261,37.7892888593412,1.));
#10932=CARTESIAN_POINT('Ctrl Pts',(23.194243125752,37.6461762452307,0.));
#10933=CARTESIAN_POINT('Ctrl Pts',(23.194243125752,37.6461762452307,1.));
#10934=CARTESIAN_POINT('Ctrl Pts',(23.304458314999,37.5745533353625,0.));
#10935=CARTESIAN_POINT('Ctrl Pts',(23.304458314999,37.5745533353625,1.));
#10936=CARTESIAN_POINT('',(22.5814015217861,37.8201197034655,0.));
#10937=CARTESIAN_POINT('Ctrl Pts',(22.5814015217861,37.8201197034655,0.));
#10938=CARTESIAN_POINT('Ctrl Pts',(22.7121923568737,37.8098491344199,0.));
#10939=CARTESIAN_POINT('Ctrl Pts',(22.9740177275261,37.7892888593412,0.));
#10940=CARTESIAN_POINT('Ctrl Pts',(23.194243125752,37.6461762452307,0.));
#10941=CARTESIAN_POINT('Ctrl Pts',(23.304458314999,37.5745533353625,0.));
#10942=CARTESIAN_POINT('',(22.5814015217861,37.8201197034655,1.));
#10943=CARTESIAN_POINT('',(22.5814015217861,37.8201197034655,0.));
#10944=CARTESIAN_POINT('Ctrl Pts',(22.5814015217861,37.8201197034655,1.));
#10945=CARTESIAN_POINT('Ctrl Pts',(22.7121923568737,37.8098491344199,1.));
#10946=CARTESIAN_POINT('Ctrl Pts',(22.9740177275261,37.7892888593412,1.));
#10947=CARTESIAN_POINT('Ctrl Pts',(23.194243125752,37.6461762452307,1.));
#10948=CARTESIAN_POINT('Ctrl Pts',(23.304458314999,37.5745533353625,1.));
#10949=CARTESIAN_POINT('Ctrl Pts',(21.6809923001369,37.5540898687182,0.));
#10950=CARTESIAN_POINT('Ctrl Pts',(21.6809923001369,37.5540898687182,1.));
#10951=CARTESIAN_POINT('Ctrl Pts',(21.8278609324473,37.6316451311947,0.));
#10952=CARTESIAN_POINT('Ctrl Pts',(21.8278609324473,37.6316451311947,1.));
#10953=CARTESIAN_POINT('Ctrl Pts',(22.1104595373165,37.7808737896995,0.));
#10954=CARTESIAN_POINT('Ctrl Pts',(22.1104595373165,37.7808737896995,1.));
#10955=CARTESIAN_POINT('Ctrl Pts',(22.4286007185949,37.8073860603774,0.));
#10956=CARTESIAN_POINT('Ctrl Pts',(22.4286007185949,37.8073860603774,1.));
#10957=CARTESIAN_POINT('Ctrl Pts',(22.5814015217861,37.8201197034655,0.));
#10958=CARTESIAN_POINT('Ctrl Pts',(22.5814015217861,37.8201197034655,1.));
#10959=CARTESIAN_POINT('',(21.6809923001369,37.5540898687182,0.));
#10960=CARTESIAN_POINT('Ctrl Pts',(21.6809923001369,37.5540898687182,0.));
#10961=CARTESIAN_POINT('Ctrl Pts',(21.8278609324473,37.6316451311947,0.));
#10962=CARTESIAN_POINT('Ctrl Pts',(22.1104595373165,37.7808737896995,0.));
#10963=CARTESIAN_POINT('Ctrl Pts',(22.4286007185949,37.8073860603774,0.));
#10964=CARTESIAN_POINT('Ctrl Pts',(22.5814015217861,37.8201197034655,0.));
#10965=CARTESIAN_POINT('',(21.6809923001369,37.5540898687182,1.));
#10966=CARTESIAN_POINT('',(21.6809923001369,37.5540898687182,0.));
#10967=CARTESIAN_POINT('Ctrl Pts',(21.6809923001369,37.5540898687182,1.));
#10968=CARTESIAN_POINT('Ctrl Pts',(21.8278609324473,37.6316451311947,1.));
#10969=CARTESIAN_POINT('Ctrl Pts',(22.1104595373165,37.7808737896995,1.));
#10970=CARTESIAN_POINT('Ctrl Pts',(22.4286007185949,37.8073860603774,1.));
#10971=CARTESIAN_POINT('Ctrl Pts',(22.5814015217861,37.8201197034655,1.));
#10972=CARTESIAN_POINT('Origin',(21.2580735035976,38.6932443029223,0.));
#10973=CARTESIAN_POINT('',(21.2580735035976,38.6932443029223,0.));
#10974=CARTESIAN_POINT('',(21.2646491586614,38.6755324237507,0.));
#10975=CARTESIAN_POINT('',(21.2580735035976,38.6932443029223,1.));
#10976=CARTESIAN_POINT('',(21.2580735035976,38.6932443029223,0.));
#10977=CARTESIAN_POINT('',(21.2580735035976,38.6932443029223,1.));
#10978=CARTESIAN_POINT('Ctrl Pts',(22.5200111218532,39.0888784772692,0.));
#10979=CARTESIAN_POINT('Ctrl Pts',(22.5200111218532,39.0888784772692,1.));
#10980=CARTESIAN_POINT('Ctrl Pts',(22.3073100888229,39.0692692059747,0.));
#10981=CARTESIAN_POINT('Ctrl Pts',(22.3073100888229,39.0692692059747,1.));
#10982=CARTESIAN_POINT('Ctrl Pts',(21.8589907142666,39.0279378775979,0.));
#10983=CARTESIAN_POINT('Ctrl Pts',(21.8589907142666,39.0279378775979,1.));
#10984=CARTESIAN_POINT('Ctrl Pts',(21.4650910627158,38.8085471194363,0.));
#10985=CARTESIAN_POINT('Ctrl Pts',(21.4650910627158,38.8085471194363,1.));
#10986=CARTESIAN_POINT('Ctrl Pts',(21.2580735035976,38.6932443029223,0.));
#10987=CARTESIAN_POINT('Ctrl Pts',(21.2580735035976,38.6932443029223,1.));
#10988=CARTESIAN_POINT('',(22.5200111218532,39.0888784772692,0.));
#10989=CARTESIAN_POINT('Ctrl Pts',(22.5200111218532,39.0888784772692,0.));
#10990=CARTESIAN_POINT('Ctrl Pts',(22.3073100888229,39.0692692059747,0.));
#10991=CARTESIAN_POINT('Ctrl Pts',(21.8589907142666,39.0279378775979,0.));
#10992=CARTESIAN_POINT('Ctrl Pts',(21.4650910627158,38.8085471194363,0.));
#10993=CARTESIAN_POINT('Ctrl Pts',(21.2580735035976,38.6932443029223,0.));
#10994=CARTESIAN_POINT('',(22.5200111218532,39.0888784772692,1.));
#10995=CARTESIAN_POINT('',(22.5200111218532,39.0888784772692,0.));
#10996=CARTESIAN_POINT('Ctrl Pts',(22.5200111218532,39.0888784772692,1.));
#10997=CARTESIAN_POINT('Ctrl Pts',(22.3073100888229,39.0692692059747,1.));
#10998=CARTESIAN_POINT('Ctrl Pts',(21.8589907142666,39.0279378775979,1.));
#10999=CARTESIAN_POINT('Ctrl Pts',(21.4650910627158,38.8085471194363,1.));
#11000=CARTESIAN_POINT('Ctrl Pts',(21.2580735035976,38.6932443029223,1.));
#11001=CARTESIAN_POINT('Ctrl Pts',(23.3112794705471,38.8433121091662,0.));
#11002=CARTESIAN_POINT('Ctrl Pts',(23.3112794705471,38.8433121091662,1.));
#11003=CARTESIAN_POINT('Ctrl Pts',(23.1882527826232,38.9149346180144,0.));
#11004=CARTESIAN_POINT('Ctrl Pts',(23.1882527826232,38.9149346180144,1.));
#11005=CARTESIAN_POINT('Ctrl Pts',(22.943303093549,39.057537101826,0.));
#11006=CARTESIAN_POINT('Ctrl Pts',(22.943303093549,39.057537101826,1.));
#11007=CARTESIAN_POINT('Ctrl Pts',(22.6606839735729,39.0784627808818,0.));
#11008=CARTESIAN_POINT('Ctrl Pts',(22.6606839735729,39.0784627808818,1.));
#11009=CARTESIAN_POINT('Ctrl Pts',(22.5200111218532,39.0888784772692,0.));
#11010=CARTESIAN_POINT('Ctrl Pts',(22.5200111218532,39.0888784772692,1.));
#11011=CARTESIAN_POINT('',(23.3112794705471,38.8433121091662,0.));
#11012=CARTESIAN_POINT('Ctrl Pts',(23.3112794705471,38.8433121091662,0.));
#11013=CARTESIAN_POINT('Ctrl Pts',(23.1882527826232,38.9149346180144,0.));
#11014=CARTESIAN_POINT('Ctrl Pts',(22.943303093549,39.057537101826,0.));
#11015=CARTESIAN_POINT('Ctrl Pts',(22.6606839735729,39.0784627808818,0.));
#11016=CARTESIAN_POINT('Ctrl Pts',(22.5200111218532,39.0888784772692,0.));
#11017=CARTESIAN_POINT('',(23.3112794705471,38.8433121091662,1.));
#11018=CARTESIAN_POINT('',(23.3112794705471,38.8433121091662,0.));
#11019=CARTESIAN_POINT('Ctrl Pts',(23.3112794705471,38.8433121091662,1.));
#11020=CARTESIAN_POINT('Ctrl Pts',(23.1882527826232,38.9149346180144,1.));
#11021=CARTESIAN_POINT('Ctrl Pts',(22.943303093549,39.057537101826,1.));
#11022=CARTESIAN_POINT('Ctrl Pts',(22.6606839735729,39.0784627808818,1.));
#11023=CARTESIAN_POINT('Ctrl Pts',(22.5200111218532,39.0888784772692,1.));
#11024=CARTESIAN_POINT('Ctrl Pts',(24.0889055081447,37.8269408590136,0.));
#11025=CARTESIAN_POINT('Ctrl Pts',(24.0889055081447,37.8269408590136,1.));
#11026=CARTESIAN_POINT('Ctrl Pts',(23.9659818714241,38.0499432257191,0.));
#11027=CARTESIAN_POINT('Ctrl Pts',(23.9659818714241,38.0499432257191,1.));
#11028=CARTESIAN_POINT('Ctrl Pts',(23.7571437503942,38.4288076694534,0.));
#11029=CARTESIAN_POINT('Ctrl Pts',(23.7571437503942,38.4288076694534,1.));
#11030=CARTESIAN_POINT('Ctrl Pts',(23.4412399831298,38.7224923622438,0.));
#11031=CARTESIAN_POINT('Ctrl Pts',(23.4412399831298,38.7224923622438,1.));
#11032=CARTESIAN_POINT('Ctrl Pts',(23.3112794705471,38.8433121091662,0.));
#11033=CARTESIAN_POINT('Ctrl Pts',(23.3112794705471,38.8433121091662,1.));
#11034=CARTESIAN_POINT('',(24.0889055081447,37.8269408590136,0.));
#11035=CARTESIAN_POINT('Ctrl Pts',(24.0889055081447,37.8269408590136,0.));
#11036=CARTESIAN_POINT('Ctrl Pts',(23.9659818714241,38.0499432257191,0.));
#11037=CARTESIAN_POINT('Ctrl Pts',(23.7571437503942,38.4288076694534,0.));
#11038=CARTESIAN_POINT('Ctrl Pts',(23.4412399831298,38.7224923622438,0.));
#11039=CARTESIAN_POINT('Ctrl Pts',(23.3112794705471,38.8433121091662,0.));
#11040=CARTESIAN_POINT('',(24.0889055081447,37.8269408590136,1.));
#11041=CARTESIAN_POINT('',(24.0889055081447,37.8269408590136,0.));
#11042=CARTESIAN_POINT('Ctrl Pts',(24.0889055081447,37.8269408590136,1.));
#11043=CARTESIAN_POINT('Ctrl Pts',(23.9659818714241,38.0499432257191,1.));
#11044=CARTESIAN_POINT('Ctrl Pts',(23.7571437503942,38.4288076694534,1.));
#11045=CARTESIAN_POINT('Ctrl Pts',(23.4412399831298,38.7224923622438,1.));
#11046=CARTESIAN_POINT('Ctrl Pts',(23.3112794705471,38.8433121091662,1.));
#11047=CARTESIAN_POINT('Origin',(24.0889055081447,38.9251659757433,0.));
#11048=CARTESIAN_POINT('',(24.0889055081447,38.9251659757433,0.));
#11049=CARTESIAN_POINT('',(24.0889055081447,37.9101930120702,0.));
#11050=CARTESIAN_POINT('',(24.0889055081447,38.9251659757433,1.));
#11051=CARTESIAN_POINT('',(24.0889055081447,38.9251659757433,0.));
#11052=CARTESIAN_POINT('',(24.0889055081447,38.9251659757433,1.));
#11053=CARTESIAN_POINT('Origin',(25.1939541646084,38.9251659757433,0.));
#11054=CARTESIAN_POINT('',(25.1939541646084,38.9251659757433,0.));
#11055=CARTESIAN_POINT('',(20.8587600597513,38.9251659757433,0.));
#11056=CARTESIAN_POINT('',(25.1939541646084,38.9251659757433,1.));
#11057=CARTESIAN_POINT('',(25.1939541646084,38.9251659757433,0.));
#11058=CARTESIAN_POINT('',(25.1939541646084,38.9251659757433,1.));
#11059=CARTESIAN_POINT('Origin',(25.1939541646084,31.6809652692614,0.));
#11060=CARTESIAN_POINT('',(25.1939541646084,31.6809652692614,0.));
#11061=CARTESIAN_POINT('',(25.1939541646084,34.2880926588293,0.));
#11062=CARTESIAN_POINT('',(25.1939541646084,31.6809652692614,1.));
#11063=CARTESIAN_POINT('',(25.1939541646084,31.6809652692614,0.));
#11064=CARTESIAN_POINT('',(25.1939541646084,31.6809652692614,1.));
#11065=CARTESIAN_POINT('Origin',(23.9661223240932,31.6809652692614,0.));
#11066=CARTESIAN_POINT('',(20.2448441394937,31.6809652692614,0.));
#11067=CARTESIAN_POINT('',(23.9661223240932,31.6809652692614,1.));
#11068=CARTESIAN_POINT('Origin',(32.833790274783,36.599108422452,1.));
#11069=CARTESIAN_POINT('Ctrl Pts',(31.7492062398037,22.4654124624072,0.));
#11070=CARTESIAN_POINT('Ctrl Pts',(31.7492062398037,22.4654124624072,1.));
#11071=CARTESIAN_POINT('Ctrl Pts',(32.0124560436973,22.4357414421233,0.));
#11072=CARTESIAN_POINT('Ctrl Pts',(32.0124560436973,22.4357414421233,1.));
#11073=CARTESIAN_POINT('Ctrl Pts',(32.5479098722046,22.3753901667501,0.));
#11074=CARTESIAN_POINT('Ctrl Pts',(32.5479098722046,22.3753901667501,1.));
#11075=CARTESIAN_POINT('Ctrl Pts',(32.9273770809937,21.9918859927356,0.));
#11076=CARTESIAN_POINT('Ctrl Pts',(32.9273770809937,21.9918859927356,1.));
#11077=CARTESIAN_POINT('Ctrl Pts',(33.1202835389217,21.7969272977648,0.));
#11078=CARTESIAN_POINT('Ctrl Pts',(33.1202835389217,21.7969272977648,1.));
#11079=CARTESIAN_POINT('',(31.7492062398037,22.4654124624072,0.));
#11080=CARTESIAN_POINT('',(33.1202835389217,21.7969272977648,0.));
#11081=CARTESIAN_POINT('Ctrl Pts',(31.7492062398037,22.4654124624072,0.));
#11082=CARTESIAN_POINT('Ctrl Pts',(32.0124560436973,22.4357414421233,0.));
#11083=CARTESIAN_POINT('Ctrl Pts',(32.5479098722046,22.3753901667501,0.));
#11084=CARTESIAN_POINT('Ctrl Pts',(32.9273770809937,21.9918859927356,0.));
#11085=CARTESIAN_POINT('Ctrl Pts',(33.1202835389217,21.7969272977648,0.));
#11086=CARTESIAN_POINT('',(31.7492062398037,22.4654124624072,1.));
#11087=CARTESIAN_POINT('',(31.7492062398037,22.4654124624072,0.));
#11088=CARTESIAN_POINT('',(33.1202835389217,21.7969272977648,1.));
#11089=CARTESIAN_POINT('Ctrl Pts',(31.7492062398037,22.4654124624072,1.));
#11090=CARTESIAN_POINT('Ctrl Pts',(32.0124560436973,22.4357414421233,1.));
#11091=CARTESIAN_POINT('Ctrl Pts',(32.5479098722046,22.3753901667501,1.));
#11092=CARTESIAN_POINT('Ctrl Pts',(32.9273770809937,21.9918859927356,1.));
#11093=CARTESIAN_POINT('Ctrl Pts',(33.1202835389217,21.7969272977648,1.));
#11094=CARTESIAN_POINT('',(33.1202835389217,21.7969272977648,0.));
#11095=CARTESIAN_POINT('Ctrl Pts',(30.3372008153042,21.7696426755724,0.));
#11096=CARTESIAN_POINT('Ctrl Pts',(30.3372008153042,21.7696426755724,1.));
#11097=CARTESIAN_POINT('Ctrl Pts',(30.5362680825775,21.9725509843592,0.));
#11098=CARTESIAN_POINT('Ctrl Pts',(30.5362680825775,21.9725509843592,1.));
#11099=CARTESIAN_POINT('Ctrl Pts',(30.9263155675015,22.3701245111199,0.));
#11100=CARTESIAN_POINT('Ctrl Pts',(30.9263155675015,22.3701245111199,1.));
#11101=CARTESIAN_POINT('Ctrl Pts',(31.4787271576487,22.4340919012778,0.));
#11102=CARTESIAN_POINT('Ctrl Pts',(31.4787271576487,22.4340919012778,1.));
#11103=CARTESIAN_POINT('Ctrl Pts',(31.7492062398037,22.4654124624072,0.));
#11104=CARTESIAN_POINT('Ctrl Pts',(31.7492062398037,22.4654124624072,1.));
#11105=CARTESIAN_POINT('',(30.3372008153042,21.7696426755724,0.));
#11106=CARTESIAN_POINT('Ctrl Pts',(30.3372008153042,21.7696426755724,0.));
#11107=CARTESIAN_POINT('Ctrl Pts',(30.5362680825775,21.9725509843592,0.));
#11108=CARTESIAN_POINT('Ctrl Pts',(30.9263155675015,22.3701245111199,0.));
#11109=CARTESIAN_POINT('Ctrl Pts',(31.4787271576487,22.4340919012778,0.));
#11110=CARTESIAN_POINT('Ctrl Pts',(31.7492062398037,22.4654124624072,0.));
#11111=CARTESIAN_POINT('',(30.3372008153042,21.7696426755724,1.));
#11112=CARTESIAN_POINT('',(30.3372008153042,21.7696426755724,0.));
#11113=CARTESIAN_POINT('Ctrl Pts',(30.3372008153042,21.7696426755724,1.));
#11114=CARTESIAN_POINT('Ctrl Pts',(30.5362680825775,21.9725509843592,1.));
#11115=CARTESIAN_POINT('Ctrl Pts',(30.9263155675015,22.3701245111199,1.));
#11116=CARTESIAN_POINT('Ctrl Pts',(31.4787271576487,22.4340919012778,1.));
#11117=CARTESIAN_POINT('Ctrl Pts',(31.7492062398037,22.4654124624072,1.));
#11118=CARTESIAN_POINT('Ctrl Pts',(29.7642118283352,19.5868299848376,0.));
#11119=CARTESIAN_POINT('Ctrl Pts',(29.7642118283352,19.5868299848376,1.));
#11120=CARTESIAN_POINT('Ctrl Pts',(29.7723868425791,20.0279280816705,0.));
#11121=CARTESIAN_POINT('Ctrl Pts',(29.7723868425791,20.0279280816705,1.));
#11122=CARTESIAN_POINT('Ctrl Pts',(29.7868108727063,20.8062034519581,0.));
#11123=CARTESIAN_POINT('Ctrl Pts',(29.7868108727063,20.8062034519581,1.));
#11124=CARTESIAN_POINT('Ctrl Pts',(30.1708298077826,21.4784157800337,0.));
#11125=CARTESIAN_POINT('Ctrl Pts',(30.1708298077826,21.4784157800337,1.));
#11126=CARTESIAN_POINT('Ctrl Pts',(30.3372008153042,21.7696426755724,0.));
#11127=CARTESIAN_POINT('Ctrl Pts',(30.3372008153042,21.7696426755724,1.));
#11128=CARTESIAN_POINT('',(29.7642118283352,19.5868299848376,0.));
#11129=CARTESIAN_POINT('Ctrl Pts',(29.7642118283352,19.5868299848376,0.));
#11130=CARTESIAN_POINT('Ctrl Pts',(29.7723868425791,20.0279280816705,0.));
#11131=CARTESIAN_POINT('Ctrl Pts',(29.7868108727063,20.8062034519581,0.));
#11132=CARTESIAN_POINT('Ctrl Pts',(30.1708298077826,21.4784157800337,0.));
#11133=CARTESIAN_POINT('Ctrl Pts',(30.3372008153042,21.7696426755724,0.));
#11134=CARTESIAN_POINT('',(29.7642118283352,19.5868299848376,1.));
#11135=CARTESIAN_POINT('',(29.7642118283352,19.5868299848376,0.));
#11136=CARTESIAN_POINT('Ctrl Pts',(29.7642118283352,19.5868299848376,1.));
#11137=CARTESIAN_POINT('Ctrl Pts',(29.7723868425791,20.0279280816705,1.));
#11138=CARTESIAN_POINT('Ctrl Pts',(29.7868108727063,20.8062034519581,1.));
#11139=CARTESIAN_POINT('Ctrl Pts',(30.1708298077826,21.4784157800337,1.));
#11140=CARTESIAN_POINT('Ctrl Pts',(30.3372008153042,21.7696426755724,1.));
#11141=CARTESIAN_POINT('Ctrl Pts',(30.3303796597561,17.5745533353625,0.));
#11142=CARTESIAN_POINT('Ctrl Pts',(30.3303796597561,17.5745533353625,1.));
#11143=CARTESIAN_POINT('Ctrl Pts',(30.1658375853529,17.8455252127158,0.));
#11144=CARTESIAN_POINT('Ctrl Pts',(30.1658375853529,17.8455252127158,1.));
#11145=CARTESIAN_POINT('Ctrl Pts',(29.7926096231553,18.4601660695562,0.));
#11146=CARTESIAN_POINT('Ctrl Pts',(29.7926096231553,18.4601660695562,1.));
#11147=CARTESIAN_POINT('Ctrl Pts',(29.7743958427275,19.1827858820727,0.));
#11148=CARTESIAN_POINT('Ctrl Pts',(29.7743958427275,19.1827858820727,1.));
#11149=CARTESIAN_POINT('Ctrl Pts',(29.7642118283352,19.5868299848376,0.));
#11150=CARTESIAN_POINT('Ctrl Pts',(29.7642118283352,19.5868299848376,1.));
#11151=CARTESIAN_POINT('',(30.3303796597561,17.5745533353625,0.));
#11152=CARTESIAN_POINT('Ctrl Pts',(30.3303796597561,17.5745533353625,0.));
#11153=CARTESIAN_POINT('Ctrl Pts',(30.1658375853529,17.8455252127158,0.));
#11154=CARTESIAN_POINT('Ctrl Pts',(29.7926096231553,18.4601660695562,0.));
#11155=CARTESIAN_POINT('Ctrl Pts',(29.7743958427275,19.1827858820727,0.));
#11156=CARTESIAN_POINT('Ctrl Pts',(29.7642118283352,19.5868299848376,0.));
#11157=CARTESIAN_POINT('',(30.3303796597561,17.5745533353625,1.));
#11158=CARTESIAN_POINT('',(30.3303796597561,17.5745533353625,0.));
#11159=CARTESIAN_POINT('Ctrl Pts',(30.3303796597561,17.5745533353625,1.));
#11160=CARTESIAN_POINT('Ctrl Pts',(30.1658375853529,17.8455252127158,1.));
#11161=CARTESIAN_POINT('Ctrl Pts',(29.7926096231553,18.4601660695562,1.));
#11162=CARTESIAN_POINT('Ctrl Pts',(29.7743958427275,19.1827858820727,1.));
#11163=CARTESIAN_POINT('Ctrl Pts',(29.7642118283352,19.5868299848376,1.));
#11164=CARTESIAN_POINT('Ctrl Pts',(31.6946346112331,16.9197080976306,0.));
#11165=CARTESIAN_POINT('Ctrl Pts',(31.6946346112331,16.9197080976306,1.));
#11166=CARTESIAN_POINT('Ctrl Pts',(31.434827013961,16.9490561106428,0.));
#11167=CARTESIAN_POINT('Ctrl Pts',(31.434827013961,16.9490561106428,1.));
#11168=CARTESIAN_POINT('Ctrl Pts',(30.9049039557078,17.0089165187771,0.));
#11169=CARTESIAN_POINT('Ctrl Pts',(30.9049039557078,17.0089165187771,1.));
#11170=CARTESIAN_POINT('Ctrl Pts',(30.5243551888273,17.3835784687947,0.));
#11171=CARTESIAN_POINT('Ctrl Pts',(30.5243551888273,17.3835784687947,1.));
#11172=CARTESIAN_POINT('Ctrl Pts',(30.3303796597561,17.5745533353625,0.));
#11173=CARTESIAN_POINT('Ctrl Pts',(30.3303796597561,17.5745533353625,1.));
#11174=CARTESIAN_POINT('',(31.6946346112331,16.9197080976306,0.));
#11175=CARTESIAN_POINT('Ctrl Pts',(31.6946346112331,16.9197080976306,0.));
#11176=CARTESIAN_POINT('Ctrl Pts',(31.434827013961,16.9490561106428,0.));
#11177=CARTESIAN_POINT('Ctrl Pts',(30.9049039557078,17.0089165187771,0.));
#11178=CARTESIAN_POINT('Ctrl Pts',(30.5243551888273,17.3835784687947,0.));
#11179=CARTESIAN_POINT('Ctrl Pts',(30.3303796597561,17.5745533353625,0.));
#11180=CARTESIAN_POINT('',(31.6946346112331,16.9197080976306,1.));
#11181=CARTESIAN_POINT('',(31.6946346112331,16.9197080976306,0.));
#11182=CARTESIAN_POINT('Ctrl Pts',(31.6946346112331,16.9197080976306,1.));
#11183=CARTESIAN_POINT('Ctrl Pts',(31.434827013961,16.9490561106428,1.));
#11184=CARTESIAN_POINT('Ctrl Pts',(30.9049039557078,17.0089165187771,1.));
#11185=CARTESIAN_POINT('Ctrl Pts',(30.5243551888273,17.3835784687947,1.));
#11186=CARTESIAN_POINT('Ctrl Pts',(30.3303796597561,17.5745533353625,1.));
#11187=CARTESIAN_POINT('Ctrl Pts',(33.0793554135403,17.6086567289172,0.));
#11188=CARTESIAN_POINT('Ctrl Pts',(33.0793554135403,17.6086567289172,1.));
#11189=CARTESIAN_POINT('Ctrl Pts',(32.8801382522007,17.4077916021759,0.));
#11190=CARTESIAN_POINT('Ctrl Pts',(32.8801382522007,17.4077916021759,1.));
#11191=CARTESIAN_POINT('Ctrl Pts',(32.49558545617,17.0200577061902,0.));
#11192=CARTESIAN_POINT('Ctrl Pts',(32.49558545617,17.0200577061902,1.));
#11193=CARTESIAN_POINT('Ctrl Pts',(31.9551149529988,16.9523431844139,0.));
#11194=CARTESIAN_POINT('Ctrl Pts',(31.9551149529988,16.9523431844139,1.));
#11195=CARTESIAN_POINT('Ctrl Pts',(31.6946346112331,16.9197080976306,0.));
#11196=CARTESIAN_POINT('Ctrl Pts',(31.6946346112331,16.9197080976306,1.));
#11197=CARTESIAN_POINT('',(33.0793554135403,17.6086567289172,0.));
#11198=CARTESIAN_POINT('Ctrl Pts',(33.0793554135403,17.6086567289172,0.));
#11199=CARTESIAN_POINT('Ctrl Pts',(32.8801382522007,17.4077916021759,0.));
#11200=CARTESIAN_POINT('Ctrl Pts',(32.49558545617,17.0200577061902,0.));
#11201=CARTESIAN_POINT('Ctrl Pts',(31.9551149529988,16.9523431844139,0.));
#11202=CARTESIAN_POINT('Ctrl Pts',(31.6946346112331,16.9197080976306,0.));
#11203=CARTESIAN_POINT('',(33.0793554135403,17.6086567289172,1.));
#11204=CARTESIAN_POINT('',(33.0793554135403,17.6086567289172,0.));
#11205=CARTESIAN_POINT('Ctrl Pts',(33.0793554135403,17.6086567289172,1.));
#11206=CARTESIAN_POINT('Ctrl Pts',(32.8801382522007,17.4077916021759,1.));
#11207=CARTESIAN_POINT('Ctrl Pts',(32.49558545617,17.0200577061902,1.));
#11208=CARTESIAN_POINT('Ctrl Pts',(31.9551149529988,16.9523431844139,1.));
#11209=CARTESIAN_POINT('Ctrl Pts',(31.6946346112331,16.9197080976306,1.));
#11210=CARTESIAN_POINT('Ctrl Pts',(33.6659855195125,19.6891497022448,0.));
#11211=CARTESIAN_POINT('Ctrl Pts',(33.6659855195125,19.6891497022448,1.));
#11212=CARTESIAN_POINT('Ctrl Pts',(33.6551164865948,19.2722846768271,0.));
#11213=CARTESIAN_POINT('Ctrl Pts',(33.6551164865948,19.2722846768271,1.));
#11214=CARTESIAN_POINT('Ctrl Pts',(33.6356379117266,18.5252139237021,0.));
#11215=CARTESIAN_POINT('Ctrl Pts',(33.6356379117266,18.5252139237021,1.));
#11216=CARTESIAN_POINT('Ctrl Pts',(33.2498665779374,17.8895989390873,0.));
#11217=CARTESIAN_POINT('Ctrl Pts',(33.2498665779374,17.8895989390873,1.));
#11218=CARTESIAN_POINT('Ctrl Pts',(33.0793554135403,17.6086567289172,0.));
#11219=CARTESIAN_POINT('Ctrl Pts',(33.0793554135403,17.6086567289172,1.));
#11220=CARTESIAN_POINT('',(33.6659855195125,19.6891497022448,0.));
#11221=CARTESIAN_POINT('Ctrl Pts',(33.6659855195125,19.6891497022448,0.));
#11222=CARTESIAN_POINT('Ctrl Pts',(33.6551164865948,19.2722846768271,0.));
#11223=CARTESIAN_POINT('Ctrl Pts',(33.6356379117266,18.5252139237021,0.));
#11224=CARTESIAN_POINT('Ctrl Pts',(33.2498665779374,17.8895989390873,0.));
#11225=CARTESIAN_POINT('Ctrl Pts',(33.0793554135403,17.6086567289172,0.));
#11226=CARTESIAN_POINT('',(33.6659855195125,19.6891497022448,1.));
#11227=CARTESIAN_POINT('',(33.6659855195125,19.6891497022448,0.));
#11228=CARTESIAN_POINT('Ctrl Pts',(33.6659855195125,19.6891497022448,1.));
#11229=CARTESIAN_POINT('Ctrl Pts',(33.6551164865948,19.2722846768271,1.));
#11230=CARTESIAN_POINT('Ctrl Pts',(33.6356379117266,18.5252139237021,1.));
#11231=CARTESIAN_POINT('Ctrl Pts',(33.2498665779374,17.8895989390873,1.));
#11232=CARTESIAN_POINT('Ctrl Pts',(33.0793554135403,17.6086567289172,1.));
#11233=CARTESIAN_POINT('Ctrl Pts',(33.1202835389217,21.7969272977648,0.));
#11234=CARTESIAN_POINT('Ctrl Pts',(33.1202835389217,21.7969272977648,1.));
#11235=CARTESIAN_POINT('Ctrl Pts',(33.2787047375742,21.5161025623986,0.));
#11236=CARTESIAN_POINT('Ctrl Pts',(33.2787047375742,21.5161025623986,1.));
#11237=CARTESIAN_POINT('Ctrl Pts',(33.6454812629092,20.8659375494974,0.));
#11238=CARTESIAN_POINT('Ctrl Pts',(33.6454812629092,20.8659375494974,1.));
#11239=CARTESIAN_POINT('Ctrl Pts',(33.6585573600949,20.1154693635367,0.));
#11240=CARTESIAN_POINT('Ctrl Pts',(33.6585573600949,20.1154693635367,1.));
#11241=CARTESIAN_POINT('Ctrl Pts',(33.6659855195125,19.6891497022448,0.));
#11242=CARTESIAN_POINT('Ctrl Pts',(33.6659855195125,19.6891497022448,1.));
#11243=CARTESIAN_POINT('Ctrl Pts',(33.1202835389217,21.7969272977648,0.));
#11244=CARTESIAN_POINT('Ctrl Pts',(33.2787047375742,21.5161025623986,0.));
#11245=CARTESIAN_POINT('Ctrl Pts',(33.6454812629092,20.8659375494974,0.));
#11246=CARTESIAN_POINT('Ctrl Pts',(33.6585573600949,20.1154693635367,0.));
#11247=CARTESIAN_POINT('Ctrl Pts',(33.6659855195125,19.6891497022448,0.));
#11248=CARTESIAN_POINT('Ctrl Pts',(33.1202835389217,21.7969272977648,1.));
#11249=CARTESIAN_POINT('Ctrl Pts',(33.2787047375742,21.5161025623986,1.));
#11250=CARTESIAN_POINT('Ctrl Pts',(33.6454812629092,20.8659375494974,1.));
#11251=CARTESIAN_POINT('Ctrl Pts',(33.6585573600949,20.1154693635367,1.));
#11252=CARTESIAN_POINT('Ctrl Pts',(33.6659855195125,19.6891497022448,1.));
#11253=CARTESIAN_POINT('Origin',(28.6455232449612,26.0738705045519,0.));
#11254=CARTESIAN_POINT('',(28.6455232449612,26.0738705045519,0.));
#11255=CARTESIAN_POINT('',(28.6455232449612,16.0738705045519,0.));
#11256=CARTESIAN_POINT('',(28.6455232449612,31.4845452764745,0.));
#11257=CARTESIAN_POINT('',(28.6455232449612,26.0738705045519,1.));
#11258=CARTESIAN_POINT('',(28.6455232449612,26.0738705045519,0.));
#11259=CARTESIAN_POINT('',(28.6455232449612,16.0738705045519,1.));
#11260=CARTESIAN_POINT('',(28.6455232449612,26.0738705045519,1.));
#11261=CARTESIAN_POINT('',(28.6455232449612,16.0738705045519,0.));
#11262=CARTESIAN_POINT('Origin',(29.8665315457424,26.0738705045519,0.));
#11263=CARTESIAN_POINT('',(29.8665315457424,26.0738705045519,0.));
#11264=CARTESIAN_POINT('',(23.1950487503183,26.0738705045519,0.));
#11265=CARTESIAN_POINT('',(29.8665315457424,26.0738705045519,1.));
#11266=CARTESIAN_POINT('',(29.8665315457424,26.0738705045519,0.));
#11267=CARTESIAN_POINT('',(29.8665315457424,26.0738705045519,1.));
#11268=CARTESIAN_POINT('Origin',(29.8665315457424,22.4858759290514,0.));
#11269=CARTESIAN_POINT('',(29.8665315457424,22.4858759290514,0.));
#11270=CARTESIAN_POINT('',(29.8665315457424,29.6905479887243,0.));
#11271=CARTESIAN_POINT('',(29.8665315457424,22.4858759290514,1.));
#11272=CARTESIAN_POINT('',(29.8665315457424,22.4858759290514,0.));
#11273=CARTESIAN_POINT('',(29.8665315457424,22.4858759290514,1.));
#11274=CARTESIAN_POINT('Ctrl Pts',(30.6987292119106,23.2021115667162,0.));
#11275=CARTESIAN_POINT('Ctrl Pts',(30.6987292119106,23.2021115667162,1.));
#11276=CARTESIAN_POINT('Ctrl Pts',(30.5369890425501,23.1052000873214,0.));
#11277=CARTESIAN_POINT('Ctrl Pts',(30.5369890425501,23.1052000873214,1.));
#11278=CARTESIAN_POINT('Ctrl Pts',(30.2183074786308,22.9142524585575,0.));
#11279=CARTESIAN_POINT('Ctrl Pts',(30.2183074786308,22.9142524585575,1.));
#11280=CARTESIAN_POINT('Ctrl Pts',(29.9826071146266,22.6272274108051,0.));
#11281=CARTESIAN_POINT('Ctrl Pts',(29.9826071146266,22.6272274108051,1.));
#11282=CARTESIAN_POINT('Ctrl Pts',(29.8665315457424,22.4858759290514,0.));
#11283=CARTESIAN_POINT('Ctrl Pts',(29.8665315457424,22.4858759290514,1.));
#11284=CARTESIAN_POINT('',(30.6987292119106,23.2021115667162,0.));
#11285=CARTESIAN_POINT('Ctrl Pts',(30.6987292119106,23.2021115667162,0.));
#11286=CARTESIAN_POINT('Ctrl Pts',(30.5369890425501,23.1052000873214,0.));
#11287=CARTESIAN_POINT('Ctrl Pts',(30.2183074786308,22.9142524585575,0.));
#11288=CARTESIAN_POINT('Ctrl Pts',(29.9826071146266,22.6272274108051,0.));
#11289=CARTESIAN_POINT('Ctrl Pts',(29.8665315457424,22.4858759290514,0.));
#11290=CARTESIAN_POINT('',(30.6987292119106,23.2021115667162,1.));
#11291=CARTESIAN_POINT('',(30.6987292119106,23.2021115667162,0.));
#11292=CARTESIAN_POINT('Ctrl Pts',(30.6987292119106,23.2021115667162,1.));
#11293=CARTESIAN_POINT('Ctrl Pts',(30.5369890425501,23.1052000873214,1.));
#11294=CARTESIAN_POINT('Ctrl Pts',(30.2183074786308,22.9142524585575,1.));
#11295=CARTESIAN_POINT('Ctrl Pts',(29.9826071146266,22.6272274108051,1.));
#11296=CARTESIAN_POINT('Ctrl Pts',(29.8665315457424,22.4858759290514,1.));
#11297=CARTESIAN_POINT('Ctrl Pts',(31.8651682683071,23.4817837125597,0.));
#11298=CARTESIAN_POINT('Ctrl Pts',(31.8651682683071,23.4817837125597,1.));
#11299=CARTESIAN_POINT('Ctrl Pts',(31.6556215343209,23.4716135183197,0.));
#11300=CARTESIAN_POINT('Ctrl Pts',(31.6556215343209,23.4716135183197,1.));
#11301=CARTESIAN_POINT('Ctrl Pts',(31.2488885220245,23.4518730353248,0.));
#11302=CARTESIAN_POINT('Ctrl Pts',(31.2488885220245,23.4518730353248,1.));
#11303=CARTESIAN_POINT('Ctrl Pts',(30.8783622664039,23.2836614281402,0.));
#11304=CARTESIAN_POINT('Ctrl Pts',(30.8783622664039,23.2836614281402,1.));
#11305=CARTESIAN_POINT('Ctrl Pts',(30.6987292119106,23.2021115667162,0.));
#11306=CARTESIAN_POINT('Ctrl Pts',(30.6987292119106,23.2021115667162,1.));
#11307=CARTESIAN_POINT('',(31.8651682683071,23.4817837125597,0.));
#11308=CARTESIAN_POINT('Ctrl Pts',(31.8651682683071,23.4817837125597,0.));
#11309=CARTESIAN_POINT('Ctrl Pts',(31.6556215343209,23.4716135183197,0.));
#11310=CARTESIAN_POINT('Ctrl Pts',(31.2488885220245,23.4518730353248,0.));
#11311=CARTESIAN_POINT('Ctrl Pts',(30.8783622664039,23.2836614281402,0.));
#11312=CARTESIAN_POINT('Ctrl Pts',(30.6987292119106,23.2021115667162,0.));
#11313=CARTESIAN_POINT('',(31.8651682683071,23.4817837125597,1.));
#11314=CARTESIAN_POINT('',(31.8651682683071,23.4817837125597,0.));
#11315=CARTESIAN_POINT('Ctrl Pts',(31.8651682683071,23.4817837125597,1.));
#11316=CARTESIAN_POINT('Ctrl Pts',(31.6556215343209,23.4716135183197,1.));
#11317=CARTESIAN_POINT('Ctrl Pts',(31.2488885220245,23.4518730353248,1.));
#11318=CARTESIAN_POINT('Ctrl Pts',(30.8783622664039,23.2836614281402,1.));
#11319=CARTESIAN_POINT('Ctrl Pts',(30.6987292119106,23.2021115667162,1.));
#11320=CARTESIAN_POINT('Ctrl Pts',(33.4818119355282,23.0111168271838,0.));
#11321=CARTESIAN_POINT('Ctrl Pts',(33.4818119355282,23.0111168271838,1.));
#11322=CARTESIAN_POINT('Ctrl Pts',(33.2323201283985,23.1483912747813,0.));
#11323=CARTESIAN_POINT('Ctrl Pts',(33.2323201283985,23.1483912747813,1.));
#11324=CARTESIAN_POINT('Ctrl Pts',(32.7286292139546,23.4255302030519,0.));
#11325=CARTESIAN_POINT('Ctrl Pts',(32.7286292139546,23.4255302030519,1.));
#11326=CARTESIAN_POINT('Ctrl Pts',(32.1547762526887,23.4629160780882,0.));
#11327=CARTESIAN_POINT('Ctrl Pts',(32.1547762526887,23.4629160780882,1.));
#11328=CARTESIAN_POINT('Ctrl Pts',(31.8651682683071,23.4817837125597,0.));
#11329=CARTESIAN_POINT('Ctrl Pts',(31.8651682683071,23.4817837125597,1.));
#11330=CARTESIAN_POINT('',(33.4818119355282,23.0111168271838,0.));
#11331=CARTESIAN_POINT('Ctrl Pts',(33.4818119355282,23.0111168271838,0.));
#11332=CARTESIAN_POINT('Ctrl Pts',(33.2323201283985,23.1483912747813,0.));
#11333=CARTESIAN_POINT('Ctrl Pts',(32.7286292139546,23.4255302030519,0.));
#11334=CARTESIAN_POINT('Ctrl Pts',(32.1547762526887,23.4629160780882,0.));
#11335=CARTESIAN_POINT('Ctrl Pts',(31.8651682683071,23.4817837125597,0.));
#11336=CARTESIAN_POINT('',(33.4818119355282,23.0111168271838,1.));
#11337=CARTESIAN_POINT('',(33.4818119355282,23.0111168271838,0.));
#11338=CARTESIAN_POINT('Ctrl Pts',(33.4818119355282,23.0111168271838,1.));
#11339=CARTESIAN_POINT('Ctrl Pts',(33.2323201283985,23.1483912747813,1.));
#11340=CARTESIAN_POINT('Ctrl Pts',(32.7286292139546,23.4255302030519,1.));
#11341=CARTESIAN_POINT('Ctrl Pts',(32.1547762526887,23.4629160780882,1.));
#11342=CARTESIAN_POINT('Ctrl Pts',(31.8651682683071,23.4817837125597,1.));
#11343=CARTESIAN_POINT('Ctrl Pts',(34.5663947411617,21.653680647069,0.));
#11344=CARTESIAN_POINT('Ctrl Pts',(34.5663947411617,21.653680647069,1.));
#11345=CARTESIAN_POINT('Ctrl Pts',(34.4343564392182,21.9295879342914,0.));
#11346=CARTESIAN_POINT('Ctrl Pts',(34.4343564392182,21.9295879342914,1.));
#11347=CARTESIAN_POINT('Ctrl Pts',(34.1774539339677,22.4664115094285,0.));
#11348=CARTESIAN_POINT('Ctrl Pts',(34.1774539339677,22.4664115094285,1.));
#11349=CARTESIAN_POINT('Ctrl Pts',(33.7093351374602,22.8329603928639,0.));
#11350=CARTESIAN_POINT('Ctrl Pts',(33.7093351374602,22.8329603928639,1.));
#11351=CARTESIAN_POINT('Ctrl Pts',(33.4818119355282,23.0111168271838,0.));
#11352=CARTESIAN_POINT('Ctrl Pts',(33.4818119355282,23.0111168271838,1.));
#11353=CARTESIAN_POINT('',(34.5663947411617,21.653680647069,0.));
#11354=CARTESIAN_POINT('Ctrl Pts',(34.5663947411617,21.653680647069,0.));
#11355=CARTESIAN_POINT('Ctrl Pts',(34.4343564392182,21.9295879342914,0.));
#11356=CARTESIAN_POINT('Ctrl Pts',(34.1774539339677,22.4664115094285,0.));
#11357=CARTESIAN_POINT('Ctrl Pts',(33.7093351374602,22.8329603928639,0.));
#11358=CARTESIAN_POINT('Ctrl Pts',(33.4818119355282,23.0111168271838,0.));
#11359=CARTESIAN_POINT('',(34.5663947411617,21.653680647069,1.));
#11360=CARTESIAN_POINT('',(34.5663947411617,21.653680647069,0.));
#11361=CARTESIAN_POINT('Ctrl Pts',(34.5663947411617,21.653680647069,1.));
#11362=CARTESIAN_POINT('Ctrl Pts',(34.4343564392182,21.9295879342914,1.));
#11363=CARTESIAN_POINT('Ctrl Pts',(34.1774539339677,22.4664115094285,1.));
#11364=CARTESIAN_POINT('Ctrl Pts',(33.7093351374602,22.8329603928639,1.));
#11365=CARTESIAN_POINT('Ctrl Pts',(33.4818119355282,23.0111168271838,1.));
#11366=CARTESIAN_POINT('Ctrl Pts',(34.9279231377682,19.6891497022448,0.));
#11367=CARTESIAN_POINT('Ctrl Pts',(34.9279231377682,19.6891497022448,1.));
#11368=CARTESIAN_POINT('Ctrl Pts',(34.9149944937416,20.036848799706,0.));
#11369=CARTESIAN_POINT('Ctrl Pts',(34.9149944937416,20.036848799706,1.));
#11370=CARTESIAN_POINT('Ctrl Pts',(34.8899795448687,20.7095933758765,0.));
#11371=CARTESIAN_POINT('Ctrl Pts',(34.8899795448687,20.7095933758765,1.));
#11372=CARTESIAN_POINT('Ctrl Pts',(34.6718074749423,21.346129677296,0.));
#11373=CARTESIAN_POINT('Ctrl Pts',(34.6718074749423,21.346129677296,1.));
#11374=CARTESIAN_POINT('Ctrl Pts',(34.5663947411617,21.653680647069,0.));
#11375=CARTESIAN_POINT('Ctrl Pts',(34.5663947411617,21.653680647069,1.));
#11376=CARTESIAN_POINT('',(34.9279231377682,19.6891497022448,0.));
#11377=CARTESIAN_POINT('Ctrl Pts',(34.9279231377682,19.6891497022448,0.));
#11378=CARTESIAN_POINT('Ctrl Pts',(34.9149944937416,20.036848799706,0.));
#11379=CARTESIAN_POINT('Ctrl Pts',(34.8899795448687,20.7095933758765,0.));
#11380=CARTESIAN_POINT('Ctrl Pts',(34.6718074749423,21.346129677296,0.));
#11381=CARTESIAN_POINT('Ctrl Pts',(34.5663947411617,21.653680647069,0.));
#11382=CARTESIAN_POINT('',(34.9279231377682,19.6891497022448,1.));
#11383=CARTESIAN_POINT('',(34.9279231377682,19.6891497022448,0.));
#11384=CARTESIAN_POINT('Ctrl Pts',(34.9279231377682,19.6891497022448,1.));
#11385=CARTESIAN_POINT('Ctrl Pts',(34.9149944937416,20.036848799706,1.));
#11386=CARTESIAN_POINT('Ctrl Pts',(34.8899795448687,20.7095933758765,1.));
#11387=CARTESIAN_POINT('Ctrl Pts',(34.6718074749423,21.346129677296,1.));
#11388=CARTESIAN_POINT('Ctrl Pts',(34.5663947411617,21.653680647069,1.));
#11389=CARTESIAN_POINT('Ctrl Pts',(34.5322889634212,17.7177999860583,0.));
#11390=CARTESIAN_POINT('Ctrl Pts',(34.5322889634212,17.7177999860583,1.));
#11391=CARTESIAN_POINT('Ctrl Pts',(34.6476275581139,18.0219499131173,0.));
#11392=CARTESIAN_POINT('Ctrl Pts',(34.6476275581139,18.0219499131173,1.));
#11393=CARTESIAN_POINT('Ctrl Pts',(34.8883387606805,18.6567096385849,0.));
#11394=CARTESIAN_POINT('Ctrl Pts',(34.8883387606805,18.6567096385849,1.));
#11395=CARTESIAN_POINT('Ctrl Pts',(34.914366688548,19.3355702770885,0.));
#11396=CARTESIAN_POINT('Ctrl Pts',(34.914366688548,19.3355702770885,1.));
#11397=CARTESIAN_POINT('Ctrl Pts',(34.9279231377682,19.6891497022448,0.));
#11398=CARTESIAN_POINT('Ctrl Pts',(34.9279231377682,19.6891497022448,1.));
#11399=CARTESIAN_POINT('',(34.5322889634212,17.7177999860583,0.));
#11400=CARTESIAN_POINT('Ctrl Pts',(34.5322889634212,17.7177999860583,0.));
#11401=CARTESIAN_POINT('Ctrl Pts',(34.6476275581139,18.0219499131173,0.));
#11402=CARTESIAN_POINT('Ctrl Pts',(34.8883387606805,18.6567096385849,0.));
#11403=CARTESIAN_POINT('Ctrl Pts',(34.914366688548,19.3355702770885,0.));
#11404=CARTESIAN_POINT('Ctrl Pts',(34.9279231377682,19.6891497022448,0.));
#11405=CARTESIAN_POINT('',(34.5322889634212,17.7177999860583,1.));
#11406=CARTESIAN_POINT('',(34.5322889634212,17.7177999860583,0.));
#11407=CARTESIAN_POINT('Ctrl Pts',(34.5322889634212,17.7177999860583,1.));
#11408=CARTESIAN_POINT('Ctrl Pts',(34.6476275581139,18.0219499131173,1.));
#11409=CARTESIAN_POINT('Ctrl Pts',(34.8883387606805,18.6567096385849,1.));
#11410=CARTESIAN_POINT('Ctrl Pts',(34.914366688548,19.3355702770885,1.));
#11411=CARTESIAN_POINT('Ctrl Pts',(34.9279231377682,19.6891497022448,1.));
#11412=CARTESIAN_POINT('Ctrl Pts',(33.4067768403133,16.3876484281359,0.));
#11413=CARTESIAN_POINT('Ctrl Pts',(33.4067768403133,16.3876484281359,1.));
#11414=CARTESIAN_POINT('Ctrl Pts',(33.6358561874946,16.565493385818,0.));
#11415=CARTESIAN_POINT('Ctrl Pts',(33.6358561874946,16.565493385818,1.));
#11416=CARTESIAN_POINT('Ctrl Pts',(34.1044749894308,16.9293039694643,0.));
#11417=CARTESIAN_POINT('Ctrl Pts',(34.1044749894308,16.9293039694643,1.));
#11418=CARTESIAN_POINT('Ctrl Pts',(34.3875779117631,17.4510857253592,0.));
#11419=CARTESIAN_POINT('Ctrl Pts',(34.3875779117631,17.4510857253592,1.));
#11420=CARTESIAN_POINT('Ctrl Pts',(34.5322889634212,17.7177999860583,0.));
#11421=CARTESIAN_POINT('Ctrl Pts',(34.5322889634212,17.7177999860583,1.));
#11422=CARTESIAN_POINT('',(33.4067768403133,16.3876484281359,0.));
#11423=CARTESIAN_POINT('Ctrl Pts',(33.4067768403133,16.3876484281359,0.));
#11424=CARTESIAN_POINT('Ctrl Pts',(33.6358561874946,16.565493385818,0.));
#11425=CARTESIAN_POINT('Ctrl Pts',(34.1044749894308,16.9293039694643,0.));
#11426=CARTESIAN_POINT('Ctrl Pts',(34.3875779117631,17.4510857253592,0.));
#11427=CARTESIAN_POINT('Ctrl Pts',(34.5322889634212,17.7177999860583,0.));
#11428=CARTESIAN_POINT('',(33.4067768403133,16.3876484281359,1.));
#11429=CARTESIAN_POINT('',(33.4067768403133,16.3876484281359,0.));
#11430=CARTESIAN_POINT('Ctrl Pts',(33.4067768403133,16.3876484281359,1.));
#11431=CARTESIAN_POINT('Ctrl Pts',(33.6358561874946,16.565493385818,1.));
#11432=CARTESIAN_POINT('Ctrl Pts',(34.1044749894308,16.9293039694643,1.));
#11433=CARTESIAN_POINT('Ctrl Pts',(34.3875779117631,17.4510857253592,1.));
#11434=CARTESIAN_POINT('Ctrl Pts',(34.5322889634212,17.7177999860583,1.));
#11435=CARTESIAN_POINT('Ctrl Pts',(31.8105966397365,15.9101580030261,0.));
#11436=CARTESIAN_POINT('Ctrl Pts',(31.8105966397365,15.9101580030261,1.));
#11437=CARTESIAN_POINT('Ctrl Pts',(32.0938983370772,15.9301983056793,0.));
#11438=CARTESIAN_POINT('Ctrl Pts',(32.0938983370772,15.9301983056793,1.));
#11439=CARTESIAN_POINT('Ctrl Pts',(32.6615250462956,15.9703512985967,0.));
#11440=CARTESIAN_POINT('Ctrl Pts',(32.6615250462956,15.9703512985967,1.));
#11441=CARTESIAN_POINT('Ctrl Pts',(33.1580611913639,16.2483823073279,0.));
#11442=CARTESIAN_POINT('Ctrl Pts',(33.1580611913639,16.2483823073279,1.));
#11443=CARTESIAN_POINT('Ctrl Pts',(33.4067768403133,16.3876484281359,0.));
#11444=CARTESIAN_POINT('Ctrl Pts',(33.4067768403133,16.3876484281359,1.));
#11445=CARTESIAN_POINT('',(31.8105966397365,15.9101580030261,0.));
#11446=CARTESIAN_POINT('Ctrl Pts',(31.8105966397365,15.9101580030261,0.));
#11447=CARTESIAN_POINT('Ctrl Pts',(32.0938983370772,15.9301983056793,0.));
#11448=CARTESIAN_POINT('Ctrl Pts',(32.6615250462956,15.9703512985967,0.));
#11449=CARTESIAN_POINT('Ctrl Pts',(33.1580611913639,16.2483823073279,0.));
#11450=CARTESIAN_POINT('Ctrl Pts',(33.4067768403133,16.3876484281359,0.));
#11451=CARTESIAN_POINT('',(31.8105966397365,15.9101580030261,1.));
#11452=CARTESIAN_POINT('',(31.8105966397365,15.9101580030261,0.));
#11453=CARTESIAN_POINT('Ctrl Pts',(31.8105966397365,15.9101580030261,1.));
#11454=CARTESIAN_POINT('Ctrl Pts',(32.0938983370772,15.9301983056793,1.));
#11455=CARTESIAN_POINT('Ctrl Pts',(32.6615250462956,15.9703512985967,1.));
#11456=CARTESIAN_POINT('Ctrl Pts',(33.1580611913639,16.2483823073279,1.));
#11457=CARTESIAN_POINT('Ctrl Pts',(33.4067768403133,16.3876484281359,1.));
#11458=CARTESIAN_POINT('Ctrl Pts',(29.7846752949795,16.9879244214831,0.));
#11459=CARTESIAN_POINT('Ctrl Pts',(29.7846752949795,16.9879244214831,1.));
#11460=CARTESIAN_POINT('Ctrl Pts',(30.044234878015,16.6735917038296,0.));
#11461=CARTESIAN_POINT('Ctrl Pts',(30.044234878015,16.6735917038296,1.));
#11462=CARTESIAN_POINT('Ctrl Pts',(30.5703837440929,16.0364131376201,0.));
#11463=CARTESIAN_POINT('Ctrl Pts',(30.5703837440929,16.0364131376201,1.));
#11464=CARTESIAN_POINT('Ctrl Pts',(31.3935264293065,15.9526162420413,0.));
#11465=CARTESIAN_POINT('Ctrl Pts',(31.3935264293065,15.9526162420413,1.));
#11466=CARTESIAN_POINT('Ctrl Pts',(31.8105966397365,15.9101580030261,0.));
#11467=CARTESIAN_POINT('Ctrl Pts',(31.8105966397365,15.9101580030261,1.));
#11468=CARTESIAN_POINT('',(29.7846752949795,16.9879244214831,0.));
#11469=CARTESIAN_POINT('Ctrl Pts',(29.7846752949795,16.9879244214831,0.));
#11470=CARTESIAN_POINT('Ctrl Pts',(30.044234878015,16.6735917038296,0.));
#11471=CARTESIAN_POINT('Ctrl Pts',(30.5703837440929,16.0364131376201,0.));
#11472=CARTESIAN_POINT('Ctrl Pts',(31.3935264293065,15.9526162420413,0.));
#11473=CARTESIAN_POINT('Ctrl Pts',(31.8105966397365,15.9101580030261,0.));
#11474=CARTESIAN_POINT('',(29.7846752949795,16.9879244214831,1.));
#11475=CARTESIAN_POINT('',(29.7846752949795,16.9879244214831,0.));
#11476=CARTESIAN_POINT('Ctrl Pts',(29.7846752949795,16.9879244214831,1.));
#11477=CARTESIAN_POINT('Ctrl Pts',(30.044234878015,16.6735917038296,1.));
#11478=CARTESIAN_POINT('Ctrl Pts',(30.5703837440929,16.0364131376201,1.));
#11479=CARTESIAN_POINT('Ctrl Pts',(31.3935264293065,15.9526162420413,1.));
#11480=CARTESIAN_POINT('Ctrl Pts',(31.8105966397365,15.9101580030261,1.));
#11481=CARTESIAN_POINT('Origin',(29.7846752949795,16.0738705045519,0.));
#11482=CARTESIAN_POINT('',(29.7846752949795,16.0738705045519,0.));
#11483=CARTESIAN_POINT('',(29.7846752949795,26.4845452764745,0.));
#11484=CARTESIAN_POINT('',(29.7846752949795,16.0738705045519,1.));
#11485=CARTESIAN_POINT('',(29.7846752949795,16.0738705045519,0.));
#11486=CARTESIAN_POINT('',(29.7846752949795,16.0738705045519,1.));
#11487=CARTESIAN_POINT('Origin',(28.6455232449612,16.0738705045519,0.));
#11488=CARTESIAN_POINT('',(22.5845445999277,16.0738705045519,0.));
#11489=CARTESIAN_POINT('',(28.6455232449612,16.0738705045519,1.));
#11490=CARTESIAN_POINT('Origin',(32.833790274783,36.599108422452,1.));
#11491=CARTESIAN_POINT('Origin',(50.1803117045006,40.1939259416399,0.));
#11492=CARTESIAN_POINT('',(50.1803117045006,40.1939259416399,0.));
#11493=CARTESIAN_POINT('',(50.1803117045006,31.6809652692614,0.));
#11494=CARTESIAN_POINT('',(50.1803117045006,38.5445729950185,0.));
#11495=CARTESIAN_POINT('',(50.1803117045006,40.1939259416399,1.));
#11496=CARTESIAN_POINT('',(50.1803117045006,40.1939259416399,0.));
#11497=CARTESIAN_POINT('',(50.1803117045006,31.6809652692614,1.));
#11498=CARTESIAN_POINT('',(50.1803117045006,40.1939259416399,1.));
#11499=CARTESIAN_POINT('',(50.1803117045006,31.6809652692614,0.));
#11500=CARTESIAN_POINT('Origin',(47.2880882569393,31.6809652692614,0.));
#11501=CARTESIAN_POINT('',(47.2880882569393,31.6809652692614,0.));
#11502=CARTESIAN_POINT('',(46.4904078524841,29.3330754760367,0.));
#11503=CARTESIAN_POINT('',(47.2880882569393,31.6809652692614,1.));
#11504=CARTESIAN_POINT('',(47.2880882569393,31.6809652692614,0.));
#11505=CARTESIAN_POINT('',(47.2880882569393,31.6809652692614,1.));
#11506=CARTESIAN_POINT('Origin',(46.0943633862575,31.6809652692614,0.));
#11507=CARTESIAN_POINT('',(46.0943633862575,31.6809652692614,0.));
#11508=CARTESIAN_POINT('',(31.3089646705759,31.6809652692614,0.));
#11509=CARTESIAN_POINT('',(46.0943633862575,31.6809652692614,1.));
#11510=CARTESIAN_POINT('',(46.0943633862575,31.6809652692614,0.));
#11511=CARTESIAN_POINT('',(46.0943633862575,31.6809652692614,1.));
#11512=CARTESIAN_POINT('Origin',(43.1884974785885,40.0506780988513,0.));
#11513=CARTESIAN_POINT('',(43.1884974785885,40.0506780988513,0.));
#11514=CARTESIAN_POINT('',(42.2431296598067,42.7736038679506,0.));
#11515=CARTESIAN_POINT('',(43.1884974785885,40.0506780988513,1.));
#11516=CARTESIAN_POINT('',(43.1884974785885,40.0506780988513,0.));
#11517=CARTESIAN_POINT('',(43.1884974785885,40.0506780988513,1.));
#11518=CARTESIAN_POINT('Origin',(43.1884974785885,31.6809652692614,0.));
#11519=CARTESIAN_POINT('',(43.1884974785885,31.6809652692614,0.));
#11520=CARTESIAN_POINT('',(43.1884974785885,34.2880926588293,0.));
#11521=CARTESIAN_POINT('',(43.1884974785885,31.6809652692614,1.));
#11522=CARTESIAN_POINT('',(43.1884974785885,31.6809652692614,0.));
#11523=CARTESIAN_POINT('',(43.1884974785885,31.6809652692614,1.));
#11524=CARTESIAN_POINT('Origin',(41.9129175492367,31.6809652692614,0.));
#11525=CARTESIAN_POINT('',(41.9129175492367,31.6809652692614,0.));
#11526=CARTESIAN_POINT('',(29.2182417520655,31.6809652692614,0.));
#11527=CARTESIAN_POINT('',(41.9129175492367,31.6809652692614,1.));
#11528=CARTESIAN_POINT('',(41.9129175492367,31.6809652692614,0.));
#11529=CARTESIAN_POINT('',(41.9129175492367,31.6809652692614,1.));
#11530=CARTESIAN_POINT('Origin',(41.9129175492367,41.6809652692614,0.));
#11531=CARTESIAN_POINT('',(41.9129175492367,41.6809652692614,0.));
#11532=CARTESIAN_POINT('',(41.9129175492367,39.2880926588293,0.));
#11533=CARTESIAN_POINT('',(41.9129175492367,41.6809652692614,1.));
#11534=CARTESIAN_POINT('',(41.9129175492367,41.6809652692614,0.));
#11535=CARTESIAN_POINT('',(41.9129175492367,41.6809652692614,1.));
#11536=CARTESIAN_POINT('Origin',(43.6932719298443,41.6809652692614,0.));
#11537=CARTESIAN_POINT('',(43.6932719298443,41.6809652692614,0.));
#11538=CARTESIAN_POINT('',(30.1084189423693,41.6809652692614,0.));
#11539=CARTESIAN_POINT('',(43.6932719298443,41.6809652692614,1.));
#11540=CARTESIAN_POINT('',(43.6932719298443,41.6809652692614,0.));
#11541=CARTESIAN_POINT('',(43.6932719298443,41.6809652692614,1.));
#11542=CARTESIAN_POINT('Origin',(46.0875422307094,34.7232578641711,0.));
#11543=CARTESIAN_POINT('',(46.0875422307094,34.7232578641711,0.));
#11544=CARTESIAN_POINT('',(44.1883007673467,40.2424201696628,0.));
#11545=CARTESIAN_POINT('',(46.0875422307094,34.7232578641711,1.));
#11546=CARTESIAN_POINT('',(46.0875422307094,34.7232578641711,0.));
#11547=CARTESIAN_POINT('',(46.0875422307094,34.7232578641711,1.));
#11548=CARTESIAN_POINT('Ctrl Pts',(46.6196024962505,33.1202553159533,0.));
#11549=CARTESIAN_POINT('Ctrl Pts',(46.6196024962505,33.1202553159533,1.));
#11550=CARTESIAN_POINT('Ctrl Pts',(46.5474163514689,33.3449791606753,0.));
#11551=CARTESIAN_POINT('Ctrl Pts',(46.5474163514689,33.3449791606753,1.));
#11552=CARTESIAN_POINT('Ctrl Pts',(46.3752278351376,33.8810219916645,0.));
#11553=CARTESIAN_POINT('Ctrl Pts',(46.3752278351376,33.8810219916645,1.));
#11554=CARTESIAN_POINT('Ctrl Pts',(46.1932373292026,34.4138221394465,0.));
#11555=CARTESIAN_POINT('Ctrl Pts',(46.1932373292026,34.4138221394465,1.));
#11556=CARTESIAN_POINT('Ctrl Pts',(46.0875422307094,34.7232578641711,0.));
#11557=CARTESIAN_POINT('Ctrl Pts',(46.0875422307094,34.7232578641711,1.));
#11558=CARTESIAN_POINT('',(46.6196024962505,33.1202553159533,0.));
#11559=CARTESIAN_POINT('Ctrl Pts',(46.6196024962505,33.1202553159533,0.));
#11560=CARTESIAN_POINT('Ctrl Pts',(46.5474163514689,33.3449791606753,0.));
#11561=CARTESIAN_POINT('Ctrl Pts',(46.3752278351376,33.8810219916645,0.));
#11562=CARTESIAN_POINT('Ctrl Pts',(46.1932373292026,34.4138221394465,0.));
#11563=CARTESIAN_POINT('Ctrl Pts',(46.0875422307094,34.7232578641711,0.));
#11564=CARTESIAN_POINT('',(46.6196024962505,33.1202553159533,1.));
#11565=CARTESIAN_POINT('',(46.6196024962505,33.1202553159533,0.));
#11566=CARTESIAN_POINT('Ctrl Pts',(46.6196024962505,33.1202553159533,1.));
#11567=CARTESIAN_POINT('Ctrl Pts',(46.5474163514689,33.3449791606753,1.));
#11568=CARTESIAN_POINT('Ctrl Pts',(46.3752278351376,33.8810219916645,1.));
#11569=CARTESIAN_POINT('Ctrl Pts',(46.1932373292026,34.4138221394465,1.));
#11570=CARTESIAN_POINT('Ctrl Pts',(46.0875422307094,34.7232578641711,1.));
#11571=CARTESIAN_POINT('Ctrl Pts',(47.0970923253139,34.6004746801196,0.));
#11572=CARTESIAN_POINT('Ctrl Pts',(47.0970923253139,34.6004746801196,1.));
#11573=CARTESIAN_POINT('Ctrl Pts',(47.0018416068432,34.3125611892207,0.));
#11574=CARTESIAN_POINT('Ctrl Pts',(47.0018416068432,34.3125611892207,1.));
#11575=CARTESIAN_POINT('Ctrl Pts',(46.8389989031361,33.8203380118581,0.));
#11576=CARTESIAN_POINT('Ctrl Pts',(46.8389989031361,33.8203380118581,1.));
#11577=CARTESIAN_POINT('Ctrl Pts',(46.683956690331,33.3256062527537,0.));
#11578=CARTESIAN_POINT('Ctrl Pts',(46.683956690331,33.3256062527537,1.));
#11579=CARTESIAN_POINT('Ctrl Pts',(46.6196024962505,33.1202553159533,0.));
#11580=CARTESIAN_POINT('Ctrl Pts',(46.6196024962505,33.1202553159533,1.));
#11581=CARTESIAN_POINT('',(47.0970923253139,34.6004746801196,0.));
#11582=CARTESIAN_POINT('Ctrl Pts',(47.0970923253139,34.6004746801196,0.));
#11583=CARTESIAN_POINT('Ctrl Pts',(47.0018416068432,34.3125611892207,0.));
#11584=CARTESIAN_POINT('Ctrl Pts',(46.8389989031361,33.8203380118581,0.));
#11585=CARTESIAN_POINT('Ctrl Pts',(46.683956690331,33.3256062527537,0.));
#11586=CARTESIAN_POINT('Ctrl Pts',(46.6196024962505,33.1202553159533,0.));
#11587=CARTESIAN_POINT('',(47.0970923253139,34.6004746801196,1.));
#11588=CARTESIAN_POINT('',(47.0970923253139,34.6004746801196,0.));
#11589=CARTESIAN_POINT('Ctrl Pts',(47.0970923253139,34.6004746801196,1.));
#11590=CARTESIAN_POINT('Ctrl Pts',(47.0018416068432,34.3125611892207,1.));
#11591=CARTESIAN_POINT('Ctrl Pts',(46.8389989031361,33.8203380118581,1.));
#11592=CARTESIAN_POINT('Ctrl Pts',(46.683956690331,33.3256062527537,1.));
#11593=CARTESIAN_POINT('Ctrl Pts',(46.6196024962505,33.1202553159533,1.));
#11594=CARTESIAN_POINT('Origin',(49.4640771099171,41.6809652692614,0.));
#11595=CARTESIAN_POINT('',(49.4640771099171,41.6809652692614,0.));
#11596=CARTESIAN_POINT('',(47.0889558142626,34.576135491164,0.));
#11597=CARTESIAN_POINT('',(49.4640771099171,41.6809652692614,1.));
#11598=CARTESIAN_POINT('',(49.4640771099171,41.6809652692614,0.));
#11599=CARTESIAN_POINT('',(49.4640771099171,41.6809652692614,1.));
#11600=CARTESIAN_POINT('Origin',(51.4558915593466,41.6809652692614,0.));
#11601=CARTESIAN_POINT('',(51.4558915593466,41.6809652692614,0.));
#11602=CARTESIAN_POINT('',(33.9897287571204,41.6809652692614,0.));
#11603=CARTESIAN_POINT('',(51.4558915593466,41.6809652692614,1.));
#11604=CARTESIAN_POINT('',(51.4558915593466,41.6809652692614,0.));
#11605=CARTESIAN_POINT('',(51.4558915593466,41.6809652692614,1.));
#11606=CARTESIAN_POINT('Origin',(51.4558915593466,31.6809652692614,0.));
#11607=CARTESIAN_POINT('',(51.4558915593466,31.6809652692614,0.));
#11608=CARTESIAN_POINT('',(51.4558915593466,34.2880926588293,0.));
#11609=CARTESIAN_POINT('',(51.4558915593466,31.6809652692614,1.));
#11610=CARTESIAN_POINT('',(51.4558915593466,31.6809652692614,0.));
#11611=CARTESIAN_POINT('',(51.4558915593466,31.6809652692614,1.));
#11612=CARTESIAN_POINT('Origin',(50.1803117045006,31.6809652692614,0.));
#11613=CARTESIAN_POINT('',(33.3519388296974,31.6809652692614,0.));
#11614=CARTESIAN_POINT('',(50.1803117045006,31.6809652692614,1.));
#11615=CARTESIAN_POINT('Origin',(32.833790274783,36.599108422452,1.));
#11616=CARTESIAN_POINT('Origin',(33.2567102261623,51.244402969533,0.));
#11617=CARTESIAN_POINT('',(33.2567102261623,51.244402969533,0.));
#11618=CARTESIAN_POINT('',(33.2567102261623,47.288058841878,0.));
#11619=CARTESIAN_POINT('',(33.2567102261623,44.0698115089651,0.));
#11620=CARTESIAN_POINT('',(33.2567102261623,51.244402969533,1.));
#11621=CARTESIAN_POINT('',(33.2567102261623,51.244402969533,0.));
#11622=CARTESIAN_POINT('',(33.2567102261623,47.288058841878,1.));
#11623=CARTESIAN_POINT('',(33.2567102261623,51.244402969533,1.));
#11624=CARTESIAN_POINT('',(33.2567102261623,47.288058841878,0.));
#11625=CARTESIAN_POINT('Ctrl Pts',(32.6905435868343,53.1338976270495,0.));
#11626=CARTESIAN_POINT('Ctrl Pts',(32.6905435868343,53.1338976270495,1.));
#11627=CARTESIAN_POINT('Ctrl Pts',(32.8545269711588,52.9010417233899,0.));
#11628=CARTESIAN_POINT('Ctrl Pts',(32.8545269711588,52.9010417233899,1.));
#11629=CARTESIAN_POINT('Ctrl Pts',(33.2490308209676,52.3408474645453,0.));
#11630=CARTESIAN_POINT('Ctrl Pts',(33.2490308209676,52.3408474645453,1.));
#11631=CARTESIAN_POINT('Ctrl Pts',(33.2538779202555,51.6487918695864,0.));
#11632=CARTESIAN_POINT('Ctrl Pts',(33.2538779202555,51.6487918695864,1.));
#11633=CARTESIAN_POINT('Ctrl Pts',(33.2567102261623,51.244402969533,0.));
#11634=CARTESIAN_POINT('Ctrl Pts',(33.2567102261623,51.244402969533,1.));
#11635=CARTESIAN_POINT('',(32.6905435868343,53.1338976270495,0.));
#11636=CARTESIAN_POINT('Ctrl Pts',(32.6905435868343,53.1338976270495,0.));
#11637=CARTESIAN_POINT('Ctrl Pts',(32.8545269711588,52.9010417233899,0.));
#11638=CARTESIAN_POINT('Ctrl Pts',(33.2490308209676,52.3408474645453,0.));
#11639=CARTESIAN_POINT('Ctrl Pts',(33.2538779202555,51.6487918695864,0.));
#11640=CARTESIAN_POINT('Ctrl Pts',(33.2567102261623,51.244402969533,0.));
#11641=CARTESIAN_POINT('',(32.6905435868343,53.1338976270495,1.));
#11642=CARTESIAN_POINT('',(32.6905435868343,53.1338976270495,0.));
#11643=CARTESIAN_POINT('Ctrl Pts',(32.6905435868343,53.1338976270495,1.));
#11644=CARTESIAN_POINT('Ctrl Pts',(32.8545269711588,52.9010417233899,1.));
#11645=CARTESIAN_POINT('Ctrl Pts',(33.2490308209676,52.3408474645453,1.));
#11646=CARTESIAN_POINT('Ctrl Pts',(33.2538779202555,51.6487918695864,1.));
#11647=CARTESIAN_POINT('Ctrl Pts',(33.2567102261623,51.244402969533,1.));
#11648=CARTESIAN_POINT('Ctrl Pts',(31.3331085988125,53.6318515188036,0.));
#11649=CARTESIAN_POINT('Ctrl Pts',(31.3331085988125,53.6318515188036,1.));
#11650=CARTESIAN_POINT('Ctrl Pts',(31.5849005576921,53.6118633340768,0.));
#11651=CARTESIAN_POINT('Ctrl Pts',(31.5849005576921,53.6118633340768,1.));
#11652=CARTESIAN_POINT('Ctrl Pts',(32.0839764732749,53.572244826648,0.));
#11653=CARTESIAN_POINT('Ctrl Pts',(32.0839764732749,53.572244826648,1.));
#11654=CARTESIAN_POINT('Ctrl Pts',(32.4895757676674,53.2791308234625,0.));
#11655=CARTESIAN_POINT('Ctrl Pts',(32.4895757676674,53.2791308234625,1.));
#11656=CARTESIAN_POINT('Ctrl Pts',(32.6905435868343,53.1338976270495,0.));
#11657=CARTESIAN_POINT('Ctrl Pts',(32.6905435868343,53.1338976270495,1.));
#11658=CARTESIAN_POINT('',(31.3331085988125,53.6318515188036,0.));
#11659=CARTESIAN_POINT('Ctrl Pts',(31.3331085988125,53.6318515188036,0.));
#11660=CARTESIAN_POINT('Ctrl Pts',(31.5849005576921,53.6118633340768,0.));
#11661=CARTESIAN_POINT('Ctrl Pts',(32.0839764732749,53.572244826648,0.));
#11662=CARTESIAN_POINT('Ctrl Pts',(32.4895757676674,53.2791308234625,0.));
#11663=CARTESIAN_POINT('Ctrl Pts',(32.6905435868343,53.1338976270495,0.));
#11664=CARTESIAN_POINT('',(31.3331085988125,53.6318515188036,1.));
#11665=CARTESIAN_POINT('',(31.3331085988125,53.6318515188036,0.));
#11666=CARTESIAN_POINT('Ctrl Pts',(31.3331085988125,53.6318515188036,1.));
#11667=CARTESIAN_POINT('Ctrl Pts',(31.5849005576921,53.6118633340768,1.));
#11668=CARTESIAN_POINT('Ctrl Pts',(32.0839764732749,53.572244826648,1.));
#11669=CARTESIAN_POINT('Ctrl Pts',(32.4895757676674,53.2791308234625,1.));
#11670=CARTESIAN_POINT('Ctrl Pts',(32.6905435868343,53.1338976270495,1.));
#11671=CARTESIAN_POINT('Ctrl Pts',(30.480447466,53.4067492133914,0.));
#11672=CARTESIAN_POINT('Ctrl Pts',(30.480447466,53.4067492133914,1.));
#11673=CARTESIAN_POINT('Ctrl Pts',(30.6092341750575,53.4723782767679,0.));
#11674=CARTESIAN_POINT('Ctrl Pts',(30.6092341750575,53.4723782767679,1.));
#11675=CARTESIAN_POINT('Ctrl Pts',(30.8769006826151,53.6087797914649,0.));
#11676=CARTESIAN_POINT('Ctrl Pts',(30.8769006826151,53.6087797914649,1.));
#11677=CARTESIAN_POINT('Ctrl Pts',(31.1772639569314,53.6239700135578,0.));
#11678=CARTESIAN_POINT('Ctrl Pts',(31.1772639569314,53.6239700135578,1.));
#11679=CARTESIAN_POINT('Ctrl Pts',(31.3331085988125,53.6318515188036,0.));
#11680=CARTESIAN_POINT('Ctrl Pts',(31.3331085988125,53.6318515188036,1.));
#11681=CARTESIAN_POINT('',(30.480447466,53.4067492133914,0.));
#11682=CARTESIAN_POINT('Ctrl Pts',(30.480447466,53.4067492133914,0.));
#11683=CARTESIAN_POINT('Ctrl Pts',(30.6092341750575,53.4723782767679,0.));
#11684=CARTESIAN_POINT('Ctrl Pts',(30.8769006826151,53.6087797914649,0.));
#11685=CARTESIAN_POINT('Ctrl Pts',(31.1772639569314,53.6239700135578,0.));
#11686=CARTESIAN_POINT('Ctrl Pts',(31.3331085988125,53.6318515188036,0.));
#11687=CARTESIAN_POINT('',(30.480447466,53.4067492133914,1.));
#11688=CARTESIAN_POINT('',(30.480447466,53.4067492133914,0.));
#11689=CARTESIAN_POINT('Ctrl Pts',(30.480447466,53.4067492133914,1.));
#11690=CARTESIAN_POINT('Ctrl Pts',(30.6092341750575,53.4723782767679,1.));
#11691=CARTESIAN_POINT('Ctrl Pts',(30.8769006826151,53.6087797914649,1.));
#11692=CARTESIAN_POINT('Ctrl Pts',(31.1772639569314,53.6239700135578,1.));
#11693=CARTESIAN_POINT('Ctrl Pts',(31.3331085988125,53.6318515188036,1.));
#11694=CARTESIAN_POINT('Ctrl Pts',(29.9688512631496,52.8132973558245,0.));
#11695=CARTESIAN_POINT('Ctrl Pts',(29.9688512631496,52.8132973558245,1.));
#11696=CARTESIAN_POINT('Ctrl Pts',(30.0270188737993,52.9324258311386,0.));
#11697=CARTESIAN_POINT('Ctrl Pts',(30.0270188737993,52.9324258311386,1.));
#11698=CARTESIAN_POINT('Ctrl Pts',(30.1454181031512,53.1749099131476,0.));
#11699=CARTESIAN_POINT('Ctrl Pts',(30.1454181031512,53.1749099131476,1.));
#11700=CARTESIAN_POINT('Ctrl Pts',(30.3674806349237,53.3285765098265,0.));
#11701=CARTESIAN_POINT('Ctrl Pts',(30.3674806349237,53.3285765098265,1.));
#11702=CARTESIAN_POINT('Ctrl Pts',(30.480447466,53.4067492133914,0.));
#11703=CARTESIAN_POINT('Ctrl Pts',(30.480447466,53.4067492133914,1.));
#11704=CARTESIAN_POINT('',(29.9688512631496,52.8132973558245,0.));
#11705=CARTESIAN_POINT('Ctrl Pts',(29.9688512631496,52.8132973558245,0.));
#11706=CARTESIAN_POINT('Ctrl Pts',(30.0270188737993,52.9324258311386,0.));
#11707=CARTESIAN_POINT('Ctrl Pts',(30.1454181031512,53.1749099131476,0.));
#11708=CARTESIAN_POINT('Ctrl Pts',(30.3674806349237,53.3285765098265,0.));
#11709=CARTESIAN_POINT('Ctrl Pts',(30.480447466,53.4067492133914,0.));
#11710=CARTESIAN_POINT('',(29.9688512631496,52.8132973558245,1.));
#11711=CARTESIAN_POINT('',(29.9688512631496,52.8132973558245,0.));
#11712=CARTESIAN_POINT('Ctrl Pts',(29.9688512631496,52.8132973558245,1.));
#11713=CARTESIAN_POINT('Ctrl Pts',(30.0270188737993,52.9324258311386,1.));
#11714=CARTESIAN_POINT('Ctrl Pts',(30.1454181031512,53.1749099131476,1.));
#11715=CARTESIAN_POINT('Ctrl Pts',(30.3674806349237,53.3285765098265,1.));
#11716=CARTESIAN_POINT('Ctrl Pts',(30.480447466,53.4067492133914,1.));
#11717=CARTESIAN_POINT('Ctrl Pts',(29.8256046124538,51.6946075803576,0.));
#11718=CARTESIAN_POINT('Ctrl Pts',(29.8256046124538,51.6946075803576,1.));
#11719=CARTESIAN_POINT('Ctrl Pts',(29.8267097324166,51.9144273165224,0.));
#11720=CARTESIAN_POINT('Ctrl Pts',(29.8267097324166,51.9144273165224,1.));
#11721=CARTESIAN_POINT('Ctrl Pts',(29.8286171699922,52.2938362845614,0.));
#11722=CARTESIAN_POINT('Ctrl Pts',(29.8286171699922,52.2938362845614,1.));
#11723=CARTESIAN_POINT('Ctrl Pts',(29.9273300647242,52.659492772869,0.));
#11724=CARTESIAN_POINT('Ctrl Pts',(29.9273300647242,52.659492772869,1.));
#11725=CARTESIAN_POINT('Ctrl Pts',(29.9688512631496,52.8132973558245,0.));
#11726=CARTESIAN_POINT('Ctrl Pts',(29.9688512631496,52.8132973558245,1.));
#11727=CARTESIAN_POINT('',(29.8256046124538,51.6946075803576,0.));
#11728=CARTESIAN_POINT('Ctrl Pts',(29.8256046124538,51.6946075803576,0.));
#11729=CARTESIAN_POINT('Ctrl Pts',(29.8267097324166,51.9144273165224,0.));
#11730=CARTESIAN_POINT('Ctrl Pts',(29.8286171699922,52.2938362845614,0.));
#11731=CARTESIAN_POINT('Ctrl Pts',(29.9273300647242,52.659492772869,0.));
#11732=CARTESIAN_POINT('Ctrl Pts',(29.9688512631496,52.8132973558245,0.));
#11733=CARTESIAN_POINT('',(29.8256046124538,51.6946075803576,1.));
#11734=CARTESIAN_POINT('',(29.8256046124538,51.6946075803576,0.));
#11735=CARTESIAN_POINT('Ctrl Pts',(29.8256046124538,51.6946075803576,1.));
#11736=CARTESIAN_POINT('Ctrl Pts',(29.8267097324166,51.9144273165224,1.));
#11737=CARTESIAN_POINT('Ctrl Pts',(29.8286171699922,52.2938362845614,1.));
#11738=CARTESIAN_POINT('Ctrl Pts',(29.9273300647242,52.659492772869,1.));
#11739=CARTESIAN_POINT('Ctrl Pts',(29.9688512631496,52.8132973558245,1.));
#11740=CARTESIAN_POINT('Origin',(29.8256046124538,47.288058841878,0.));
#11741=CARTESIAN_POINT('',(29.8256046124538,47.288058841878,0.));
#11742=CARTESIAN_POINT('',(29.8256046124538,42.0916394451376,0.));
#11743=CARTESIAN_POINT('',(29.8256046124538,47.288058841878,1.));
#11744=CARTESIAN_POINT('',(29.8256046124538,47.288058841878,0.));
#11745=CARTESIAN_POINT('',(29.8256046124538,47.288058841878,1.));
#11746=CARTESIAN_POINT('Origin',(28.5977727719387,47.288058841878,0.));
#11747=CARTESIAN_POINT('',(28.5977727719387,47.288058841878,0.));
#11748=CARTESIAN_POINT('',(22.5606693634165,47.288058841878,0.));
#11749=CARTESIAN_POINT('',(28.5977727719387,47.288058841878,1.));
#11750=CARTESIAN_POINT('',(28.5977727719387,47.288058841878,0.));
#11751=CARTESIAN_POINT('',(28.5977727719387,47.288058841878,1.));
#11752=CARTESIAN_POINT('Origin',(28.5977727719387,51.7423562652407,0.));
#11753=CARTESIAN_POINT('',(28.5977727719387,51.7423562652407,0.));
#11754=CARTESIAN_POINT('',(28.5977727719387,44.3187881568189,0.));
#11755=CARTESIAN_POINT('',(28.5977727719387,51.7423562652407,1.));
#11756=CARTESIAN_POINT('',(28.5977727719387,51.7423562652407,0.));
#11757=CARTESIAN_POINT('',(28.5977727719387,51.7423562652407,1.));
#11758=CARTESIAN_POINT('Ctrl Pts',(28.6659867116054,52.936080539876,0.));
#11759=CARTESIAN_POINT('Ctrl Pts',(28.6659867116054,52.936080539876,1.));
#11760=CARTESIAN_POINT('Ctrl Pts',(28.6463002492171,52.7799338511566,0.));
#11761=CARTESIAN_POINT('Ctrl Pts',(28.6463002492171,52.7799338511566,1.));
#11762=CARTESIAN_POINT('Ctrl Pts',(28.5963603074823,52.383826293441,0.));
#11763=CARTESIAN_POINT('Ctrl Pts',(28.5963603074823,52.383826293441,1.));
#11764=CARTESIAN_POINT('Ctrl Pts',(28.5972399107179,51.9843549228344,0.));
#11765=CARTESIAN_POINT('Ctrl Pts',(28.5972399107179,51.9843549228344,1.));
#11766=CARTESIAN_POINT('Ctrl Pts',(28.5977727719387,51.7423562652407,0.));
#11767=CARTESIAN_POINT('Ctrl Pts',(28.5977727719387,51.7423562652407,1.));
#11768=CARTESIAN_POINT('',(28.6659867116054,52.936080539876,0.));
#11769=CARTESIAN_POINT('Ctrl Pts',(28.6659867116054,52.936080539876,0.));
#11770=CARTESIAN_POINT('Ctrl Pts',(28.6463002492171,52.7799338511566,0.));
#11771=CARTESIAN_POINT('Ctrl Pts',(28.5963603074823,52.383826293441,0.));
#11772=CARTESIAN_POINT('Ctrl Pts',(28.5972399107179,51.9843549228344,0.));
#11773=CARTESIAN_POINT('Ctrl Pts',(28.5977727719387,51.7423562652407,0.));
#11774=CARTESIAN_POINT('',(28.6659867116054,52.936080539876,1.));
#11775=CARTESIAN_POINT('',(28.6659867116054,52.936080539876,0.));
#11776=CARTESIAN_POINT('Ctrl Pts',(28.6659867116054,52.936080539876,1.));
#11777=CARTESIAN_POINT('Ctrl Pts',(28.6463002492171,52.7799338511566,1.));
#11778=CARTESIAN_POINT('Ctrl Pts',(28.5963603074823,52.383826293441,1.));
#11779=CARTESIAN_POINT('Ctrl Pts',(28.5972399107179,51.9843549228344,1.));
#11780=CARTESIAN_POINT('Ctrl Pts',(28.5977727719387,51.7423562652407,1.));
#11781=CARTESIAN_POINT('Ctrl Pts',(29.0479785748562,53.8433115131197,0.));
#11782=CARTESIAN_POINT('Ctrl Pts',(29.0479785748562,53.8433115131197,1.));
#11783=CARTESIAN_POINT('Ctrl Pts',(28.9632805449088,53.7071865369738,0.));
#11784=CARTESIAN_POINT('Ctrl Pts',(28.9632805449088,53.7071865369738,1.));
#11785=CARTESIAN_POINT('Ctrl Pts',(28.787847851518,53.4252346283182,0.));
#11786=CARTESIAN_POINT('Ctrl Pts',(28.787847851518,53.4252346283182,1.));
#11787=CARTESIAN_POINT('Ctrl Pts',(28.7075283553604,53.1028298817737,0.));
#11788=CARTESIAN_POINT('Ctrl Pts',(28.7075283553604,53.1028298817737,1.));
#11789=CARTESIAN_POINT('Ctrl Pts',(28.6659867116054,52.936080539876,0.));
#11790=CARTESIAN_POINT('Ctrl Pts',(28.6659867116054,52.936080539876,1.));
#11791=CARTESIAN_POINT('',(29.0479785748562,53.8433115131197,0.));
#11792=CARTESIAN_POINT('Ctrl Pts',(29.0479785748562,53.8433115131197,0.));
#11793=CARTESIAN_POINT('Ctrl Pts',(28.9632805449088,53.7071865369738,0.));
#11794=CARTESIAN_POINT('Ctrl Pts',(28.787847851518,53.4252346283182,0.));
#11795=CARTESIAN_POINT('Ctrl Pts',(28.7075283553604,53.1028298817737,0.));
#11796=CARTESIAN_POINT('Ctrl Pts',(28.6659867116054,52.936080539876,0.));
#11797=CARTESIAN_POINT('',(29.0479785748562,53.8433115131197,1.));
#11798=CARTESIAN_POINT('',(29.0479785748562,53.8433115131197,0.));
#11799=CARTESIAN_POINT('Ctrl Pts',(29.0479785748562,53.8433115131197,1.));
#11800=CARTESIAN_POINT('Ctrl Pts',(28.9632805449088,53.7071865369738,1.));
#11801=CARTESIAN_POINT('Ctrl Pts',(28.787847851518,53.4252346283182,1.));
#11802=CARTESIAN_POINT('Ctrl Pts',(28.7075283553604,53.1028298817737,1.));
#11803=CARTESIAN_POINT('Ctrl Pts',(28.6659867116054,52.936080539876,1.));
#11804=CARTESIAN_POINT('Ctrl Pts',(29.8733527012905,54.4572268373309,0.));
#11805=CARTESIAN_POINT('Ctrl Pts',(29.8733527012905,54.4572268373309,1.));
#11806=CARTESIAN_POINT('Ctrl Pts',(29.7042594340199,54.3782658476344,0.));
#11807=CARTESIAN_POINT('Ctrl Pts',(29.7042594340199,54.3782658476344,1.));
#11808=CARTESIAN_POINT('Ctrl Pts',(29.3864991537238,54.2298822565937,0.));
#11809=CARTESIAN_POINT('Ctrl Pts',(29.3864991537238,54.2298822565937,1.));
#11810=CARTESIAN_POINT('Ctrl Pts',(29.1558771563253,53.966525395708,0.));
#11811=CARTESIAN_POINT('Ctrl Pts',(29.1558771563253,53.966525395708,1.));
#11812=CARTESIAN_POINT('Ctrl Pts',(29.0479785748562,53.8433115131197,0.));
#11813=CARTESIAN_POINT('Ctrl Pts',(29.0479785748562,53.8433115131197,1.));
#11814=CARTESIAN_POINT('',(29.8733527012905,54.4572268373309,0.));
#11815=CARTESIAN_POINT('Ctrl Pts',(29.8733527012905,54.4572268373309,0.));
#11816=CARTESIAN_POINT('Ctrl Pts',(29.7042594340199,54.3782658476344,0.));
#11817=CARTESIAN_POINT('Ctrl Pts',(29.3864991537238,54.2298822565937,0.));
#11818=CARTESIAN_POINT('Ctrl Pts',(29.1558771563253,53.966525395708,0.));
#11819=CARTESIAN_POINT('Ctrl Pts',(29.0479785748562,53.8433115131197,0.));
#11820=CARTESIAN_POINT('',(29.8733527012905,54.4572268373309,1.));
#11821=CARTESIAN_POINT('',(29.8733527012905,54.4572268373309,0.));
#11822=CARTESIAN_POINT('Ctrl Pts',(29.8733527012905,54.4572268373309,1.));
#11823=CARTESIAN_POINT('Ctrl Pts',(29.7042594340199,54.3782658476344,1.));
#11824=CARTESIAN_POINT('Ctrl Pts',(29.3864991537238,54.2298822565937,1.));
#11825=CARTESIAN_POINT('Ctrl Pts',(29.1558771563253,53.966525395708,1.));
#11826=CARTESIAN_POINT('Ctrl Pts',(29.0479785748562,53.8433115131197,1.));
#11827=CARTESIAN_POINT('Ctrl Pts',(31.0738999196133,54.6959714538393,0.));
#11828=CARTESIAN_POINT('Ctrl Pts',(31.0738999196133,54.6959714538393,1.));
#11829=CARTESIAN_POINT('Ctrl Pts',(30.8625059073547,54.6870325989236,0.));
#11830=CARTESIAN_POINT('Ctrl Pts',(30.8625059073547,54.6870325989236,1.));
#11831=CARTESIAN_POINT('Ctrl Pts',(30.4498032023642,54.6695813496482,0.));
#11832=CARTESIAN_POINT('Ctrl Pts',(30.4498032023642,54.6695813496482,1.));
#11833=CARTESIAN_POINT('Ctrl Pts',(30.0623467447663,54.5268490127968,0.));
#11834=CARTESIAN_POINT('Ctrl Pts',(30.0623467447663,54.5268490127968,1.));
#11835=CARTESIAN_POINT('Ctrl Pts',(29.8733527012905,54.4572268373309,0.));
#11836=CARTESIAN_POINT('Ctrl Pts',(29.8733527012905,54.4572268373309,1.));
#11837=CARTESIAN_POINT('',(31.0738999196133,54.6959714538393,0.));
#11838=CARTESIAN_POINT('Ctrl Pts',(31.0738999196133,54.6959714538393,0.));
#11839=CARTESIAN_POINT('Ctrl Pts',(30.8625059073547,54.6870325989236,0.));
#11840=CARTESIAN_POINT('Ctrl Pts',(30.4498032023642,54.6695813496482,0.));
#11841=CARTESIAN_POINT('Ctrl Pts',(30.0623467447663,54.5268490127968,0.));
#11842=CARTESIAN_POINT('Ctrl Pts',(29.8733527012905,54.4572268373309,0.));
#11843=CARTESIAN_POINT('',(31.0738999196133,54.6959714538393,1.));
#11844=CARTESIAN_POINT('',(31.0738999196133,54.6959714538393,0.));
#11845=CARTESIAN_POINT('Ctrl Pts',(31.0738999196133,54.6959714538393,1.));
#11846=CARTESIAN_POINT('Ctrl Pts',(30.8625059073547,54.6870325989236,1.));
#11847=CARTESIAN_POINT('Ctrl Pts',(30.4498032023642,54.6695813496482,1.));
#11848=CARTESIAN_POINT('Ctrl Pts',(30.0623467447663,54.5268490127968,1.));
#11849=CARTESIAN_POINT('Ctrl Pts',(29.8733527012905,54.4572268373309,1.));
#11850=CARTESIAN_POINT('Ctrl Pts',(33.3794922181209,53.502247179204,0.));
#11851=CARTESIAN_POINT('Ctrl Pts',(33.3794922181209,53.502247179204,1.));
#11852=CARTESIAN_POINT('Ctrl Pts',(33.08033194452,53.8503959777751,0.));
#11853=CARTESIAN_POINT('Ctrl Pts',(33.08033194452,53.8503959777751,1.));
#11854=CARTESIAN_POINT('Ctrl Pts',(32.4731560479687,54.5569990182163,0.));
#11855=CARTESIAN_POINT('Ctrl Pts',(32.4731560479687,54.5569990182163,1.));
#11856=CARTESIAN_POINT('Ctrl Pts',(31.5448316741789,54.6491990784193,0.));
#11857=CARTESIAN_POINT('Ctrl Pts',(31.5448316741789,54.6491990784193,1.));
#11858=CARTESIAN_POINT('Ctrl Pts',(31.0738999196133,54.6959714538393,0.));
#11859=CARTESIAN_POINT('Ctrl Pts',(31.0738999196133,54.6959714538393,1.));
#11860=CARTESIAN_POINT('',(33.3794922181209,53.502247179204,0.));
#11861=CARTESIAN_POINT('Ctrl Pts',(33.3794922181209,53.502247179204,0.));
#11862=CARTESIAN_POINT('Ctrl Pts',(33.08033194452,53.8503959777751,0.));
#11863=CARTESIAN_POINT('Ctrl Pts',(32.4731560479687,54.5569990182163,0.));
#11864=CARTESIAN_POINT('Ctrl Pts',(31.5448316741789,54.6491990784193,0.));
#11865=CARTESIAN_POINT('Ctrl Pts',(31.0738999196133,54.6959714538393,0.));
#11866=CARTESIAN_POINT('',(33.3794922181209,53.502247179204,1.));
#11867=CARTESIAN_POINT('',(33.3794922181209,53.502247179204,0.));
#11868=CARTESIAN_POINT('Ctrl Pts',(33.3794922181209,53.502247179204,1.));
#11869=CARTESIAN_POINT('Ctrl Pts',(33.08033194452,53.8503959777751,1.));
#11870=CARTESIAN_POINT('Ctrl Pts',(32.4731560479687,54.5569990182163,1.));
#11871=CARTESIAN_POINT('Ctrl Pts',(31.5448316741789,54.6491990784193,1.));
#11872=CARTESIAN_POINT('Ctrl Pts',(31.0738999196133,54.6959714538393,1.));
#11873=CARTESIAN_POINT('Origin',(33.3794922181209,54.5322607404528,0.));
#11874=CARTESIAN_POINT('',(33.3794922181209,54.5322607404528,0.));
#11875=CARTESIAN_POINT('',(33.3794922181209,45.713740394425,0.));
#11876=CARTESIAN_POINT('',(33.3794922181209,54.5322607404528,1.));
#11877=CARTESIAN_POINT('',(33.3794922181209,54.5322607404528,0.));
#11878=CARTESIAN_POINT('',(33.3794922181209,54.5322607404528,1.));
#11879=CARTESIAN_POINT('Origin',(34.4845408745846,54.5322607404528,0.));
#11880=CARTESIAN_POINT('',(34.4845408745846,54.5322607404528,0.));
#11881=CARTESIAN_POINT('',(25.5040534147394,54.5322607404528,0.));
#11882=CARTESIAN_POINT('',(34.4845408745846,54.5322607404528,1.));
#11883=CARTESIAN_POINT('',(34.4845408745846,54.5322607404528,0.));
#11884=CARTESIAN_POINT('',(34.4845408745846,54.5322607404528,1.));
#11885=CARTESIAN_POINT('Origin',(34.4845408745846,47.288058841878,0.));
#11886=CARTESIAN_POINT('',(34.4845408745846,47.288058841878,0.));
#11887=CARTESIAN_POINT('',(34.4845408745846,42.0916394451376,0.));
#11888=CARTESIAN_POINT('',(34.4845408745846,47.288058841878,1.));
#11889=CARTESIAN_POINT('',(34.4845408745846,47.288058841878,0.));
#11890=CARTESIAN_POINT('',(34.4845408745846,47.288058841878,1.));
#11891=CARTESIAN_POINT('Origin',(33.2567102261623,47.288058841878,0.));
#11892=CARTESIAN_POINT('',(24.8901380905283,47.288058841878,0.));
#11893=CARTESIAN_POINT('',(33.2567102261623,47.288058841878,1.));
#11894=CARTESIAN_POINT('Origin',(32.833790274783,36.599108422452,1.));
#11895=CARTESIAN_POINT('Origin',(48.1475696512302,56.1079768783389,0.));
#11896=CARTESIAN_POINT('',(48.1475696512302,56.1079768783389,0.));
#11897=CARTESIAN_POINT('',(50.1462053307136,56.1079768783389,0.));
#11898=CARTESIAN_POINT('',(32.3355678030622,56.1079768783389,0.));
#11899=CARTESIAN_POINT('',(48.1475696512302,56.1079768783389,1.));
#11900=CARTESIAN_POINT('',(48.1475696512302,56.1079768783389,0.));
#11901=CARTESIAN_POINT('',(50.1462053307136,56.1079768783389,1.));
#11902=CARTESIAN_POINT('',(48.1475696512302,56.1079768783389,1.));
#11903=CARTESIAN_POINT('',(50.1462053307136,56.1079768783389,0.));
#11904=CARTESIAN_POINT('Ctrl Pts',(46.6264236517986,55.9647302276431,0.));
#11905=CARTESIAN_POINT('Ctrl Pts',(46.6264236517986,55.9647302276431,1.));
#11906=CARTESIAN_POINT('Ctrl Pts',(46.8264809066533,56.00610756912,0.));
#11907=CARTESIAN_POINT('Ctrl Pts',(46.8264809066533,56.00610756912,1.));
#11908=CARTESIAN_POINT('Ctrl Pts',(47.3274844507073,56.1097288786221,0.));
#11909=CARTESIAN_POINT('Ctrl Pts',(47.3274844507073,56.1097288786221,1.));
#11910=CARTESIAN_POINT('Ctrl Pts',(47.8398177349745,56.1086343483726,0.));
#11911=CARTESIAN_POINT('Ctrl Pts',(47.8398177349745,56.1086343483726,1.));
#11912=CARTESIAN_POINT('Ctrl Pts',(48.1475696512302,56.1079768783389,0.));
#11913=CARTESIAN_POINT('Ctrl Pts',(48.1475696512302,56.1079768783389,1.));
#11914=CARTESIAN_POINT('',(46.6264236517986,55.9647302276431,0.));
#11915=CARTESIAN_POINT('Ctrl Pts',(46.6264236517986,55.9647302276431,0.));
#11916=CARTESIAN_POINT('Ctrl Pts',(46.8264809066533,56.00610756912,0.));
#11917=CARTESIAN_POINT('Ctrl Pts',(47.3274844507073,56.1097288786221,0.));
#11918=CARTESIAN_POINT('Ctrl Pts',(47.8398177349745,56.1086343483726,0.));
#11919=CARTESIAN_POINT('Ctrl Pts',(48.1475696512302,56.1079768783389,0.));
#11920=CARTESIAN_POINT('',(46.6264236517986,55.9647302276431,1.));
#11921=CARTESIAN_POINT('',(46.6264236517986,55.9647302276431,0.));
#11922=CARTESIAN_POINT('Ctrl Pts',(46.6264236517986,55.9647302276431,1.));
#11923=CARTESIAN_POINT('Ctrl Pts',(46.8264809066533,56.00610756912,1.));
#11924=CARTESIAN_POINT('Ctrl Pts',(47.3274844507073,56.1097288786221,1.));
#11925=CARTESIAN_POINT('Ctrl Pts',(47.8398177349745,56.1086343483726,1.));
#11926=CARTESIAN_POINT('Ctrl Pts',(48.1475696512302,56.1079768783389,1.));
#11927=CARTESIAN_POINT('Ctrl Pts',(45.9442955800136,55.4463128692446,0.));
#11928=CARTESIAN_POINT('Ctrl Pts',(45.9442955800136,55.4463128692446,1.));
#11929=CARTESIAN_POINT('Ctrl Pts',(46.0329928726934,55.5635911401234,0.));
#11930=CARTESIAN_POINT('Ctrl Pts',(46.0329928726934,55.5635911401234,1.));
#11931=CARTESIAN_POINT('Ctrl Pts',(46.2118335841959,55.8000597940594,0.));
#11932=CARTESIAN_POINT('Ctrl Pts',(46.2118335841959,55.8000597940594,1.));
#11933=CARTESIAN_POINT('Ctrl Pts',(46.4874839825383,55.9095449799323,0.));
#11934=CARTESIAN_POINT('Ctrl Pts',(46.4874839825383,55.9095449799323,1.));
#11935=CARTESIAN_POINT('Ctrl Pts',(46.6264236517986,55.9647302276431,0.));
#11936=CARTESIAN_POINT('Ctrl Pts',(46.6264236517986,55.9647302276431,1.));
#11937=CARTESIAN_POINT('',(45.9442955800136,55.4463128692446,0.));
#11938=CARTESIAN_POINT('Ctrl Pts',(45.9442955800136,55.4463128692446,0.));
#11939=CARTESIAN_POINT('Ctrl Pts',(46.0329928726934,55.5635911401234,0.));
#11940=CARTESIAN_POINT('Ctrl Pts',(46.2118335841959,55.8000597940594,0.));
#11941=CARTESIAN_POINT('Ctrl Pts',(46.4874839825383,55.9095449799323,0.));
#11942=CARTESIAN_POINT('Ctrl Pts',(46.6264236517986,55.9647302276431,0.));
#11943=CARTESIAN_POINT('',(45.9442955800136,55.4463128692446,1.));
#11944=CARTESIAN_POINT('',(45.9442955800136,55.4463128692446,0.));
#11945=CARTESIAN_POINT('Ctrl Pts',(45.9442955800136,55.4463128692446,1.));
#11946=CARTESIAN_POINT('Ctrl Pts',(46.0329928726934,55.5635911401234,1.));
#11947=CARTESIAN_POINT('Ctrl Pts',(46.2118335841959,55.8000597940594,1.));
#11948=CARTESIAN_POINT('Ctrl Pts',(46.4874839825383,55.9095449799323,1.));
#11949=CARTESIAN_POINT('Ctrl Pts',(46.6264236517986,55.9647302276431,1.));
#11950=CARTESIAN_POINT('Ctrl Pts',(45.7055503674587,54.5731882697878,0.));
#11951=CARTESIAN_POINT('Ctrl Pts',(45.7055503674587,54.5731882697878,1.));
#11952=CARTESIAN_POINT('Ctrl Pts',(45.7142487437884,54.7320551705259,0.));
#11953=CARTESIAN_POINT('Ctrl Pts',(45.7142487437884,54.7320551705259,1.));
#11954=CARTESIAN_POINT('Ctrl Pts',(45.7311387061253,55.040532967799,0.));
#11955=CARTESIAN_POINT('Ctrl Pts',(45.7311387061253,55.040532967799,1.));
#11956=CARTESIAN_POINT('Ctrl Pts',(45.8746789502297,55.313785924852,0.));
#11957=CARTESIAN_POINT('Ctrl Pts',(45.8746789502297,55.313785924852,1.));
#11958=CARTESIAN_POINT('Ctrl Pts',(45.9442955800136,55.4463128692446,0.));
#11959=CARTESIAN_POINT('Ctrl Pts',(45.9442955800136,55.4463128692446,1.));
#11960=CARTESIAN_POINT('',(45.7055503674587,54.5731882697878,0.));
#11961=CARTESIAN_POINT('Ctrl Pts',(45.7055503674587,54.5731882697878,0.));
#11962=CARTESIAN_POINT('Ctrl Pts',(45.7142487437884,54.7320551705259,0.));
#11963=CARTESIAN_POINT('Ctrl Pts',(45.7311387061253,55.040532967799,0.));
#11964=CARTESIAN_POINT('Ctrl Pts',(45.8746789502297,55.313785924852,0.));
#11965=CARTESIAN_POINT('Ctrl Pts',(45.9442955800136,55.4463128692446,0.));
#11966=CARTESIAN_POINT('',(45.7055503674587,54.5731882697878,1.));
#11967=CARTESIAN_POINT('',(45.7055503674587,54.5731882697878,0.));
#11968=CARTESIAN_POINT('Ctrl Pts',(45.7055503674587,54.5731882697878,1.));
#11969=CARTESIAN_POINT('Ctrl Pts',(45.7142487437884,54.7320551705259,1.));
#11970=CARTESIAN_POINT('Ctrl Pts',(45.7311387061253,55.040532967799,1.));
#11971=CARTESIAN_POINT('Ctrl Pts',(45.8746789502297,55.313785924852,1.));
#11972=CARTESIAN_POINT('Ctrl Pts',(45.9442955800136,55.4463128692446,1.));
#11973=CARTESIAN_POINT('Ctrl Pts',(45.9647590466579,53.7000642663775,0.));
#11974=CARTESIAN_POINT('Ctrl Pts',(45.9647590466579,53.7000642663775,1.));
#11975=CARTESIAN_POINT('Ctrl Pts',(45.8892108940768,53.8275159970714,0.));
#11976=CARTESIAN_POINT('Ctrl Pts',(45.8892108940768,53.8275159970714,1.));
#11977=CARTESIAN_POINT('Ctrl Pts',(45.7299192300238,54.0962452455708,0.));
#11978=CARTESIAN_POINT('Ctrl Pts',(45.7299192300238,54.0962452455708,1.));
#11979=CARTESIAN_POINT('Ctrl Pts',(45.7139472347738,54.4088462829389,0.));
#11980=CARTESIAN_POINT('Ctrl Pts',(45.7139472347738,54.4088462829389,1.));
#11981=CARTESIAN_POINT('Ctrl Pts',(45.7055503674587,54.5731882697878,0.));
#11982=CARTESIAN_POINT('Ctrl Pts',(45.7055503674587,54.5731882697878,1.));
#11983=CARTESIAN_POINT('',(45.9647590466579,53.7000642663775,0.));
#11984=CARTESIAN_POINT('Ctrl Pts',(45.9647590466579,53.7000642663775,0.));
#11985=CARTESIAN_POINT('Ctrl Pts',(45.8892108940768,53.8275159970714,0.));
#11986=CARTESIAN_POINT('Ctrl Pts',(45.7299192300238,54.0962452455708,0.));
#11987=CARTESIAN_POINT('Ctrl Pts',(45.7139472347738,54.4088462829389,0.));
#11988=CARTESIAN_POINT('Ctrl Pts',(45.7055503674587,54.5731882697878,0.));
#11989=CARTESIAN_POINT('',(45.9647590466579,53.7000642663775,1.));
#11990=CARTESIAN_POINT('',(45.9647590466579,53.7000642663775,0.));
#11991=CARTESIAN_POINT('Ctrl Pts',(45.9647590466579,53.7000642663775,1.));
#11992=CARTESIAN_POINT('Ctrl Pts',(45.8892108940768,53.8275159970714,1.));
#11993=CARTESIAN_POINT('Ctrl Pts',(45.7299192300238,54.0962452455708,1.));
#11994=CARTESIAN_POINT('Ctrl Pts',(45.7139472347738,54.4088462829389,1.));
#11995=CARTESIAN_POINT('Ctrl Pts',(45.7055503674587,54.5731882697878,1.));
#11996=CARTESIAN_POINT('Ctrl Pts',(46.7219216176113,53.2021109706698,0.));
#11997=CARTESIAN_POINT('Ctrl Pts',(46.7219216176113,53.2021109706698,1.));
#11998=CARTESIAN_POINT('Ctrl Pts',(46.5668201577253,53.2568807412023,0.));
#11999=CARTESIAN_POINT('Ctrl Pts',(46.5668201577253,53.2568807412023,1.));
#12000=CARTESIAN_POINT('Ctrl Pts',(46.2727408066642,53.3607266920256,0.));
#12001=CARTESIAN_POINT('Ctrl Pts',(46.2727408066642,53.3607266920256,1.));
#12002=CARTESIAN_POINT('Ctrl Pts',(46.063597378757,53.5911631422758,0.));
#12003=CARTESIAN_POINT('Ctrl Pts',(46.063597378757,53.5911631422758,1.));
#12004=CARTESIAN_POINT('Ctrl Pts',(45.9647590466579,53.7000642663775,0.));
#12005=CARTESIAN_POINT('Ctrl Pts',(45.9647590466579,53.7000642663775,1.));
#12006=CARTESIAN_POINT('',(46.7219216176113,53.2021109706698,0.));
#12007=CARTESIAN_POINT('Ctrl Pts',(46.7219216176113,53.2021109706698,0.));
#12008=CARTESIAN_POINT('Ctrl Pts',(46.5668201577253,53.2568807412023,0.));
#12009=CARTESIAN_POINT('Ctrl Pts',(46.2727408066642,53.3607266920256,0.));
#12010=CARTESIAN_POINT('Ctrl Pts',(46.063597378757,53.5911631422758,0.));
#12011=CARTESIAN_POINT('Ctrl Pts',(45.9647590466579,53.7000642663775,0.));
#12012=CARTESIAN_POINT('',(46.7219216176113,53.2021109706698,1.));
#12013=CARTESIAN_POINT('',(46.7219216176113,53.2021109706698,0.));
#12014=CARTESIAN_POINT('Ctrl Pts',(46.7219216176113,53.2021109706698,1.));
#12015=CARTESIAN_POINT('Ctrl Pts',(46.5668201577253,53.2568807412023,1.));
#12016=CARTESIAN_POINT('Ctrl Pts',(46.2727408066642,53.3607266920256,1.));
#12017=CARTESIAN_POINT('Ctrl Pts',(46.063597378757,53.5911631422758,1.));
#12018=CARTESIAN_POINT('Ctrl Pts',(45.9647590466579,53.7000642663775,1.));
#12019=CARTESIAN_POINT('Ctrl Pts',(47.9838589378437,53.0861489421664,0.));
#12020=CARTESIAN_POINT('Ctrl Pts',(47.9838589378437,53.0861489421664,1.));
#12021=CARTESIAN_POINT('Ctrl Pts',(47.7310130398032,53.0859937259548,0.));
#12022=CARTESIAN_POINT('Ctrl Pts',(47.7310130398032,53.0859937259548,1.));
#12023=CARTESIAN_POINT('Ctrl Pts',(47.3062973188446,53.0857330028595,0.));
#12024=CARTESIAN_POINT('Ctrl Pts',(47.3062973188446,53.0857330028595,1.));
#12025=CARTESIAN_POINT('Ctrl Pts',(46.8902739173267,53.1685837407119,0.));
#12026=CARTESIAN_POINT('Ctrl Pts',(46.8902739173267,53.1685837407119,1.));
#12027=CARTESIAN_POINT('Ctrl Pts',(46.7219216176113,53.2021109706698,0.));
#12028=CARTESIAN_POINT('Ctrl Pts',(46.7219216176113,53.2021109706698,1.));
#12029=CARTESIAN_POINT('',(47.9838589378437,53.0861489421664,0.));
#12030=CARTESIAN_POINT('Ctrl Pts',(47.9838589378437,53.0861489421664,0.));
#12031=CARTESIAN_POINT('Ctrl Pts',(47.7310130398032,53.0859937259548,0.));
#12032=CARTESIAN_POINT('Ctrl Pts',(47.3062973188446,53.0857330028595,0.));
#12033=CARTESIAN_POINT('Ctrl Pts',(46.8902739173267,53.1685837407119,0.));
#12034=CARTESIAN_POINT('Ctrl Pts',(46.7219216176113,53.2021109706698,0.));
#12035=CARTESIAN_POINT('',(47.9838589378437,53.0861489421664,1.));
#12036=CARTESIAN_POINT('',(47.9838589378437,53.0861489421664,0.));
#12037=CARTESIAN_POINT('Ctrl Pts',(47.9838589378437,53.0861489421664,1.));
#12038=CARTESIAN_POINT('Ctrl Pts',(47.7310130398032,53.0859937259548,1.));
#12039=CARTESIAN_POINT('Ctrl Pts',(47.3062973188446,53.0857330028595,1.));
#12040=CARTESIAN_POINT('Ctrl Pts',(46.8902739173267,53.1685837407119,1.));
#12041=CARTESIAN_POINT('Ctrl Pts',(46.7219216176113,53.2021109706698,1.));
#12042=CARTESIAN_POINT('Origin',(50.1462053307136,53.0861489421664,0.));
#12043=CARTESIAN_POINT('',(50.1462053307136,53.0861489421664,0.));
#12044=CARTESIAN_POINT('',(33.3348856428039,53.0861489421664,0.));
#12045=CARTESIAN_POINT('',(50.1462053307136,53.0861489421664,1.));
#12046=CARTESIAN_POINT('',(50.1462053307136,53.0861489421664,0.));
#12047=CARTESIAN_POINT('',(50.1462053307136,53.0861489421664,1.));
#12048=CARTESIAN_POINT('Origin',(50.1462053307136,56.1079768783389,0.));
#12049=CARTESIAN_POINT('',(50.1462053307136,46.501598463368,0.));
#12050=CARTESIAN_POINT('',(50.1462053307136,56.1079768783389,1.));
#12051=CARTESIAN_POINT('Origin',(47.8337905355533,51.9060669786273,0.));
#12052=CARTESIAN_POINT('',(47.8337905355533,51.9060669786273,0.));
#12053=CARTESIAN_POINT('',(50.1462053307136,51.9060669786273,0.));
#12054=CARTESIAN_POINT('',(32.1786782452238,51.9060669786273,0.));
#12055=CARTESIAN_POINT('',(47.8337905355533,51.9060669786273,1.));
#12056=CARTESIAN_POINT('',(47.8337905355533,51.9060669786273,0.));
#12057=CARTESIAN_POINT('',(50.1462053307136,51.9060669786273,1.));
#12058=CARTESIAN_POINT('',(47.8337905355533,51.9060669786273,1.));
#12059=CARTESIAN_POINT('',(50.1462053307136,51.9060669786273,0.));
#12060=CARTESIAN_POINT('Ctrl Pts',(46.3740361281475,51.7355351096926,0.));
#12061=CARTESIAN_POINT('Ctrl Pts',(46.3740361281475,51.7355351096926,1.));
#12062=CARTESIAN_POINT('Ctrl Pts',(46.5789344963697,51.7850141810611,0.));
#12063=CARTESIAN_POINT('Ctrl Pts',(46.5789344963697,51.7850141810611,1.));
#12064=CARTESIAN_POINT('Ctrl Pts',(47.0579810156525,51.9006948334845,0.));
#12065=CARTESIAN_POINT('Ctrl Pts',(47.0579810156525,51.9006948334845,1.));
#12066=CARTESIAN_POINT('Ctrl Pts',(47.5514110208934,51.9041116227065,0.));
#12067=CARTESIAN_POINT('Ctrl Pts',(47.5514110208934,51.9041116227065,1.));
#12068=CARTESIAN_POINT('Ctrl Pts',(47.8337905355533,51.9060669786273,0.));
#12069=CARTESIAN_POINT('Ctrl Pts',(47.8337905355533,51.9060669786273,1.));
#12070=CARTESIAN_POINT('',(46.3740361281475,51.7355351096926,0.));
#12071=CARTESIAN_POINT('Ctrl Pts',(46.3740361281475,51.7355351096926,0.));
#12072=CARTESIAN_POINT('Ctrl Pts',(46.5789344963697,51.7850141810611,0.));
#12073=CARTESIAN_POINT('Ctrl Pts',(47.0579810156525,51.9006948334845,0.));
#12074=CARTESIAN_POINT('Ctrl Pts',(47.5514110208934,51.9041116227065,0.));
#12075=CARTESIAN_POINT('Ctrl Pts',(47.8337905355533,51.9060669786273,0.));
#12076=CARTESIAN_POINT('',(46.3740361281475,51.7355351096926,1.));
#12077=CARTESIAN_POINT('',(46.3740361281475,51.7355351096926,0.));
#12078=CARTESIAN_POINT('Ctrl Pts',(46.3740361281475,51.7355351096926,1.));
#12079=CARTESIAN_POINT('Ctrl Pts',(46.5789344963697,51.7850141810611,1.));
#12080=CARTESIAN_POINT('Ctrl Pts',(47.0579810156525,51.9006948334845,1.));
#12081=CARTESIAN_POINT('Ctrl Pts',(47.5514110208934,51.9041116227065,1.));
#12082=CARTESIAN_POINT('Ctrl Pts',(47.8337905355533,51.9060669786273,1.));
#12083=CARTESIAN_POINT('Ctrl Pts',(45.5759460278591,51.155725563222,0.));
#12084=CARTESIAN_POINT('Ctrl Pts',(45.5759460278591,51.155725563222,1.));
#12085=CARTESIAN_POINT('Ctrl Pts',(45.682200097787,51.2843420827804,0.));
#12086=CARTESIAN_POINT('Ctrl Pts',(45.682200097787,51.2843420827804,1.));
#12087=CARTESIAN_POINT('Ctrl Pts',(45.898303040248,51.5459264940364,0.));
#12088=CARTESIAN_POINT('Ctrl Pts',(45.898303040248,51.5459264940364,1.));
#12089=CARTESIAN_POINT('Ctrl Pts',(46.2137095371347,51.6716351965942,0.));
#12090=CARTESIAN_POINT('Ctrl Pts',(46.2137095371347,51.6716351965942,1.));
#12091=CARTESIAN_POINT('Ctrl Pts',(46.3740361281475,51.7355351096926,0.));
#12092=CARTESIAN_POINT('Ctrl Pts',(46.3740361281475,51.7355351096926,1.));
#12093=CARTESIAN_POINT('',(45.5759460278591,51.155725563222,0.));
#12094=CARTESIAN_POINT('Ctrl Pts',(45.5759460278591,51.155725563222,0.));
#12095=CARTESIAN_POINT('Ctrl Pts',(45.682200097787,51.2843420827804,0.));
#12096=CARTESIAN_POINT('Ctrl Pts',(45.898303040248,51.5459264940364,0.));
#12097=CARTESIAN_POINT('Ctrl Pts',(46.2137095371347,51.6716351965942,0.));
#12098=CARTESIAN_POINT('Ctrl Pts',(46.3740361281475,51.7355351096926,0.));
#12099=CARTESIAN_POINT('',(45.5759460278591,51.155725563222,1.));
#12100=CARTESIAN_POINT('',(45.5759460278591,51.155725563222,0.));
#12101=CARTESIAN_POINT('Ctrl Pts',(45.5759460278591,51.155725563222,1.));
#12102=CARTESIAN_POINT('Ctrl Pts',(45.682200097787,51.2843420827804,1.));
#12103=CARTESIAN_POINT('Ctrl Pts',(45.898303040248,51.5459264940364,1.));
#12104=CARTESIAN_POINT('Ctrl Pts',(46.2137095371347,51.6716351965942,1.));
#12105=CARTESIAN_POINT('Ctrl Pts',(46.3740361281475,51.7355351096926,1.));
#12106=CARTESIAN_POINT('Ctrl Pts',(45.2894521304211,50.187103593999,0.));
#12107=CARTESIAN_POINT('Ctrl Pts',(45.2894521304211,50.187103593999,1.));
#12108=CARTESIAN_POINT('Ctrl Pts',(45.2998766257133,50.365094078741,0.));
#12109=CARTESIAN_POINT('Ctrl Pts',(45.2998766257133,50.365094078741,1.));
#12110=CARTESIAN_POINT('Ctrl Pts',(45.3201131956214,50.7106184217889,0.));
#12111=CARTESIAN_POINT('Ctrl Pts',(45.3201131956214,50.7106184217889,1.));
#12112=CARTESIAN_POINT('Ctrl Pts',(45.492406457976,51.0103804219358,0.));
#12113=CARTESIAN_POINT('Ctrl Pts',(45.492406457976,51.0103804219358,1.));
#12114=CARTESIAN_POINT('Ctrl Pts',(45.5759460278591,51.155725563222,0.));
#12115=CARTESIAN_POINT('Ctrl Pts',(45.5759460278591,51.155725563222,1.));
#12116=CARTESIAN_POINT('',(45.2894521304211,50.187103593999,0.));
#12117=CARTESIAN_POINT('Ctrl Pts',(45.2894521304211,50.187103593999,0.));
#12118=CARTESIAN_POINT('Ctrl Pts',(45.2998766257133,50.365094078741,0.));
#12119=CARTESIAN_POINT('Ctrl Pts',(45.3201131956214,50.7106184217889,0.));
#12120=CARTESIAN_POINT('Ctrl Pts',(45.492406457976,51.0103804219358,0.));
#12121=CARTESIAN_POINT('Ctrl Pts',(45.5759460278591,51.155725563222,0.));
#12122=CARTESIAN_POINT('',(45.2894521304211,50.187103593999,1.));
#12123=CARTESIAN_POINT('',(45.2894521304211,50.187103593999,0.));
#12124=CARTESIAN_POINT('Ctrl Pts',(45.2894521304211,50.187103593999,1.));
#12125=CARTESIAN_POINT('Ctrl Pts',(45.2998766257133,50.365094078741,1.));
#12126=CARTESIAN_POINT('Ctrl Pts',(45.3201131956214,50.7106184217889,1.));
#12127=CARTESIAN_POINT('Ctrl Pts',(45.492406457976,51.0103804219358,1.));
#12128=CARTESIAN_POINT('Ctrl Pts',(45.5759460278591,51.155725563222,1.));
#12129=CARTESIAN_POINT('Ctrl Pts',(45.4872692175945,49.3412648088274,0.));
#12130=CARTESIAN_POINT('Ctrl Pts',(45.4872692175945,49.3412648088274,1.));
#12131=CARTESIAN_POINT('Ctrl Pts',(45.4295918900305,49.4711823575273,0.));
#12132=CARTESIAN_POINT('Ctrl Pts',(45.4295918900305,49.4711823575273,1.));
#12133=CARTESIAN_POINT('Ctrl Pts',(45.3100912536433,49.7403562323097,0.));
#12134=CARTESIAN_POINT('Ctrl Pts',(45.3100912536433,49.7403562323097,1.));
#12135=CARTESIAN_POINT('Ctrl Pts',(45.2964891430303,50.0347828396958,0.));
#12136=CARTESIAN_POINT('Ctrl Pts',(45.2964891430303,50.0347828396958,1.));
#12137=CARTESIAN_POINT('Ctrl Pts',(45.2894521304211,50.187103593999,0.));
#12138=CARTESIAN_POINT('Ctrl Pts',(45.2894521304211,50.187103593999,1.));
#12139=CARTESIAN_POINT('',(45.4872692175945,49.3412648088274,0.));
#12140=CARTESIAN_POINT('Ctrl Pts',(45.4872692175945,49.3412648088274,0.));
#12141=CARTESIAN_POINT('Ctrl Pts',(45.4295918900305,49.4711823575273,0.));
#12142=CARTESIAN_POINT('Ctrl Pts',(45.3100912536433,49.7403562323097,0.));
#12143=CARTESIAN_POINT('Ctrl Pts',(45.2964891430303,50.0347828396958,0.));
#12144=CARTESIAN_POINT('Ctrl Pts',(45.2894521304211,50.187103593999,0.));
#12145=CARTESIAN_POINT('',(45.4872692175945,49.3412648088274,1.));
#12146=CARTESIAN_POINT('',(45.4872692175945,49.3412648088274,0.));
#12147=CARTESIAN_POINT('Ctrl Pts',(45.4872692175945,49.3412648088274,1.));
#12148=CARTESIAN_POINT('Ctrl Pts',(45.4295918900305,49.4711823575273,1.));
#12149=CARTESIAN_POINT('Ctrl Pts',(45.3100912536433,49.7403562323097,1.));
#12150=CARTESIAN_POINT('Ctrl Pts',(45.2964891430303,50.0347828396958,1.));
#12151=CARTESIAN_POINT('Ctrl Pts',(45.2894521304211,50.187103593999,1.));
#12152=CARTESIAN_POINT('Ctrl Pts',(45.9920442648968,48.7887404805956,0.));
#12153=CARTESIAN_POINT('Ctrl Pts',(45.9920442648968,48.7887404805956,1.));
#12154=CARTESIAN_POINT('Ctrl Pts',(45.8932256478429,48.8614595134113,0.));
#12155=CARTESIAN_POINT('Ctrl Pts',(45.8932256478429,48.8614595134113,1.));
#12156=CARTESIAN_POINT('Ctrl Pts',(45.6885586505464,49.0120706688433,0.));
#12157=CARTESIAN_POINT('Ctrl Pts',(45.6885586505464,49.0120706688433,1.));
#12158=CARTESIAN_POINT('Ctrl Pts',(45.5558846936033,49.2290492181574,0.));
#12159=CARTESIAN_POINT('Ctrl Pts',(45.5558846936033,49.2290492181574,1.));
#12160=CARTESIAN_POINT('Ctrl Pts',(45.4872692175945,49.3412648088274,0.));
#12161=CARTESIAN_POINT('Ctrl Pts',(45.4872692175945,49.3412648088274,1.));
#12162=CARTESIAN_POINT('',(45.9920442648968,48.7887404805956,0.));
#12163=CARTESIAN_POINT('Ctrl Pts',(45.9920442648968,48.7887404805956,0.));
#12164=CARTESIAN_POINT('Ctrl Pts',(45.8932256478429,48.8614595134113,0.));
#12165=CARTESIAN_POINT('Ctrl Pts',(45.6885586505464,49.0120706688433,0.));
#12166=CARTESIAN_POINT('Ctrl Pts',(45.5558846936033,49.2290492181574,0.));
#12167=CARTESIAN_POINT('Ctrl Pts',(45.4872692175945,49.3412648088274,0.));
#12168=CARTESIAN_POINT('',(45.9920442648968,48.7887404805956,1.));
#12169=CARTESIAN_POINT('',(45.9920442648968,48.7887404805956,0.));
#12170=CARTESIAN_POINT('Ctrl Pts',(45.9920442648968,48.7887404805956,1.));
#12171=CARTESIAN_POINT('Ctrl Pts',(45.8932256478429,48.8614595134113,1.));
#12172=CARTESIAN_POINT('Ctrl Pts',(45.6885586505464,49.0120706688433,1.));
#12173=CARTESIAN_POINT('Ctrl Pts',(45.5558846936033,49.2290492181574,1.));
#12174=CARTESIAN_POINT('Ctrl Pts',(45.4872692175945,49.3412648088274,1.));
#12175=CARTESIAN_POINT('Ctrl Pts',(46.7560279913982,48.5158894903002,0.));
#12176=CARTESIAN_POINT('Ctrl Pts',(46.7560279913982,48.5158894903002,1.));
#12177=CARTESIAN_POINT('Ctrl Pts',(46.6137093498897,48.5454499294327,0.));
#12178=CARTESIAN_POINT('Ctrl Pts',(46.6137093498897,48.5454499294327,1.));
#12179=CARTESIAN_POINT('Ctrl Pts',(46.3461698043431,48.6010195046328,0.));
#12180=CARTESIAN_POINT('Ctrl Pts',(46.3461698043431,48.6010195046328,1.));
#12181=CARTESIAN_POINT('Ctrl Pts',(46.1049474867954,48.7288907927214,0.));
#12182=CARTESIAN_POINT('Ctrl Pts',(46.1049474867954,48.7288907927214,1.));
#12183=CARTESIAN_POINT('Ctrl Pts',(45.9920442648968,48.7887404805956,0.));
#12184=CARTESIAN_POINT('Ctrl Pts',(45.9920442648968,48.7887404805956,1.));
#12185=CARTESIAN_POINT('',(46.7560279913982,48.5158894903002,0.));
#12186=CARTESIAN_POINT('Ctrl Pts',(46.7560279913982,48.5158894903002,0.));
#12187=CARTESIAN_POINT('Ctrl Pts',(46.6137093498897,48.5454499294327,0.));
#12188=CARTESIAN_POINT('Ctrl Pts',(46.3461698043431,48.6010195046328,0.));
#12189=CARTESIAN_POINT('Ctrl Pts',(46.1049474867954,48.7288907927214,0.));
#12190=CARTESIAN_POINT('Ctrl Pts',(45.9920442648968,48.7887404805956,0.));
#12191=CARTESIAN_POINT('',(46.7560279913982,48.5158894903002,1.));
#12192=CARTESIAN_POINT('',(46.7560279913982,48.5158894903002,0.));
#12193=CARTESIAN_POINT('Ctrl Pts',(46.7560279913982,48.5158894903002,1.));
#12194=CARTESIAN_POINT('Ctrl Pts',(46.6137093498897,48.5454499294327,1.));
#12195=CARTESIAN_POINT('Ctrl Pts',(46.3461698043431,48.6010195046328,1.));
#12196=CARTESIAN_POINT('Ctrl Pts',(46.1049474867954,48.7288907927214,1.));
#12197=CARTESIAN_POINT('Ctrl Pts',(45.9920442648968,48.7887404805956,1.));
#12198=CARTESIAN_POINT('Ctrl Pts',(47.6564372130474,48.4681402093707,0.));
#12199=CARTESIAN_POINT('Ctrl Pts',(47.6564372130474,48.4681402093707,1.));
#12200=CARTESIAN_POINT('Ctrl Pts',(47.474271157591,48.467794472182,0.));
#12201=CARTESIAN_POINT('Ctrl Pts',(47.474271157591,48.467794472182,1.));
#12202=CARTESIAN_POINT('Ctrl Pts',(47.1731236485296,48.4672229173283,0.));
#12203=CARTESIAN_POINT('Ctrl Pts',(47.1731236485296,48.4672229173283,1.));
#12204=CARTESIAN_POINT('Ctrl Pts',(46.8741504061512,48.5021070089464,0.));
#12205=CARTESIAN_POINT('Ctrl Pts',(46.8741504061512,48.5021070089464,1.));
#12206=CARTESIAN_POINT('Ctrl Pts',(46.7560279913982,48.5158894903002,0.));
#12207=CARTESIAN_POINT('Ctrl Pts',(46.7560279913982,48.5158894903002,1.));
#12208=CARTESIAN_POINT('',(47.6564372130474,48.4681402093707,0.));
#12209=CARTESIAN_POINT('Ctrl Pts',(47.6564372130474,48.4681402093707,0.));
#12210=CARTESIAN_POINT('Ctrl Pts',(47.474271157591,48.467794472182,0.));
#12211=CARTESIAN_POINT('Ctrl Pts',(47.1731236485296,48.4672229173283,0.));
#12212=CARTESIAN_POINT('Ctrl Pts',(46.8741504061512,48.5021070089464,0.));
#12213=CARTESIAN_POINT('Ctrl Pts',(46.7560279913982,48.5158894903002,0.));
#12214=CARTESIAN_POINT('',(47.6564372130474,48.4681402093707,1.));
#12215=CARTESIAN_POINT('',(47.6564372130474,48.4681402093707,0.));
#12216=CARTESIAN_POINT('Ctrl Pts',(47.6564372130474,48.4681402093707,1.));
#12217=CARTESIAN_POINT('Ctrl Pts',(47.474271157591,48.467794472182,1.));
#12218=CARTESIAN_POINT('Ctrl Pts',(47.1731236485296,48.4672229173283,1.));
#12219=CARTESIAN_POINT('Ctrl Pts',(46.8741504061512,48.5021070089464,1.));
#12220=CARTESIAN_POINT('Ctrl Pts',(46.7560279913982,48.5158894903002,1.));
#12221=CARTESIAN_POINT('Origin',(50.1462053307136,48.4681402093707,0.));
#12222=CARTESIAN_POINT('',(50.1462053307136,48.4681402093707,0.));
#12223=CARTESIAN_POINT('',(33.3348856428039,48.4681402093707,0.));
#12224=CARTESIAN_POINT('',(50.1462053307136,48.4681402093707,1.));
#12225=CARTESIAN_POINT('',(50.1462053307136,48.4681402093707,0.));
#12226=CARTESIAN_POINT('',(50.1462053307136,48.4681402093707,1.));
#12227=CARTESIAN_POINT('Origin',(50.1462053307136,51.9060669786273,0.));
#12228=CARTESIAN_POINT('',(50.1462053307136,44.4006435135122,0.));
#12229=CARTESIAN_POINT('',(50.1462053307136,51.9060669786273,1.));
#12230=CARTESIAN_POINT('Ctrl Pts',(46.0466147013744,47.451770151311,0.));
#12231=CARTESIAN_POINT('Ctrl Pts',(46.0466147013744,47.451770151311,1.));
#12232=CARTESIAN_POINT('Ctrl Pts',(46.2891873636315,47.4041158145745,0.));
#12233=CARTESIAN_POINT('Ctrl Pts',(46.2891873636315,47.4041158145745,1.));
#12234=CARTESIAN_POINT('Ctrl Pts',(46.8204672649804,47.2997438252309,0.));
#12235=CARTESIAN_POINT('Ctrl Pts',(46.8204672649804,47.2997438252309,1.));
#12236=CARTESIAN_POINT('Ctrl Pts',(47.3621026268484,47.2921729786934,0.));
#12237=CARTESIAN_POINT('Ctrl Pts',(47.3621026268484,47.2921729786934,1.));
#12238=CARTESIAN_POINT('Ctrl Pts',(47.6564372130474,47.288058841878,0.));
#12239=CARTESIAN_POINT('Ctrl Pts',(47.6564372130474,47.288058841878,1.));
#12240=CARTESIAN_POINT('',(46.0466147013744,47.451770151311,0.));
#12241=CARTESIAN_POINT('',(47.6564372130474,47.288058841878,0.));
#12242=CARTESIAN_POINT('Ctrl Pts',(46.0466147013744,47.451770151311,0.));
#12243=CARTESIAN_POINT('Ctrl Pts',(46.2891873636315,47.4041158145745,0.));
#12244=CARTESIAN_POINT('Ctrl Pts',(46.8204672649804,47.2997438252309,0.));
#12245=CARTESIAN_POINT('Ctrl Pts',(47.3621026268484,47.2921729786934,0.));
#12246=CARTESIAN_POINT('Ctrl Pts',(47.6564372130474,47.288058841878,0.));
#12247=CARTESIAN_POINT('',(46.0466147013744,47.451770151311,1.));
#12248=CARTESIAN_POINT('',(46.0466147013744,47.451770151311,0.));
#12249=CARTESIAN_POINT('',(47.6564372130474,47.288058841878,1.));
#12250=CARTESIAN_POINT('Ctrl Pts',(46.0466147013744,47.451770151311,1.));
#12251=CARTESIAN_POINT('Ctrl Pts',(46.2891873636315,47.4041158145745,1.));
#12252=CARTESIAN_POINT('Ctrl Pts',(46.8204672649804,47.2997438252309,1.));
#12253=CARTESIAN_POINT('Ctrl Pts',(47.3621026268484,47.2921729786934,1.));
#12254=CARTESIAN_POINT('Ctrl Pts',(47.6564372130474,47.288058841878,1.));
#12255=CARTESIAN_POINT('',(47.6564372130474,47.288058841878,0.));
#12256=CARTESIAN_POINT('Ctrl Pts',(44.9483883925518,47.9497228509722,0.));
#12257=CARTESIAN_POINT('Ctrl Pts',(44.9483883925518,47.9497228509722,1.));
#12258=CARTESIAN_POINT('Ctrl Pts',(45.109006412832,47.845701739797,0.));
#12259=CARTESIAN_POINT('Ctrl Pts',(45.109006412832,47.845701739797,1.));
#12260=CARTESIAN_POINT('Ctrl Pts',(45.4498734528042,47.6249458856342,0.));
#12261=CARTESIAN_POINT('Ctrl Pts',(45.4498734528042,47.6249458856342,1.));
#12262=CARTESIAN_POINT('Ctrl Pts',(45.840207658126,47.5116699678054,0.));
#12263=CARTESIAN_POINT('Ctrl Pts',(45.840207658126,47.5116699678054,1.));
#12264=CARTESIAN_POINT('Ctrl Pts',(46.0466147013744,47.451770151311,0.));
#12265=CARTESIAN_POINT('Ctrl Pts',(46.0466147013744,47.451770151311,1.));
#12266=CARTESIAN_POINT('',(44.9483883925518,47.9497228509722,0.));
#12267=CARTESIAN_POINT('Ctrl Pts',(44.9483883925518,47.9497228509722,0.));
#12268=CARTESIAN_POINT('Ctrl Pts',(45.109006412832,47.845701739797,0.));
#12269=CARTESIAN_POINT('Ctrl Pts',(45.4498734528042,47.6249458856342,0.));
#12270=CARTESIAN_POINT('Ctrl Pts',(45.840207658126,47.5116699678054,0.));
#12271=CARTESIAN_POINT('Ctrl Pts',(46.0466147013744,47.451770151311,0.));
#12272=CARTESIAN_POINT('',(44.9483883925518,47.9497228509722,1.));
#12273=CARTESIAN_POINT('',(44.9483883925518,47.9497228509722,0.));
#12274=CARTESIAN_POINT('Ctrl Pts',(44.9483883925518,47.9497228509722,1.));
#12275=CARTESIAN_POINT('Ctrl Pts',(45.109006412832,47.845701739797,1.));
#12276=CARTESIAN_POINT('Ctrl Pts',(45.4498734528042,47.6249458856342,1.));
#12277=CARTESIAN_POINT('Ctrl Pts',(45.840207658126,47.5116699678054,1.));
#12278=CARTESIAN_POINT('Ctrl Pts',(46.0466147013744,47.451770151311,1.));
#12279=CARTESIAN_POINT('Ctrl Pts',(44.2185110398373,48.8774178869067,0.));
#12280=CARTESIAN_POINT('Ctrl Pts',(44.2185110398373,48.8774178869067,1.));
#12281=CARTESIAN_POINT('Ctrl Pts',(44.3180369237444,48.691948563375,0.));
#12282=CARTESIAN_POINT('Ctrl Pts',(44.3180369237444,48.691948563375,1.));
#12283=CARTESIAN_POINT('Ctrl Pts',(44.5071478013938,48.3395350486875,0.));
#12284=CARTESIAN_POINT('Ctrl Pts',(44.5071478013938,48.3395350486875,1.));
#12285=CARTESIAN_POINT('Ctrl Pts',(44.8065544450293,48.075025472495,0.));
#12286=CARTESIAN_POINT('Ctrl Pts',(44.8065544450293,48.075025472495,1.));
#12287=CARTESIAN_POINT('Ctrl Pts',(44.9483883925518,47.9497228509722,0.));
#12288=CARTESIAN_POINT('Ctrl Pts',(44.9483883925518,47.9497228509722,1.));
#12289=CARTESIAN_POINT('',(44.2185110398373,48.8774178869067,0.));
#12290=CARTESIAN_POINT('Ctrl Pts',(44.2185110398373,48.8774178869067,0.));
#12291=CARTESIAN_POINT('Ctrl Pts',(44.3180369237444,48.691948563375,0.));
#12292=CARTESIAN_POINT('Ctrl Pts',(44.5071478013938,48.3395350486875,0.));
#12293=CARTESIAN_POINT('Ctrl Pts',(44.8065544450293,48.075025472495,0.));
#12294=CARTESIAN_POINT('Ctrl Pts',(44.9483883925518,47.9497228509722,0.));
#12295=CARTESIAN_POINT('',(44.2185110398373,48.8774178869067,1.));
#12296=CARTESIAN_POINT('',(44.2185110398373,48.8774178869067,0.));
#12297=CARTESIAN_POINT('Ctrl Pts',(44.2185110398373,48.8774178869067,1.));
#12298=CARTESIAN_POINT('Ctrl Pts',(44.3180369237444,48.691948563375,1.));
#12299=CARTESIAN_POINT('Ctrl Pts',(44.5071478013938,48.3395350486875,1.));
#12300=CARTESIAN_POINT('Ctrl Pts',(44.8065544450293,48.075025472495,1.));
#12301=CARTESIAN_POINT('Ctrl Pts',(44.9483883925518,47.9497228509722,1.));
#12302=CARTESIAN_POINT('Ctrl Pts',(43.9183742352566,50.187103593999,0.));
#12303=CARTESIAN_POINT('Ctrl Pts',(43.9183742352566,50.187103593999,1.));
#12304=CARTESIAN_POINT('Ctrl Pts',(43.9303945830075,49.957871856788,0.));
#12305=CARTESIAN_POINT('Ctrl Pts',(43.9303945830075,49.957871856788,1.));
#12306=CARTESIAN_POINT('Ctrl Pts',(43.9542075980272,49.50375031935,0.));
#12307=CARTESIAN_POINT('Ctrl Pts',(43.9542075980272,49.50375031935,1.));
#12308=CARTESIAN_POINT('Ctrl Pts',(44.1309732552218,49.08486033712,0.));
#12309=CARTESIAN_POINT('Ctrl Pts',(44.1309732552218,49.08486033712,1.));
#12310=CARTESIAN_POINT('Ctrl Pts',(44.2185110398373,48.8774178869067,0.));
#12311=CARTESIAN_POINT('Ctrl Pts',(44.2185110398373,48.8774178869067,1.));
#12312=CARTESIAN_POINT('',(43.9183742352566,50.187103593999,0.));
#12313=CARTESIAN_POINT('Ctrl Pts',(43.9183742352566,50.187103593999,0.));
#12314=CARTESIAN_POINT('Ctrl Pts',(43.9303945830075,49.957871856788,0.));
#12315=CARTESIAN_POINT('Ctrl Pts',(43.9542075980272,49.50375031935,0.));
#12316=CARTESIAN_POINT('Ctrl Pts',(44.1309732552218,49.08486033712,0.));
#12317=CARTESIAN_POINT('Ctrl Pts',(44.2185110398373,48.8774178869067,0.));
#12318=CARTESIAN_POINT('',(43.9183742352566,50.187103593999,1.));
#12319=CARTESIAN_POINT('',(43.9183742352566,50.187103593999,0.));
#12320=CARTESIAN_POINT('Ctrl Pts',(43.9183742352566,50.187103593999,1.));
#12321=CARTESIAN_POINT('Ctrl Pts',(43.9303945830075,49.957871856788,1.));
#12322=CARTESIAN_POINT('Ctrl Pts',(43.9542075980272,49.50375031935,1.));
#12323=CARTESIAN_POINT('Ctrl Pts',(44.1309732552218,49.08486033712,1.));
#12324=CARTESIAN_POINT('Ctrl Pts',(44.2185110398373,48.8774178869067,1.));
#12325=CARTESIAN_POINT('Ctrl Pts',(44.4095069714626,51.7014287359057,0.));
#12326=CARTESIAN_POINT('Ctrl Pts',(44.4095069714626,51.7014287359057,1.));
#12327=CARTESIAN_POINT('Ctrl Pts',(44.2662777626702,51.4750801542777,0.));
#12328=CARTESIAN_POINT('Ctrl Pts',(44.2662777626702,51.4750801542777,1.));
#12329=CARTESIAN_POINT('Ctrl Pts',(43.9736457963621,51.0126267827112,0.));
#12330=CARTESIAN_POINT('Ctrl Pts',(43.9736457963621,51.0126267827112,1.));
#12331=CARTESIAN_POINT('Ctrl Pts',(43.9370554003242,50.4661211329829,0.));
#12332=CARTESIAN_POINT('Ctrl Pts',(43.9370554003242,50.4661211329829,1.));
#12333=CARTESIAN_POINT('Ctrl Pts',(43.9183742352566,50.187103593999,0.));
#12334=CARTESIAN_POINT('Ctrl Pts',(43.9183742352566,50.187103593999,1.));
#12335=CARTESIAN_POINT('',(44.4095069714626,51.7014287359057,0.));
#12336=CARTESIAN_POINT('Ctrl Pts',(44.4095069714626,51.7014287359057,0.));
#12337=CARTESIAN_POINT('Ctrl Pts',(44.2662777626702,51.4750801542777,0.));
#12338=CARTESIAN_POINT('Ctrl Pts',(43.9736457963621,51.0126267827112,0.));
#12339=CARTESIAN_POINT('Ctrl Pts',(43.9370554003242,50.4661211329829,0.));
#12340=CARTESIAN_POINT('Ctrl Pts',(43.9183742352566,50.187103593999,0.));
#12341=CARTESIAN_POINT('',(44.4095069714626,51.7014287359057,1.));
#12342=CARTESIAN_POINT('',(44.4095069714626,51.7014287359057,0.));
#12343=CARTESIAN_POINT('Ctrl Pts',(44.4095069714626,51.7014287359057,1.));
#12344=CARTESIAN_POINT('Ctrl Pts',(44.2662777626702,51.4750801542777,1.));
#12345=CARTESIAN_POINT('Ctrl Pts',(43.9736457963621,51.0126267827112,1.));
#12346=CARTESIAN_POINT('Ctrl Pts',(43.9370554003242,50.4661211329829,1.));
#12347=CARTESIAN_POINT('Ctrl Pts',(43.9183742352566,50.187103593999,1.));
#12348=CARTESIAN_POINT('Ctrl Pts',(45.8010483332714,52.608659113103,0.));
#12349=CARTESIAN_POINT('Ctrl Pts',(45.8010483332714,52.608659113103,1.));
#12350=CARTESIAN_POINT('Ctrl Pts',(45.5201879645106,52.5093948923641,0.));
#12351=CARTESIAN_POINT('Ctrl Pts',(45.5201879645106,52.5093948923641,1.));
#12352=CARTESIAN_POINT('Ctrl Pts',(44.9820284071126,52.3191936570173,0.));
#12353=CARTESIAN_POINT('Ctrl Pts',(44.9820284071126,52.3191936570173,1.));
#12354=CARTESIAN_POINT('Ctrl Pts',(44.5946948289151,51.9012510570038,0.));
#12355=CARTESIAN_POINT('Ctrl Pts',(44.5946948289151,51.9012510570038,1.));
#12356=CARTESIAN_POINT('Ctrl Pts',(44.4095069714626,51.7014287359057,0.));
#12357=CARTESIAN_POINT('Ctrl Pts',(44.4095069714626,51.7014287359057,1.));
#12358=CARTESIAN_POINT('',(45.8010483332714,52.608659113103,0.));
#12359=CARTESIAN_POINT('Ctrl Pts',(45.8010483332714,52.608659113103,0.));
#12360=CARTESIAN_POINT('Ctrl Pts',(45.5201879645106,52.5093948923641,0.));
#12361=CARTESIAN_POINT('Ctrl Pts',(44.9820284071126,52.3191936570173,0.));
#12362=CARTESIAN_POINT('Ctrl Pts',(44.5946948289151,51.9012510570038,0.));
#12363=CARTESIAN_POINT('Ctrl Pts',(44.4095069714626,51.7014287359057,0.));
#12364=CARTESIAN_POINT('',(45.8010483332714,52.608659113103,1.));
#12365=CARTESIAN_POINT('',(45.8010483332714,52.608659113103,0.));
#12366=CARTESIAN_POINT('Ctrl Pts',(45.8010483332714,52.608659113103,1.));
#12367=CARTESIAN_POINT('Ctrl Pts',(45.5201879645106,52.5093948923641,1.));
#12368=CARTESIAN_POINT('Ctrl Pts',(44.9820284071126,52.3191936570173,1.));
#12369=CARTESIAN_POINT('Ctrl Pts',(44.5946948289151,51.9012510570038,1.));
#12370=CARTESIAN_POINT('Ctrl Pts',(44.4095069714626,51.7014287359057,1.));
#12371=CARTESIAN_POINT('Ctrl Pts',(44.7505707093319,53.5227112418948,0.));
#12372=CARTESIAN_POINT('Ctrl Pts',(44.7505707093319,53.5227112418948,1.));
#12373=CARTESIAN_POINT('Ctrl Pts',(44.8860589802528,53.3407939035642,0.));
#12374=CARTESIAN_POINT('Ctrl Pts',(44.8860589802528,53.3407939035642,1.));
#12375=CARTESIAN_POINT('Ctrl Pts',(45.1694305718525,52.9603166463674,0.));
#12376=CARTESIAN_POINT('Ctrl Pts',(45.1694305718525,52.9603166463674,1.));
#12377=CARTESIAN_POINT('Ctrl Pts',(45.5844577987664,52.7292473830107,0.));
#12378=CARTESIAN_POINT('Ctrl Pts',(45.5844577987664,52.7292473830107,1.));
#12379=CARTESIAN_POINT('Ctrl Pts',(45.8010483332714,52.608659113103,0.));
#12380=CARTESIAN_POINT('Ctrl Pts',(45.8010483332714,52.608659113103,1.));
#12381=CARTESIAN_POINT('',(44.7505707093319,53.5227112418948,0.));
#12382=CARTESIAN_POINT('Ctrl Pts',(44.7505707093319,53.5227112418948,0.));
#12383=CARTESIAN_POINT('Ctrl Pts',(44.8860589802528,53.3407939035642,0.));
#12384=CARTESIAN_POINT('Ctrl Pts',(45.1694305718525,52.9603166463674,0.));
#12385=CARTESIAN_POINT('Ctrl Pts',(45.5844577987664,52.7292473830107,0.));
#12386=CARTESIAN_POINT('Ctrl Pts',(45.8010483332714,52.608659113103,0.));
#12387=CARTESIAN_POINT('',(44.7505707093319,53.5227112418948,1.));
#12388=CARTESIAN_POINT('',(44.7505707093319,53.5227112418948,0.));
#12389=CARTESIAN_POINT('Ctrl Pts',(44.7505707093319,53.5227112418948,1.));
#12390=CARTESIAN_POINT('Ctrl Pts',(44.8860589802528,53.3407939035642,1.));
#12391=CARTESIAN_POINT('Ctrl Pts',(45.1694305718525,52.9603166463674,1.));
#12392=CARTESIAN_POINT('Ctrl Pts',(45.5844577987664,52.7292473830107,1.));
#12393=CARTESIAN_POINT('Ctrl Pts',(45.8010483332714,52.608659113103,1.));
#12394=CARTESIAN_POINT('Ctrl Pts',(44.4026858159145,54.7300778276263,0.));
#12395=CARTESIAN_POINT('Ctrl Pts',(44.4026858159145,54.7300778276263,1.));
#12396=CARTESIAN_POINT('Ctrl Pts',(44.4177213192699,54.5185964801849,0.));
#12397=CARTESIAN_POINT('Ctrl Pts',(44.4177213192699,54.5185964801849,1.));
#12398=CARTESIAN_POINT('Ctrl Pts',(44.4480791681777,54.0915992163971,0.));
#12399=CARTESIAN_POINT('Ctrl Pts',(44.4480791681777,54.0915992163971,1.));
#12400=CARTESIAN_POINT('Ctrl Pts',(44.6491070449363,53.7135313167417,0.));
#12401=CARTESIAN_POINT('Ctrl Pts',(44.6491070449363,53.7135313167417,1.));
#12402=CARTESIAN_POINT('Ctrl Pts',(44.7505707093319,53.5227112418948,0.));
#12403=CARTESIAN_POINT('Ctrl Pts',(44.7505707093319,53.5227112418948,1.));
#12404=CARTESIAN_POINT('',(44.4026858159145,54.7300778276263,0.));
#12405=CARTESIAN_POINT('Ctrl Pts',(44.4026858159145,54.7300778276263,0.));
#12406=CARTESIAN_POINT('Ctrl Pts',(44.4177213192699,54.5185964801849,0.));
#12407=CARTESIAN_POINT('Ctrl Pts',(44.4480791681777,54.0915992163971,0.));
#12408=CARTESIAN_POINT('Ctrl Pts',(44.6491070449363,53.7135313167417,0.));
#12409=CARTESIAN_POINT('Ctrl Pts',(44.7505707093319,53.5227112418948,0.));
#12410=CARTESIAN_POINT('',(44.4026858159145,54.7300778276263,1.));
#12411=CARTESIAN_POINT('',(44.4026858159145,54.7300778276263,0.));
#12412=CARTESIAN_POINT('Ctrl Pts',(44.4026858159145,54.7300778276263,1.));
#12413=CARTESIAN_POINT('Ctrl Pts',(44.4177213192699,54.5185964801849,1.));
#12414=CARTESIAN_POINT('Ctrl Pts',(44.4480791681777,54.0915992163971,1.));
#12415=CARTESIAN_POINT('Ctrl Pts',(44.6491070449363,53.7135313167417,1.));
#12416=CARTESIAN_POINT('Ctrl Pts',(44.7505707093319,53.5227112418948,1.));
#12417=CARTESIAN_POINT('Ctrl Pts',(44.7983199902614,56.0465852863131,0.));
#12418=CARTESIAN_POINT('Ctrl Pts',(44.7983199902614,56.0465852863131,1.));
#12419=CARTESIAN_POINT('Ctrl Pts',(44.6829396370546,55.8371827111515,0.));
#12420=CARTESIAN_POINT('Ctrl Pts',(44.6829396370546,55.8371827111515,1.));
#12421=CARTESIAN_POINT('Ctrl Pts',(44.4566197055407,55.4264370759353,0.));
#12422=CARTESIAN_POINT('Ctrl Pts',(44.4566197055407,55.4264370759353,1.));
#12423=CARTESIAN_POINT('Ctrl Pts',(44.420427059074,54.9591412019953,0.));
#12424=CARTESIAN_POINT('Ctrl Pts',(44.420427059074,54.9591412019953,1.));
#12425=CARTESIAN_POINT('Ctrl Pts',(44.4026858159145,54.7300778276263,0.));
#12426=CARTESIAN_POINT('Ctrl Pts',(44.4026858159145,54.7300778276263,1.));
#12427=CARTESIAN_POINT('',(44.7983199902614,56.0465852863131,0.));
#12428=CARTESIAN_POINT('Ctrl Pts',(44.7983199902614,56.0465852863131,0.));
#12429=CARTESIAN_POINT('Ctrl Pts',(44.6829396370546,55.8371827111515,0.));
#12430=CARTESIAN_POINT('Ctrl Pts',(44.4566197055407,55.4264370759353,0.));
#12431=CARTESIAN_POINT('Ctrl Pts',(44.420427059074,54.9591412019953,0.));
#12432=CARTESIAN_POINT('Ctrl Pts',(44.4026858159145,54.7300778276263,0.));
#12433=CARTESIAN_POINT('',(44.7983199902614,56.0465852863131,1.));
#12434=CARTESIAN_POINT('',(44.7983199902614,56.0465852863131,0.));
#12435=CARTESIAN_POINT('Ctrl Pts',(44.7983199902614,56.0465852863131,1.));
#12436=CARTESIAN_POINT('Ctrl Pts',(44.6829396370546,55.8371827111515,1.));
#12437=CARTESIAN_POINT('Ctrl Pts',(44.4566197055407,55.4264370759353,1.));
#12438=CARTESIAN_POINT('Ctrl Pts',(44.420427059074,54.9591412019953,1.));
#12439=CARTESIAN_POINT('Ctrl Pts',(44.4026858159145,54.7300778276263,1.));
#12440=CARTESIAN_POINT('Ctrl Pts',(45.8829039879879,56.9811014777956,0.));
#12441=CARTESIAN_POINT('Ctrl Pts',(45.8829039879879,56.9811014777956,1.));
#12442=CARTESIAN_POINT('Ctrl Pts',(45.6640912689224,56.867650961923,0.));
#12443=CARTESIAN_POINT('Ctrl Pts',(45.6640912689224,56.867650961923,1.));
#12444=CARTESIAN_POINT('Ctrl Pts',(45.2285971333142,56.6418549727534,0.));
#12445=CARTESIAN_POINT('Ctrl Pts',(45.2285971333142,56.6418549727534,1.));
#12446=CARTESIAN_POINT('Ctrl Pts',(44.9412769909572,56.2443600701998,0.));
#12447=CARTESIAN_POINT('Ctrl Pts',(44.9412769909572,56.2443600701998,1.));
#12448=CARTESIAN_POINT('Ctrl Pts',(44.7983199902614,56.0465852863131,0.));
#12449=CARTESIAN_POINT('Ctrl Pts',(44.7983199902614,56.0465852863131,1.));
#12450=CARTESIAN_POINT('',(45.8829039879879,56.9811014777956,0.));
#12451=CARTESIAN_POINT('Ctrl Pts',(45.8829039879879,56.9811014777956,0.));
#12452=CARTESIAN_POINT('Ctrl Pts',(45.6640912689224,56.867650961923,0.));
#12453=CARTESIAN_POINT('Ctrl Pts',(45.2285971333142,56.6418549727534,0.));
#12454=CARTESIAN_POINT('Ctrl Pts',(44.9412769909572,56.2443600701998,0.));
#12455=CARTESIAN_POINT('Ctrl Pts',(44.7983199902614,56.0465852863131,0.));
#12456=CARTESIAN_POINT('',(45.8829039879879,56.9811014777956,1.));
#12457=CARTESIAN_POINT('',(45.8829039879879,56.9811014777956,0.));
#12458=CARTESIAN_POINT('Ctrl Pts',(45.8829039879879,56.9811014777956,1.));
#12459=CARTESIAN_POINT('Ctrl Pts',(45.6640912689224,56.867650961923,1.));
#12460=CARTESIAN_POINT('Ctrl Pts',(45.2285971333142,56.6418549727534,1.));
#12461=CARTESIAN_POINT('Ctrl Pts',(44.9412769909572,56.2443600701998,1.));
#12462=CARTESIAN_POINT('Ctrl Pts',(44.7983199902614,56.0465852863131,1.));
#12463=CARTESIAN_POINT('Ctrl Pts',(47.7178288050732,57.288058841878,0.));
#12464=CARTESIAN_POINT('Ctrl Pts',(47.7178288050732,57.288058841878,1.));
#12465=CARTESIAN_POINT('Ctrl Pts',(47.3704930301337,57.2816861446987,0.));
#12466=CARTESIAN_POINT('Ctrl Pts',(47.3704930301337,57.2816861446987,1.));
#12467=CARTESIAN_POINT('Ctrl Pts',(46.7426387891437,57.2701666720754,0.));
#12468=CARTESIAN_POINT('Ctrl Pts',(46.7426387891437,57.2701666720754,1.));
#12469=CARTESIAN_POINT('Ctrl Pts',(46.1484023740151,57.070368938453,0.));
#12470=CARTESIAN_POINT('Ctrl Pts',(46.1484023740151,57.070368938453,1.));
#12471=CARTESIAN_POINT('Ctrl Pts',(45.8829039879879,56.9811014777956,0.));
#12472=CARTESIAN_POINT('Ctrl Pts',(45.8829039879879,56.9811014777956,1.));
#12473=CARTESIAN_POINT('',(47.7178288050732,57.288058841878,0.));
#12474=CARTESIAN_POINT('Ctrl Pts',(47.7178288050732,57.288058841878,0.));
#12475=CARTESIAN_POINT('Ctrl Pts',(47.3704930301337,57.2816861446987,0.));
#12476=CARTESIAN_POINT('Ctrl Pts',(46.7426387891437,57.2701666720754,0.));
#12477=CARTESIAN_POINT('Ctrl Pts',(46.1484023740151,57.070368938453,0.));
#12478=CARTESIAN_POINT('Ctrl Pts',(45.8829039879879,56.9811014777956,0.));
#12479=CARTESIAN_POINT('',(47.7178288050732,57.288058841878,1.));
#12480=CARTESIAN_POINT('',(47.7178288050732,57.288058841878,0.));
#12481=CARTESIAN_POINT('Ctrl Pts',(47.7178288050732,57.288058841878,1.));
#12482=CARTESIAN_POINT('Ctrl Pts',(47.3704930301337,57.2816861446987,1.));
#12483=CARTESIAN_POINT('Ctrl Pts',(46.7426387891437,57.2701666720754,1.));
#12484=CARTESIAN_POINT('Ctrl Pts',(46.1484023740151,57.070368938453,1.));
#12485=CARTESIAN_POINT('Ctrl Pts',(45.8829039879879,56.9811014777956,1.));
#12486=CARTESIAN_POINT('Origin',(51.469534168466,57.288058841878,0.));
#12487=CARTESIAN_POINT('',(51.469534168466,57.288058841878,0.));
#12488=CARTESIAN_POINT('',(33.9965500616801,57.288058841878,0.));
#12489=CARTESIAN_POINT('',(51.469534168466,57.288058841878,1.));
#12490=CARTESIAN_POINT('',(51.469534168466,57.288058841878,0.));
#12491=CARTESIAN_POINT('',(51.469534168466,57.288058841878,1.));
#12492=CARTESIAN_POINT('Origin',(51.469534168466,47.288058841878,0.));
#12493=CARTESIAN_POINT('',(51.469534168466,47.288058841878,0.));
#12494=CARTESIAN_POINT('',(51.469534168466,42.0916394451376,0.));
#12495=CARTESIAN_POINT('',(51.469534168466,47.288058841878,1.));
#12496=CARTESIAN_POINT('',(51.469534168466,47.288058841878,0.));
#12497=CARTESIAN_POINT('',(51.469534168466,47.288058841878,1.));
#12498=CARTESIAN_POINT('Origin',(47.6564372130474,47.288058841878,0.));
#12499=CARTESIAN_POINT('',(32.0900015839708,47.288058841878,0.));
#12500=CARTESIAN_POINT('',(47.6564372130474,47.288058841878,1.));
#12501=CARTESIAN_POINT('Origin',(32.833790274783,36.599108422452,1.));
#12502=CARTESIAN_POINT('Origin',(16.5235659548942,36.8952200483971,0.));
#12503=CARTESIAN_POINT('',(-19.4329340451058,88.0058200483971,0.));
#12504=CARTESIAN_POINT('',(-24.4329340451058,83.0058200483971,0.));
#12505=CARTESIAN_POINT('Origin',(-19.4329340451058,83.0058200483971,0.));
#12506=CARTESIAN_POINT('',(52.4800659548942,88.0058200483971,0.));
#12507=CARTESIAN_POINT('',(57.4800659548942,88.0058200483971,0.));
#12508=CARTESIAN_POINT('',(57.4800659548942,83.0058200483971,0.));
#12509=CARTESIAN_POINT('Origin',(52.4800659548942,83.0058200483971,0.));
#12510=CARTESIAN_POINT('',(57.4800659548942,-9.21537995160288,0.));
#12511=CARTESIAN_POINT('',(57.4800659548942,-14.2153799516029,0.));
#12512=CARTESIAN_POINT('',(52.4800659548942,-14.2153799516029,0.));
#12513=CARTESIAN_POINT('Origin',(52.4800659548942,-9.21537995160288,0.));
#12514=CARTESIAN_POINT('',(-19.4329340451058,-14.2153799516029,0.));
#12515=CARTESIAN_POINT('',(-24.4329340451058,-14.2153799516029,0.));
#12516=CARTESIAN_POINT('',(-24.4329340451058,-9.21537995160287,0.));
#12517=CARTESIAN_POINT('Origin',(-19.4329340451058,-9.21537995160287,0.));
#12518=CARTESIAN_POINT('',(-24.4329340451058,88.0058200483971,0.));
#12519=CARTESIAN_POINT('',(-22.4329340451058,83.0058200483971,0.));
#12520=CARTESIAN_POINT('Origin',(-19.4329340451058,83.0058200483971,0.));
#12521=CARTESIAN_POINT('',(-22.4329340451058,-9.21537995160287,0.));
#12522=CARTESIAN_POINT('Origin',(-19.4329340451058,-9.21537995160287,0.));
#12523=CARTESIAN_POINT('',(49.4800659548942,-9.21537995160288,0.));
#12524=CARTESIAN_POINT('Origin',(52.4800659548942,-9.21537995160288,0.));
#12525=CARTESIAN_POINT('',(49.4800659548942,83.0058200483971,0.));
#12526=CARTESIAN_POINT('Origin',(52.4800659548942,83.0058200483971,0.));
#12527=CARTESIAN_POINT('Origin',(16.5235659548942,36.8952200483971,0.));
#12528=CARTESIAN_POINT('Origin',(16.5235659548942,36.8952200483971,0.));
#12529=CARTESIAN_POINT('Origin',(16.5235659548942,36.8952200483971,0.));
#12530=CARTESIAN_POINT('Origin',(16.5235659548942,36.8952200483971,0.));
#12531=CARTESIAN_POINT('Origin',(16.5235659548942,36.8952200483971,0.));
#12532=CARTESIAN_POINT('Origin',(16.5235659548942,36.8952200483971,0.));
#12533=CARTESIAN_POINT('Origin',(16.5235659548942,36.8952200483971,0.));
#12534=CARTESIAN_POINT('Origin',(-19.4329340451058,83.0058200483971,0.));
#12535=CARTESIAN_POINT('',(-24.4329340451058,83.0058200483971,13.));
#12536=CARTESIAN_POINT('',(-19.4329340451058,88.0058200483971,13.));
#12537=CARTESIAN_POINT('Origin',(-19.4329340451058,83.0058200483971,13.));
#12538=CARTESIAN_POINT('',(-19.4329340451058,88.0058200483971,0.));
#12539=CARTESIAN_POINT('',(-24.4329340451058,83.0058200483971,0.));
#12540=CARTESIAN_POINT('Origin',(57.4800659548942,88.0058200483971,0.));
#12541=CARTESIAN_POINT('',(7.12706595489424,88.0058200483971,13.));
#12542=CARTESIAN_POINT('',(57.4800659548942,88.0058200483971,13.));
#12543=CARTESIAN_POINT('',(7.12706595489424,88.0058200483971,5.5));
#12544=CARTESIAN_POINT('',(7.12706595489425,88.0058200483971,6.5));
#12545=CARTESIAN_POINT('',(25.6270659548942,88.0058200483971,5.5));
#12546=CARTESIAN_POINT('',(36.9285659548942,88.0058200483971,5.5));
#12547=CARTESIAN_POINT('',(25.6270659548942,88.0058200483971,13.));
#12548=CARTESIAN_POINT('',(25.6270659548942,88.0058200483971,6.5));
#12549=CARTESIAN_POINT('',(52.4800659548942,88.0058200483971,13.));
#12550=CARTESIAN_POINT('',(57.4800659548942,88.0058200483971,13.));
#12551=CARTESIAN_POINT('',(52.4800659548942,88.0058200483971,0.));
#12552=CARTESIAN_POINT('Origin',(-19.4329340451058,83.0058200483971,13.));
#12553=CARTESIAN_POINT('',(-24.4329340451058,-9.21537995160287,13.));
#12554=CARTESIAN_POINT('',(-24.4329340451058,88.0058200483971,13.));
#12555=CARTESIAN_POINT('',(-19.4329340451058,-14.2153799516029,13.));
#12556=CARTESIAN_POINT('Origin',(-19.4329340451058,-9.21537995160287,13.));
#12557=CARTESIAN_POINT('',(52.4800659548942,-14.2153799516029,13.));
#12558=CARTESIAN_POINT('',(-24.4329340451058,-14.2153799516029,13.));
#12559=CARTESIAN_POINT('',(57.4800659548942,-9.21537995160288,13.));
#12560=CARTESIAN_POINT('Origin',(52.4800659548942,-9.21537995160288,13.));
#12561=CARTESIAN_POINT('',(57.4800659548942,83.0058200483971,13.));
#12562=CARTESIAN_POINT('',(57.4800659548942,-14.2153799516029,13.));
#12563=CARTESIAN_POINT('Origin',(52.4800659548942,83.0058200483971,13.));
#12564=CARTESIAN_POINT('',(25.6270659548942,78.5058200483971,13.));
#12565=CARTESIAN_POINT('',(25.6270659548942,85.5058200483971,13.));
#12566=CARTESIAN_POINT('',(47.9800659548942,78.5058200483971,13.));
#12567=CARTESIAN_POINT('',(47.9800659548942,78.5058200483971,13.));
#12568=CARTESIAN_POINT('',(47.9800659548942,-4.71537995160286,13.));
#12569=CARTESIAN_POINT('',(47.9800659548942,-4.71537995160286,13.));
#12570=CARTESIAN_POINT('',(-14.9329340451058,-4.71537995160286,13.));
#12571=CARTESIAN_POINT('',(-14.9329340451058,-4.71537995160286,13.));
#12572=CARTESIAN_POINT('',(-14.9329340451058,78.5058200483971,13.));
#12573=CARTESIAN_POINT('',(-14.9329340451058,78.5058200483971,13.));
#12574=CARTESIAN_POINT('',(7.12706595489424,78.5058200483971,13.));
#12575=CARTESIAN_POINT('',(47.9800659548942,78.5058200483971,13.));
#12576=CARTESIAN_POINT('',(7.12706595489424,80.7558200483971,13.));
#12577=CARTESIAN_POINT('',(-21.1329340451058,83.0058200483971,13.));
#12578=CARTESIAN_POINT('Origin',(-19.4329340451058,83.0058200483971,13.));
#12579=CARTESIAN_POINT('',(50.7800659548942,-9.21537995160288,13.));
#12580=CARTESIAN_POINT('Origin',(52.4800659548942,-9.21537995160288,13.));
#12581=CARTESIAN_POINT('',(-21.1329340451058,-9.21537995160287,13.));
#12582=CARTESIAN_POINT('Origin',(-19.4329340451058,-9.21537995160287,13.));
#12583=CARTESIAN_POINT('',(50.7800659548942,83.0058200483971,13.));
#12584=CARTESIAN_POINT('Origin',(52.4800659548942,83.0058200483971,13.));
#12585=CARTESIAN_POINT('Origin',(52.4800659548942,83.0058200483971,0.));
#12586=CARTESIAN_POINT('',(57.4800659548942,83.0058200483971,0.));
#12587=CARTESIAN_POINT('Origin',(57.4800659548942,-14.2153799516029,0.));
#12588=CARTESIAN_POINT('',(57.4800659548942,-9.21537995160288,0.));
#12589=CARTESIAN_POINT('Origin',(52.4800659548942,-9.21537995160288,0.));
#12590=CARTESIAN_POINT('',(52.4800659548942,-14.2153799516029,0.));
#12591=CARTESIAN_POINT('Origin',(-24.4329340451058,-14.2153799516029,0.));
#12592=CARTESIAN_POINT('',(-19.4329340451058,-14.2153799516029,0.));
#12593=CARTESIAN_POINT('Origin',(-19.4329340451058,-9.21537995160287,0.));
#12594=CARTESIAN_POINT('',(-24.4329340451058,-9.21537995160287,0.));
#12595=CARTESIAN_POINT('Origin',(-24.4329340451058,88.0058200483971,0.));
#12596=CARTESIAN_POINT('Origin',(25.6270659548942,88.0058200483971,13.));
#12597=CARTESIAN_POINT('',(25.6270659548942,78.5058200483971,5.5));
#12598=CARTESIAN_POINT('',(25.6270659548942,88.0058200483971,5.5));
#12599=CARTESIAN_POINT('',(25.6270659548942,78.5058200483971,6.5));
#12600=CARTESIAN_POINT('Origin',(7.12706595489424,78.5058200483971,13.));
#12601=CARTESIAN_POINT('',(7.12706595489424,78.5058200483971,5.5));
#12602=CARTESIAN_POINT('',(7.12706595489424,78.5058200483971,6.5));
#12603=CARTESIAN_POINT('',(7.12706595489424,78.5058200483971,5.5));
#12604=CARTESIAN_POINT('Origin',(16.3770659548942,83.2558200483971,5.5));
#12605=CARTESIAN_POINT('',(0.722065954894243,78.5058200483971,5.5));
#12606=CARTESIAN_POINT('Origin',(-14.9329340451058,78.5058200483971,0.));
#12607=CARTESIAN_POINT('',(-14.9329340451058,78.5058200483971,3.));
#12608=CARTESIAN_POINT('',(-14.9329340451058,78.5058200483971,0.));
#12609=CARTESIAN_POINT('',(47.9800659548942,78.5058200483971,3.));
#12610=CARTESIAN_POINT('',(0.795315954894242,78.5058200483971,3.));
#12611=CARTESIAN_POINT('',(47.9800659548942,78.5058200483971,0.));
#12612=CARTESIAN_POINT('Origin',(16.5235659548942,36.8952200483971,3.));
#12613=CARTESIAN_POINT('',(-14.9329340451058,-4.71537995160286,3.));
#12614=CARTESIAN_POINT('',(-14.9329340451058,16.0899200483971,3.));
#12615=CARTESIAN_POINT('',(47.9800659548942,-4.71537995160286,3.));
#12616=CARTESIAN_POINT('',(32.2518159548942,-4.71537995160286,3.));
#12617=CARTESIAN_POINT('',(47.9800659548942,57.7005200483971,3.));
#12618=CARTESIAN_POINT('Origin',(47.9800659548942,78.5058200483971,0.));
#12619=CARTESIAN_POINT('',(47.9800659548942,-4.71537995160286,0.));
#12620=CARTESIAN_POINT('Origin',(47.9800659548942,-4.71537995160286,0.));
#12621=CARTESIAN_POINT('',(-14.9329340451058,-4.71537995160286,0.));
#12622=CARTESIAN_POINT('Origin',(-19.4329340451058,83.0058200483971,0.));
#12623=CARTESIAN_POINT('',(-22.4329340451058,83.0058200483971,3.1));
#12624=CARTESIAN_POINT('Origin',(-19.4329340451058,83.0058200483971,3.1));
#12625=CARTESIAN_POINT('',(-22.4329340451058,83.0058200483971,0.));
#12626=CARTESIAN_POINT('Origin',(52.4800659548942,83.0058200483971,0.));
#12627=CARTESIAN_POINT('',(49.4800659548942,83.0058200483971,3.1));
#12628=CARTESIAN_POINT('Origin',(52.4800659548942,83.0058200483971,3.1));
#12629=CARTESIAN_POINT('',(49.4800659548942,83.0058200483971,0.));
#12630=CARTESIAN_POINT('Origin',(52.4800659548942,-9.21537995160288,0.));
#12631=CARTESIAN_POINT('',(49.4800659548942,-9.21537995160288,3.1));
#12632=CARTESIAN_POINT('Origin',(52.4800659548942,-9.21537995160288,3.1));
#12633=CARTESIAN_POINT('',(49.4800659548942,-9.21537995160288,0.));
#12634=CARTESIAN_POINT('Origin',(-19.4329340451058,-9.21537995160287,0.));
#12635=CARTESIAN_POINT('',(-22.4329340451058,-9.21537995160287,3.1));
#12636=CARTESIAN_POINT('Origin',(-19.4329340451058,-9.21537995160287,3.1));
#12637=CARTESIAN_POINT('',(-22.4329340451058,-9.21537995160287,0.));
#12638=CARTESIAN_POINT('Origin',(-14.9329340451058,-4.71537995160286,0.));
#12639=CARTESIAN_POINT('Origin',(16.5235659548942,36.8952200483971,0.));
#12640=CARTESIAN_POINT('Origin',(-19.4329340451058,-9.21537995160287,3.1));
#12641=CARTESIAN_POINT('',(-21.1329340451058,-9.21537995160287,3.1));
#12642=CARTESIAN_POINT('',(-21.1329340451058,-9.21537995160287,3.1));
#12643=CARTESIAN_POINT('Origin',(-19.4329340451058,-9.21537995160287,3.1));
#12644=CARTESIAN_POINT('Origin',(-19.4329340451058,-9.21537995160287,3.1));
#12645=CARTESIAN_POINT('Origin',(52.4800659548942,-9.21537995160288,3.1));
#12646=CARTESIAN_POINT('',(50.7800659548942,-9.21537995160288,3.1));
#12647=CARTESIAN_POINT('',(50.7800659548942,-9.21537995160288,3.1));
#12648=CARTESIAN_POINT('Origin',(52.4800659548942,-9.21537995160288,3.1));
#12649=CARTESIAN_POINT('Origin',(52.4800659548942,-9.21537995160288,3.1));
#12650=CARTESIAN_POINT('Origin',(52.4800659548942,83.0058200483971,3.1));
#12651=CARTESIAN_POINT('',(50.7800659548942,83.0058200483971,3.1));
#12652=CARTESIAN_POINT('',(50.7800659548942,83.0058200483971,3.1));
#12653=CARTESIAN_POINT('Origin',(52.4800659548942,83.0058200483971,3.1));
#12654=CARTESIAN_POINT('Origin',(52.4800659548942,83.0058200483971,3.1));
#12655=CARTESIAN_POINT('Origin',(-19.4329340451058,83.0058200483971,3.1));
#12656=CARTESIAN_POINT('',(-21.1329340451058,83.0058200483971,3.1));
#12657=CARTESIAN_POINT('',(-21.1329340451058,83.0058200483971,3.1));
#12658=CARTESIAN_POINT('Origin',(-19.4329340451058,83.0058200483971,3.1));
#12659=CARTESIAN_POINT('Origin',(-19.4329340451058,83.0058200483971,3.1));
#12660=CARTESIAN_POINT('',(0.,0.,0.));
#12661=UNCERTAINTY_MEASURE_WITH_UNIT(LENGTH_MEASURE(0.01),#12667,
'DISTANCE_ACCURACY_VALUE',
'Maximum model space distance between geometric entities at asserted c
onnectivities');
#12662=UNCERTAINTY_MEASURE_WITH_UNIT(LENGTH_MEASURE(0.01),#12667,
'DISTANCE_ACCURACY_VALUE',
'Maximum model space distance between geometric entities at asserted c
onnectivities');
#12663=UNCERTAINTY_MEASURE_WITH_UNIT(LENGTH_MEASURE(0.01),#12667,
'DISTANCE_ACCURACY_VALUE',
'Maximum model space distance between geometric entities at asserted c
onnectivities');
#12664=(
GEOMETRIC_REPRESENTATION_CONTEXT(3)
GLOBAL_UNCERTAINTY_ASSIGNED_CONTEXT((#12661))
GLOBAL_UNIT_ASSIGNED_CONTEXT((#12667,#12669,#12670))
REPRESENTATION_CONTEXT('','3D')
);
#12665=(
GEOMETRIC_REPRESENTATION_CONTEXT(3)
GLOBAL_UNCERTAINTY_ASSIGNED_CONTEXT((#12662))
GLOBAL_UNIT_ASSIGNED_CONTEXT((#12667,#12669,#12670))
REPRESENTATION_CONTEXT('','3D')
);
#12666=(
GEOMETRIC_REPRESENTATION_CONTEXT(3)
GLOBAL_UNCERTAINTY_ASSIGNED_CONTEXT((#12663))
GLOBAL_UNIT_ASSIGNED_CONTEXT((#12667,#12669,#12670))
REPRESENTATION_CONTEXT('','3D')
);
#12667=(
LENGTH_UNIT()
NAMED_UNIT(*)
SI_UNIT(.MILLI.,.METRE.)
);
#12668=(
LENGTH_UNIT()
NAMED_UNIT(*)
SI_UNIT($,.METRE.)
);
#12669=(
NAMED_UNIT(*)
PLANE_ANGLE_UNIT()
SI_UNIT($,.RADIAN.)
);
#12670=(
NAMED_UNIT(*)
SI_UNIT($,.STERADIAN.)
SOLID_ANGLE_UNIT()
);
#12671=SHAPE_DEFINITION_REPRESENTATION(#12673,#12676);
#12672=SHAPE_DEFINITION_REPRESENTATION(#12674,#12677);
#12673=PRODUCT_DEFINITION_SHAPE('',$,#12679);
#12674=PRODUCT_DEFINITION_SHAPE('',$,#12680);
#12675=PRODUCT_DEFINITION_SHAPE($,$,#14);
#12676=SHAPE_REPRESENTATION('',(#6185,#6325),#12664);
#12677=SHAPE_REPRESENTATION('',(#6186),#12665);
#12678=PRODUCT_DEFINITION_CONTEXT('part definition',#12686,'design');
#12679=PRODUCT_DEFINITION('BensMacroPad','BensMacroPad v6',#12681,#12678);
#12680=PRODUCT_DEFINITION('Bens MacroPad','Bens MacroPad',#12682,#12678);
#12681=PRODUCT_DEFINITION_FORMATION('',$,#12688);
#12682=PRODUCT_DEFINITION_FORMATION('',$,#12689);
#12683=PRODUCT_RELATED_PRODUCT_CATEGORY('BensMacroPad v6',
'BensMacroPad v6',(#12688));
#12684=PRODUCT_RELATED_PRODUCT_CATEGORY('Bens MacroPad','Bens MacroPad',
(#12689));
#12685=APPLICATION_PROTOCOL_DEFINITION('international standard',
'automotive_design',2009,#12686);
#12686=APPLICATION_CONTEXT(
'Core Data for Automotive Mechanical Design Process');
#12687=PRODUCT_CONTEXT('part definition',#12686,'mechanical');
#12688=PRODUCT('BensMacroPad','BensMacroPad v6',$,(#12687));
#12689=PRODUCT('Bens MacroPad','Bens MacroPad',$,(#12687));
#12690=PRESENTATION_STYLE_ASSIGNMENT((#12691));
#12691=SURFACE_STYLE_USAGE(.BOTH.,#12692);
#12692=SURFACE_SIDE_STYLE('',(#12693));
#12693=SURFACE_STYLE_FILL_AREA(#12694);
#12694=FILL_AREA_STYLE('Steel - Satin',(#12695));
#12695=FILL_AREA_STYLE_COLOUR('Steel - Satin',#12696);
#12696=COLOUR_RGB('Steel - Satin',0.627450980392157,0.627450980392157,0.627450980392157);
ENDSEC;
END-ISO-10303-21;
